figure,model,protocol,metric,source,count,n,rate
strict,Eagg6100,S2,success,0,128,128,1.0
strict,Eagg6100,S2,success,1,127,128,0.9921875
strict,Eagg6100,S2,success,2,127,128,0.9921875
strict,Eagg6100,S2,success,3,111,128,0.8671875
strict,Ereplay6500,S2,success,0,127,128,0.9921875
strict,Ereplay6500,S2,success,1,128,128,1.0
strict,Ereplay6500,S2,success,2,124,128,0.96875
strict,Ereplay6500,S2,success,3,102,128,0.796875
strict,E500,S2,success,0,127,128,0.9921875
strict,E500,S2,success,1,128,128,1.0
strict,E500,S2,success,2,128,128,1.0
strict,E500,S2,success,3,48,128,0.375
strict,M300,S2,success,0,127,128,0.9921875
strict,M300,S2,success,1,128,128,1.0
strict,M300,S2,success,2,127,128,0.9921875
strict,M300,S2,success,3,47,128,0.3671875
strict,rl3000,S2,success,0,0,128,0.0
strict,rl3000,S2,success,1,0,128,0.0
strict,rl3000,S2,success,2,0,128,0.0
strict,rl3000,S2,success,3,0,128,0.0
strict,rlhold1500,S2,success,0,0,128,0.0
strict,rlhold1500,S2,success,1,0,128,0.0
strict,rlhold1500,S2,success,2,0,128,0.0
strict,rlhold1500,S2,success,3,5,128,0.0390625
strict,rlclean2000,S2,success,0,0,128,0.0
strict,rlclean2000,S2,success,1,0,128,0.0
strict,rlclean2000,S2,success,2,0,128,0.0
strict,rlclean2000,S2,success,3,0,128,0.0
strict,M4100,S2,success,0,127,128,0.9921875
strict,M4100,S2,success,1,127,128,0.9921875
strict,M4100,S2,success,2,126,128,0.984375
strict,M4100,S2,success,3,36,128,0.28125
strict,E4100,S2,success,0,128,128,1.0
strict,E4100,S2,success,1,128,128,1.0
strict,E4100,S2,success,2,127,128,0.9921875
strict,E4100,S2,success,3,90,128,0.703125
strict,E5700,S2,success,0,127,128,0.9921875
strict,E5700,S2,success,1,128,128,1.0
strict,E5700,S2,success,2,127,128,0.9921875
strict,E5700,S2,success,3,85,128,0.6640625
strict,rl4000,S2,success,0,0,128,0.0
strict,rl4000,S2,success,1,0,128,0.0
strict,rl4000,S2,success,2,0,128,0.0
strict,rl4000,S2,success,3,0,128,0.0
strict,rlhold2000,S2,success,0,49,128,0.3828125
strict,rlhold2000,S2,success,1,0,128,0.0
strict,rlhold2000,S2,success,2,0,128,0.0
strict,rlhold2000,S2,success,3,0,128,0.0
strict,Eagg6500,S2,success,0,128,128,1.0
strict,Eagg6500,S2,success,1,127,128,0.9921875
strict,Eagg6500,S2,success,2,128,128,1.0
strict,Eagg6500,S2,success,3,110,128,0.859375
strict,bc100,S2,success,0,128,128,1.0
strict,bc100,S2,success,1,128,128,1.0
strict,bc100,S2,success,2,123,128,0.9609375
strict,bc100,S2,success,3,2,128,0.015625
strict,rl1000,S2,success,0,0,128,0.0
strict,rl1000,S2,success,1,0,128,0.0
strict,rl1000,S2,success,2,0,128,0.0
strict,rl1000,S2,success,3,0,128,0.0
strict,seed2Eagg6100,S2,success,0,128,128,1.0
strict,seed2Eagg6100,S2,success,1,128,128,1.0
strict,seed2Eagg6100,S2,success,2,126,128,0.984375
strict,seed2Eagg6100,S2,success,3,109,128,0.8515625
strict,historical,S2,success,0,127,128,0.9921875
strict,historical,S2,success,1,128,128,1.0
strict,historical,S2,success,2,127,128,0.9921875
strict,historical,S2,success,3,0,128,0.0
strict,source3,S2,success,0,0,128,0.0
strict,source3,S2,success,1,0,128,0.0
strict,source3,S2,success,2,0,128,0.0
strict,source3,S2,success,3,109,128,0.8515625
strict,Eagg6100,S5,success,0,123,128,0.9609375
strict,Eagg6100,S5,success,1,128,128,1.0
strict,Eagg6100,S5,success,2,128,128,1.0
strict,Eagg6100,S5,success,3,110,128,0.859375
strict,Ereplay6500,S5,success,0,123,128,0.9609375
strict,Ereplay6500,S5,success,1,128,128,1.0
strict,Ereplay6500,S5,success,2,128,128,1.0
strict,Ereplay6500,S5,success,3,87,128,0.6796875
strict,E500,S5,success,0,123,128,0.9609375
strict,E500,S5,success,1,128,128,1.0
strict,E500,S5,success,2,128,128,1.0
strict,E500,S5,success,3,46,128,0.359375
strict,M300,S5,success,0,126,128,0.984375
strict,M300,S5,success,1,128,128,1.0
strict,M300,S5,success,2,128,128,1.0
strict,M300,S5,success,3,34,128,0.265625
strict,rl3000,S5,success,0,0,128,0.0
strict,rl3000,S5,success,1,0,128,0.0
strict,rl3000,S5,success,2,0,128,0.0
strict,rl3000,S5,success,3,0,128,0.0
strict,rlhold1500,S5,success,0,0,128,0.0
strict,rlhold1500,S5,success,1,36,128,0.28125
strict,rlhold1500,S5,success,2,0,128,0.0
strict,rlhold1500,S5,success,3,0,128,0.0
strict,rlclean2000,S5,success,0,0,128,0.0
strict,rlclean2000,S5,success,1,0,128,0.0
strict,rlclean2000,S5,success,2,0,128,0.0
strict,rlclean2000,S5,success,3,0,128,0.0
strict,M4100,S5,success,0,124,128,0.96875
strict,M4100,S5,success,1,128,128,1.0
strict,M4100,S5,success,2,127,128,0.9921875
strict,M4100,S5,success,3,32,128,0.25
strict,E4100,S5,success,0,124,128,0.96875
strict,E4100,S5,success,1,128,128,1.0
strict,E4100,S5,success,2,128,128,1.0
strict,E4100,S5,success,3,46,128,0.359375
strict,E5700,S5,success,0,122,128,0.953125
strict,E5700,S5,success,1,128,128,1.0
strict,E5700,S5,success,2,127,128,0.9921875
strict,E5700,S5,success,3,32,128,0.25
strict,rl4000,S5,success,0,0,128,0.0
strict,rl4000,S5,success,1,0,128,0.0
strict,rl4000,S5,success,2,0,128,0.0
strict,rl4000,S5,success,3,0,128,0.0
strict,rlhold2000,S5,success,0,0,128,0.0
strict,rlhold2000,S5,success,1,0,128,0.0
strict,rlhold2000,S5,success,2,0,128,0.0
strict,rlhold2000,S5,success,3,0,128,0.0
strict,Eagg6500,S5,success,0,126,128,0.984375
strict,Eagg6500,S5,success,1,128,128,1.0
strict,Eagg6500,S5,success,2,128,128,1.0
strict,Eagg6500,S5,success,3,107,128,0.8359375
strict,bc100,S5,success,0,128,128,1.0
strict,bc100,S5,success,1,128,128,1.0
strict,bc100,S5,success,2,127,128,0.9921875
strict,bc100,S5,success,3,10,128,0.078125
strict,rl1000,S5,success,0,0,128,0.0
strict,rl1000,S5,success,1,0,128,0.0
strict,rl1000,S5,success,2,0,128,0.0
strict,rl1000,S5,success,3,0,128,0.0
strict,seed2Eagg6100,S5,success,0,123,128,0.9609375
strict,seed2Eagg6100,S5,success,1,128,128,1.0
strict,seed2Eagg6100,S5,success,2,128,128,1.0
strict,seed2Eagg6100,S5,success,3,122,128,0.953125
strict,historical,S5,success,0,124,128,0.96875
strict,historical,S5,success,1,128,128,1.0
strict,historical,S5,success,2,128,128,1.0
strict,historical,S5,success,3,0,128,0.0
strict,source3,S5,success,0,0,128,0.0
strict,source3,S5,success,1,0,128,0.0
strict,source3,S5,success,2,0,128,0.0
strict,source3,S5,success,3,122,128,0.953125
body,Eagg6100,S2,body_stable,0,128,128,1.0
body,Eagg6100,S2,body_stable,1,127,128,0.9921875
body,Eagg6100,S2,body_stable,2,127,128,0.9921875
body,Eagg6100,S2,body_stable,3,126,128,0.984375
body,Ereplay6500,S2,body_stable,0,127,128,0.9921875
body,Ereplay6500,S2,body_stable,1,128,128,1.0
body,Ereplay6500,S2,body_stable,2,126,128,0.984375
body,Ereplay6500,S2,body_stable,3,126,128,0.984375
body,E500,S2,body_stable,0,127,128,0.9921875
body,E500,S2,body_stable,1,128,128,1.0
body,E500,S2,body_stable,2,128,128,1.0
body,E500,S2,body_stable,3,103,128,0.8046875
body,M300,S2,body_stable,0,127,128,0.9921875
body,M300,S2,body_stable,1,128,128,1.0
body,M300,S2,body_stable,2,127,128,0.9921875
body,M300,S2,body_stable,3,112,128,0.875
body,rl3000,S2,body_stable,0,0,128,0.0
body,rl3000,S2,body_stable,1,0,128,0.0
body,rl3000,S2,body_stable,2,0,128,0.0
body,rl3000,S2,body_stable,3,0,128,0.0
body,rlhold1500,S2,body_stable,0,0,128,0.0
body,rlhold1500,S2,body_stable,1,39,128,0.3046875
body,rlhold1500,S2,body_stable,2,6,128,0.046875
body,rlhold1500,S2,body_stable,3,6,128,0.046875
body,rlclean2000,S2,body_stable,0,13,128,0.1015625
body,rlclean2000,S2,body_stable,1,2,128,0.015625
body,rlclean2000,S2,body_stable,2,0,128,0.0
body,rlclean2000,S2,body_stable,3,0,128,0.0
body,M4100,S2,body_stable,0,127,128,0.9921875
body,M4100,S2,body_stable,1,127,128,0.9921875
body,M4100,S2,body_stable,2,127,128,0.9921875
body,M4100,S2,body_stable,3,114,128,0.890625
body,E4100,S2,body_stable,0,128,128,1.0
body,E4100,S2,body_stable,1,128,128,1.0
body,E4100,S2,body_stable,2,127,128,0.9921875
body,E4100,S2,body_stable,3,126,128,0.984375
body,E5700,S2,body_stable,0,127,128,0.9921875
body,E5700,S2,body_stable,1,128,128,1.0
body,E5700,S2,body_stable,2,127,128,0.9921875
body,E5700,S2,body_stable,3,123,128,0.9609375
body,rl4000,S2,body_stable,0,0,128,0.0
body,rl4000,S2,body_stable,1,0,128,0.0
body,rl4000,S2,body_stable,2,0,128,0.0
body,rl4000,S2,body_stable,3,0,128,0.0
body,rlhold2000,S2,body_stable,0,127,128,0.9921875
body,rlhold2000,S2,body_stable,1,75,128,0.5859375
body,rlhold2000,S2,body_stable,2,56,128,0.4375
body,rlhold2000,S2,body_stable,3,0,128,0.0
body,Eagg6500,S2,body_stable,0,128,128,1.0
body,Eagg6500,S2,body_stable,1,127,128,0.9921875
body,Eagg6500,S2,body_stable,2,128,128,1.0
body,Eagg6500,S2,body_stable,3,125,128,0.9765625
body,bc100,S2,body_stable,0,128,128,1.0
body,bc100,S2,body_stable,1,128,128,1.0
body,bc100,S2,body_stable,2,123,128,0.9609375
body,bc100,S2,body_stable,3,114,128,0.890625
body,rl1000,S2,body_stable,0,0,128,0.0
body,rl1000,S2,body_stable,1,0,128,0.0
body,rl1000,S2,body_stable,2,0,128,0.0
body,rl1000,S2,body_stable,3,0,128,0.0
body,seed2Eagg6100,S2,body_stable,0,128,128,1.0
body,seed2Eagg6100,S2,body_stable,1,128,128,1.0
body,seed2Eagg6100,S2,body_stable,2,127,128,0.9921875
body,seed2Eagg6100,S2,body_stable,3,125,128,0.9765625
body,historical,S2,body_stable,0,127,128,0.9921875
body,historical,S2,body_stable,1,128,128,1.0
body,historical,S2,body_stable,2,127,128,0.9921875
body,historical,S2,body_stable,3,127,128,0.9921875
body,source3,S2,body_stable,0,0,128,0.0
body,source3,S2,body_stable,1,0,128,0.0
body,source3,S2,body_stable,2,0,128,0.0
body,source3,S2,body_stable,3,128,128,1.0
body,Eagg6100,S5,body_stable,0,124,128,0.96875
body,Eagg6100,S5,body_stable,1,128,128,1.0
body,Eagg6100,S5,body_stable,2,128,128,1.0
body,Eagg6100,S5,body_stable,3,127,128,0.9921875
body,Ereplay6500,S5,body_stable,0,123,128,0.9609375
body,Ereplay6500,S5,body_stable,1,128,128,1.0
body,Ereplay6500,S5,body_stable,2,128,128,1.0
body,Ereplay6500,S5,body_stable,3,127,128,0.9921875
body,E500,S5,body_stable,0,123,128,0.9609375
body,E500,S5,body_stable,1,128,128,1.0
body,E500,S5,body_stable,2,128,128,1.0
body,E500,S5,body_stable,3,121,128,0.9453125
body,M300,S5,body_stable,0,126,128,0.984375
body,M300,S5,body_stable,1,128,128,1.0
body,M300,S5,body_stable,2,128,128,1.0
body,M300,S5,body_stable,3,102,128,0.796875
body,rl3000,S5,body_stable,0,0,128,0.0
body,rl3000,S5,body_stable,1,0,128,0.0
body,rl3000,S5,body_stable,2,0,128,0.0
body,rl3000,S5,body_stable,3,0,128,0.0
body,rlhold1500,S5,body_stable,0,0,128,0.0
body,rlhold1500,S5,body_stable,1,42,128,0.328125
body,rlhold1500,S5,body_stable,2,0,128,0.0
body,rlhold1500,S5,body_stable,3,0,128,0.0
body,rlclean2000,S5,body_stable,0,2,128,0.015625
body,rlclean2000,S5,body_stable,1,1,128,0.0078125
body,rlclean2000,S5,body_stable,2,0,128,0.0
body,rlclean2000,S5,body_stable,3,0,128,0.0
body,M4100,S5,body_stable,0,124,128,0.96875
body,M4100,S5,body_stable,1,128,128,1.0
body,M4100,S5,body_stable,2,128,128,1.0
body,M4100,S5,body_stable,3,116,128,0.90625
body,E4100,S5,body_stable,0,124,128,0.96875
body,E4100,S5,body_stable,1,128,128,1.0
body,E4100,S5,body_stable,2,128,128,1.0
body,E4100,S5,body_stable,3,127,128,0.9921875
body,E5700,S5,body_stable,0,122,128,0.953125
body,E5700,S5,body_stable,1,128,128,1.0
body,E5700,S5,body_stable,2,127,128,0.9921875
body,E5700,S5,body_stable,3,126,128,0.984375
body,rl4000,S5,body_stable,0,0,128,0.0
body,rl4000,S5,body_stable,1,0,128,0.0
body,rl4000,S5,body_stable,2,0,128,0.0
body,rl4000,S5,body_stable,3,0,128,0.0
body,rlhold2000,S5,body_stable,0,119,128,0.9296875
body,rlhold2000,S5,body_stable,1,90,128,0.703125
body,rlhold2000,S5,body_stable,2,52,128,0.40625
body,rlhold2000,S5,body_stable,3,0,128,0.0
body,Eagg6500,S5,body_stable,0,126,128,0.984375
body,Eagg6500,S5,body_stable,1,128,128,1.0
body,Eagg6500,S5,body_stable,2,128,128,1.0
body,Eagg6500,S5,body_stable,3,126,128,0.984375
body,bc100,S5,body_stable,0,128,128,1.0
body,bc100,S5,body_stable,1,128,128,1.0
body,bc100,S5,body_stable,2,127,128,0.9921875
body,bc100,S5,body_stable,3,122,128,0.953125
body,rl1000,S5,body_stable,0,0,128,0.0
body,rl1000,S5,body_stable,1,0,128,0.0
body,rl1000,S5,body_stable,2,0,128,0.0
body,rl1000,S5,body_stable,3,0,128,0.0
body,seed2Eagg6100,S5,body_stable,0,124,128,0.96875
body,seed2Eagg6100,S5,body_stable,1,128,128,1.0
body,seed2Eagg6100,S5,body_stable,2,128,128,1.0
body,seed2Eagg6100,S5,body_stable,3,127,128,0.9921875
body,historical,S5,body_stable,0,124,128,0.96875
body,historical,S5,body_stable,1,128,128,1.0
body,historical,S5,body_stable,2,128,128,1.0
body,historical,S5,body_stable,3,127,128,0.9921875
body,source3,S5,body_stable,0,0,128,0.0
body,source3,S5,body_stable,1,0,128,0.0
body,source3,S5,body_stable,2,0,128,0.0
body,source3,S5,body_stable,3,127,128,0.9921875
functional,Eagg6100,F,success,0,128,128,1.0
functional,Eagg6100,F,success,1,128,128,1.0
functional,Eagg6100,F,success,2,128,128,1.0
functional,Eagg6100,F,success,3,128,128,1.0
functional,Ereplay6500,F,success,0,127,128,0.9921875
functional,Ereplay6500,F,success,1,128,128,1.0
functional,Ereplay6500,F,success,2,128,128,1.0
functional,Ereplay6500,F,success,3,128,128,1.0
functional,E500,F,success,0,128,128,1.0
functional,E500,F,success,1,128,128,1.0
functional,E500,F,success,2,128,128,1.0
functional,E500,F,success,3,127,128,0.9921875
functional,M300,F,success,0,127,128,0.9921875
functional,M300,F,success,1,128,128,1.0
functional,M300,F,success,2,128,128,1.0
functional,M300,F,success,3,127,128,0.9921875
functional,rl3000,F,success,0,128,128,1.0
functional,rl3000,F,success,1,128,128,1.0
functional,rl3000,F,success,2,128,128,1.0
functional,rl3000,F,success,3,127,128,0.9921875
functional,rlhold1500,F,success,0,128,128,1.0
functional,rlhold1500,F,success,1,128,128,1.0
functional,rlhold1500,F,success,2,128,128,1.0
functional,rlhold1500,F,success,3,128,128,1.0
functional,rlclean2000,F,success,0,128,128,1.0
functional,rlclean2000,F,success,1,128,128,1.0
functional,rlclean2000,F,success,2,128,128,1.0
functional,rlclean2000,F,success,3,128,128,1.0
functional,M4100,F,success,0,127,128,0.9921875
functional,M4100,F,success,1,128,128,1.0
functional,M4100,F,success,2,128,128,1.0
functional,M4100,F,success,3,126,128,0.984375
functional,E4100,F,success,0,128,128,1.0
functional,E4100,F,success,1,128,128,1.0
functional,E4100,F,success,2,128,128,1.0
functional,E4100,F,success,3,127,128,0.9921875
functional,E5700,F,success,0,128,128,1.0
functional,E5700,F,success,1,128,128,1.0
functional,E5700,F,success,2,127,128,0.9921875
functional,E5700,F,success,3,127,128,0.9921875
functional,rl4000,F,success,0,124,128,0.96875
functional,rl4000,F,success,1,127,128,0.9921875
functional,rl4000,F,success,2,128,128,1.0
functional,rl4000,F,success,3,128,128,1.0
functional,rlhold2000,F,success,0,127,128,0.9921875
functional,rlhold2000,F,success,1,128,128,1.0
functional,rlhold2000,F,success,2,1,128,0.0078125
functional,rlhold2000,F,success,3,125,128,0.9765625
functional,Eagg6500,F,success,0,128,128,1.0
functional,Eagg6500,F,success,1,128,128,1.0
functional,Eagg6500,F,success,2,128,128,1.0
functional,Eagg6500,F,success,3,128,128,1.0
functional,bc100,F,success,0,128,128,1.0
functional,bc100,F,success,1,128,128,1.0
functional,bc100,F,success,2,127,128,0.9921875
functional,bc100,F,success,3,128,128,1.0
functional,rl1000,F,success,0,128,128,1.0
functional,rl1000,F,success,1,128,128,1.0
functional,rl1000,F,success,2,128,128,1.0
functional,rl1000,F,success,3,126,128,0.984375
functional,seed2Eagg6100,F,success,0,128,128,1.0
functional,seed2Eagg6100,F,success,1,128,128,1.0
functional,seed2Eagg6100,F,success,2,128,128,1.0
functional,seed2Eagg6100,F,success,3,128,128,1.0
functional,historical,F,success,0,128,128,1.0
functional,historical,F,success,1,128,128,1.0
functional,historical,F,success,2,128,128,1.0
functional,historical,F,success,3,0,128,0.0
functional,source3,F,success,0,0,128,0.0
functional,source3,F,success,1,0,128,0.0
functional,source3,F,success,2,0,128,0.0
functional,source3,F,success,3,127,128,0.9921875
functional,Eagg6100,F,body_stable,0,127,128,0.9921875
functional,Eagg6100,F,body_stable,1,115,128,0.8984375
functional,Eagg6100,F,body_stable,2,110,128,0.859375
functional,Eagg6100,F,body_stable,3,125,128,0.9765625
functional,Ereplay6500,F,body_stable,0,127,128,0.9921875
functional,Ereplay6500,F,body_stable,1,117,128,0.9140625
functional,Ereplay6500,F,body_stable,2,109,128,0.8515625
functional,Ereplay6500,F,body_stable,3,112,128,0.875
functional,E500,F,body_stable,0,126,128,0.984375
functional,E500,F,body_stable,1,116,128,0.90625
functional,E500,F,body_stable,2,105,128,0.8203125
functional,E500,F,body_stable,3,82,128,0.640625
functional,M300,F,body_stable,0,127,128,0.9921875
functional,M300,F,body_stable,1,114,128,0.890625
functional,M300,F,body_stable,2,89,128,0.6953125
functional,M300,F,body_stable,3,103,128,0.8046875
functional,rl3000,F,body_stable,0,0,128,0.0
functional,rl3000,F,body_stable,1,0,128,0.0
functional,rl3000,F,body_stable,2,0,128,0.0
functional,rl3000,F,body_stable,3,0,128,0.0
functional,rlhold1500,F,body_stable,0,0,128,0.0
functional,rlhold1500,F,body_stable,1,7,128,0.0546875
functional,rlhold1500,F,body_stable,2,0,128,0.0
functional,rlhold1500,F,body_stable,3,0,128,0.0
functional,rlclean2000,F,body_stable,0,2,128,0.015625
functional,rlclean2000,F,body_stable,1,0,128,0.0
functional,rlclean2000,F,body_stable,2,0,128,0.0
functional,rlclean2000,F,body_stable,3,0,128,0.0
functional,M4100,F,body_stable,0,126,128,0.984375
functional,M4100,F,body_stable,1,118,128,0.921875
functional,M4100,F,body_stable,2,97,128,0.7578125
functional,M4100,F,body_stable,3,98,128,0.765625
functional,E4100,F,body_stable,0,127,128,0.9921875
functional,E4100,F,body_stable,1,113,128,0.8828125
functional,E4100,F,body_stable,2,110,128,0.859375
functional,E4100,F,body_stable,3,117,128,0.9140625
functional,E5700,F,body_stable,0,124,128,0.96875
functional,E5700,F,body_stable,1,111,128,0.8671875
functional,E5700,F,body_stable,2,106,128,0.828125
functional,E5700,F,body_stable,3,115,128,0.8984375
functional,rl4000,F,body_stable,0,0,128,0.0
functional,rl4000,F,body_stable,1,0,128,0.0
functional,rl4000,F,body_stable,2,0,128,0.0
functional,rl4000,F,body_stable,3,0,128,0.0
functional,rlhold2000,F,body_stable,0,126,128,0.984375
functional,rlhold2000,F,body_stable,1,25,128,0.1953125
functional,rlhold2000,F,body_stable,2,34,128,0.265625
functional,rlhold2000,F,body_stable,3,0,128,0.0
functional,Eagg6500,F,body_stable,0,127,128,0.9921875
functional,Eagg6500,F,body_stable,1,111,128,0.8671875
functional,Eagg6500,F,body_stable,2,112,128,0.875
functional,Eagg6500,F,body_stable,3,123,128,0.9609375
functional,bc100,F,body_stable,0,127,128,0.9921875
functional,bc100,F,body_stable,1,110,128,0.859375
functional,bc100,F,body_stable,2,71,128,0.5546875
functional,bc100,F,body_stable,3,98,128,0.765625
functional,rl1000,F,body_stable,0,0,128,0.0
functional,rl1000,F,body_stable,1,0,128,0.0
functional,rl1000,F,body_stable,2,0,128,0.0
functional,rl1000,F,body_stable,3,0,128,0.0
functional,seed2Eagg6100,F,body_stable,0,128,128,1.0
functional,seed2Eagg6100,F,body_stable,1,111,128,0.8671875
functional,seed2Eagg6100,F,body_stable,2,106,128,0.828125
functional,seed2Eagg6100,F,body_stable,3,124,128,0.96875
functional,historical,F,body_stable,0,127,128,0.9921875
functional,historical,F,body_stable,1,115,128,0.8984375
functional,historical,F,body_stable,2,93,128,0.7265625
functional,historical,F,body_stable,3,127,128,0.9921875
functional,source3,F,body_stable,0,0,128,0.0
functional,source3,F,body_stable,1,0,128,0.0
functional,source3,F,body_stable,2,0,128,0.0
functional,source3,F,body_stable,3,122,128,0.953125
