intervention,update,left,right,left_worst_S,right_worst_S,left_min_S_body,right_min_S_body,left_min_stage_hold,right_min_stage_hold,improved_S_cells,worsened_S_cells,tied_S_cells
executed_target_loss,7200,SC-real-7200,SA-real-7200,1,0,27,1,0.03125,0.0,1,7,0
executed_target_loss,8000,SC-real-8000,SA-real-8000,1,0,1,0,0.09375,0.0,3,5,0
executed_target_loss,9600,SC-real-9600,SA-real-9600,1,0,20,27,0.03125,0.0625,2,6,0
executed_target_loss,12800,SC-real-12800,SA-real-12800,5,12,29,27,0.3125,0.5,5,1,2
executed_target_loss,16000,SC-real-16000,SA-real-16000,0,0,0,10,0.0,0.0,6,1,1
executed_target_loss,19200,SC-real-19200,SA-real-19200,1,1,31,26,0.03125,0.03125,4,4,0
executed_target_loss,22400,SC-real-22400,SA-real-22400,5,13,31,31,0.28125,0.5625,5,2,1
executed_target_loss,25600,SC-real-25600,SA-real-25600,14,5,30,18,0.53125,0.375,2,6,0
executed_target_loss,28800,SC-real-28800,SA-real-28800,12,19,27,29,0.40625,0.71875,7,1,0
executed_target_loss,32000,SC-real-32000,SA-real-32000,18,15,27,30,0.59375,0.5,4,3,1
executed_target_loss,35200,SC-real-35200,SA-real-35200,18,18,31,29,0.59375,0.625,3,2,3
executed_target_loss,38400,SC-real-38400,SA-real-38400,7,7,23,24,0.34375,0.375,4,3,1
executed_target_loss,41600,SC-real-41600,SA-real-41600,9,0,20,6,0.34375,0.03125,3,4,1
executed_target_loss,44800,SC-real-44800,SA-real-44800,17,23,30,31,0.625,0.71875,1,7,0
executed_target_loss,48000,SC-real-48000,SA-real-48000,19,23,31,31,0.6875,0.75,5,2,1
executed_target_loss,51200,SC-real-51200,SA-real-51200,13,24,29,31,0.5625,0.75,7,1,0
executed_target_loss,54400,SC-real-54400,SA-real-54400,1,4,31,30,0.09375,0.15625,6,2,0
executed_target_loss,57600,SC-real-57600,SA-real-57600,14,19,29,30,0.46875,0.59375,7,1,0
executed_target_loss,60800,SC-real-60800,SA-real-60800,23,17,31,30,0.78125,0.65625,4,3,1
executed_target_loss,64000,SC-real-64000,SA-real-64000,9,14,31,31,0.34375,0.46875,5,2,1
known_controller_input,3600,SC-masked-3600,SC-real-3600,0,0,19,4,0.0,0.03125,5,3,0
known_controller_input,4000,SC-masked-4000,SC-real-4000,0,0,5,0,0.0,0.59375,6,1,1
known_controller_input,4800,SC-masked-4800,SC-real-4800,0,7,26,16,0.0,0.34375,8,0,0
known_controller_input,6400,SC-masked-6400,SC-real-6400,1,0,2,29,0.4375,0.0,4,4,0
known_controller_input,9600,SC-masked-9600,SC-real-9600,2,1,28,20,0.09375,0.03125,3,4,1
known_controller_input,12800,SC-masked-12800,SC-real-12800,5,5,27,29,0.15625,0.3125,4,4,0
