model,method,update,protocol,source,n,strict_success,body_stable,stable_but_endpoint_failed,body_failed,stable_opening_failed,stable_closing_failed,first_failed_endpoint_before_body_breach,first_failed_endpoint_median_sec,body_breach_median_among_failed_sec,cohort_sha256,evidence
C1-3200,C1,3200,S2,0,32,0,0,0,32,0,0,0,2.0,0.7666666666666667,fff2f01e7abb7b21a09553a0741bd629f6a17cd5fe618f93ebeebd932bf650fe,research/unified-student-20261001/C1-3200-development-analysis/trials.csv
C1-3200,C1,3200,S2,1,32,0,0,0,32,0,0,27,2.0,5.366666666666666,fff2f01e7abb7b21a09553a0741bd629f6a17cd5fe618f93ebeebd932bf650fe,research/unified-student-20261001/C1-3200-development-analysis/trials.csv
C1-3200,C1,3200,S2,2,32,0,0,0,32,0,0,0,2.0,1.7666666666666666,fff2f01e7abb7b21a09553a0741bd629f6a17cd5fe618f93ebeebd932bf650fe,research/unified-student-20261001/C1-3200-development-analysis/trials.csv
C1-3200,C1,3200,S2,3,32,0,0,0,32,0,0,13,2.0,1.4166666666666665,fff2f01e7abb7b21a09553a0741bd629f6a17cd5fe618f93ebeebd932bf650fe,research/unified-student-20261001/C1-3200-development-analysis/trials.csv
C1-3200,C1,3200,S5,0,32,0,0,0,32,0,0,0,5.0,0.7666666666666667,fff2f01e7abb7b21a09553a0741bd629f6a17cd5fe618f93ebeebd932bf650fe,research/unified-student-20261001/C1-3200-development-analysis/trials.csv
C1-3200,C1,3200,S5,1,32,0,0,0,32,0,0,1,5.0,3.3833333333333333,fff2f01e7abb7b21a09553a0741bd629f6a17cd5fe618f93ebeebd932bf650fe,research/unified-student-20261001/C1-3200-development-analysis/trials.csv
C1-3200,C1,3200,S5,2,32,0,0,0,32,0,0,0,5.0,1.7666666666666666,fff2f01e7abb7b21a09553a0741bd629f6a17cd5fe618f93ebeebd932bf650fe,research/unified-student-20261001/C1-3200-development-analysis/trials.csv
C1-3200,C1,3200,S5,3,32,0,0,0,32,0,0,8,5.0,1.4166666666666665,fff2f01e7abb7b21a09553a0741bd629f6a17cd5fe618f93ebeebd932bf650fe,research/unified-student-20261001/C1-3200-development-analysis/trials.csv
S0-400,S0,400,S2,0,32,0,1,1,31,1,0,1,14,0.4666666666666667,fff2f01e7abb7b21a09553a0741bd629f6a17cd5fe618f93ebeebd932bf650fe,research/unified-student-20261001/S0-400-development-analysis/trials.csv
S0-400,S0,400,S2,1,32,0,0,0,32,0,0,27,2.0,11.733333333333333,fff2f01e7abb7b21a09553a0741bd629f6a17cd5fe618f93ebeebd932bf650fe,research/unified-student-20261001/S0-400-development-analysis/trials.csv
S0-400,S0,400,S2,2,32,1,25,24,7,24,0,31,2,10.333333333333334,fff2f01e7abb7b21a09553a0741bd629f6a17cd5fe618f93ebeebd932bf650fe,research/unified-student-20261001/S0-400-development-analysis/trials.csv
S0-400,S0,400,S2,3,32,0,17,17,15,17,0,28,2.0,3.466666666666667,fff2f01e7abb7b21a09553a0741bd629f6a17cd5fe618f93ebeebd932bf650fe,research/unified-student-20261001/S0-400-development-analysis/trials.csv
S0-400,S0,400,S5,0,32,0,1,1,31,1,0,1,5.0,0.4666666666666667,fff2f01e7abb7b21a09553a0741bd629f6a17cd5fe618f93ebeebd932bf650fe,research/unified-student-20261001/S0-400-development-analysis/trials.csv
S0-400,S0,400,S5,1,32,0,13,13,19,13,0,18,5,2.6333333333333333,fff2f01e7abb7b21a09553a0741bd629f6a17cd5fe618f93ebeebd932bf650fe,research/unified-student-20261001/S0-400-development-analysis/trials.csv
S0-400,S0,400,S5,2,32,0,3,3,29,3,2,30,5.0,10.766666666666667,fff2f01e7abb7b21a09553a0741bd629f6a17cd5fe618f93ebeebd932bf650fe,research/unified-student-20261001/S0-400-development-analysis/trials.csv
S0-400,S0,400,S5,3,32,0,0,0,32,0,0,25,5.0,5.583333333333333,fff2f01e7abb7b21a09553a0741bd629f6a17cd5fe618f93ebeebd932bf650fe,research/unified-student-20261001/S0-400-development-analysis/trials.csv
S0-800,S0,800,S2,0,32,0,31,31,1,31,1,32,2.0,18.466666666666665,fff2f01e7abb7b21a09553a0741bd629f6a17cd5fe618f93ebeebd932bf650fe,research/unified-student-20261001/S0-800-development-analysis/trials.csv
S0-800,S0,800,S2,1,32,2,26,24,6,24,0,30,2.0,18.533333333333335,fff2f01e7abb7b21a09553a0741bd629f6a17cd5fe618f93ebeebd932bf650fe,research/unified-student-20261001/S0-800-development-analysis/trials.csv
S0-800,S0,800,S2,2,32,7,32,25,0,25,0,25,2,,fff2f01e7abb7b21a09553a0741bd629f6a17cd5fe618f93ebeebd932bf650fe,research/unified-student-20261001/S0-800-development-analysis/trials.csv
S0-800,S0,800,S2,3,32,2,25,23,7,23,1,30,2.0,10.633333333333333,fff2f01e7abb7b21a09553a0741bd629f6a17cd5fe618f93ebeebd932bf650fe,research/unified-student-20261001/S0-800-development-analysis/trials.csv
S0-800,S0,800,S5,0,32,0,32,32,0,32,0,32,5.0,,fff2f01e7abb7b21a09553a0741bd629f6a17cd5fe618f93ebeebd932bf650fe,research/unified-student-20261001/S0-800-development-analysis/trials.csv
S0-800,S0,800,S5,1,32,5,32,27,0,27,0,27,5,,fff2f01e7abb7b21a09553a0741bd629f6a17cd5fe618f93ebeebd932bf650fe,research/unified-student-20261001/S0-800-development-analysis/trials.csv
S0-800,S0,800,S5,2,32,3,31,28,1,28,0,29,5,15.366666666666667,fff2f01e7abb7b21a09553a0741bd629f6a17cd5fe618f93ebeebd932bf650fe,research/unified-student-20261001/S0-800-development-analysis/trials.csv
S0-800,S0,800,S5,3,32,12,32,20,0,20,2,20,5.0,,fff2f01e7abb7b21a09553a0741bd629f6a17cd5fe618f93ebeebd932bf650fe,research/unified-student-20261001/S0-800-development-analysis/trials.csv
S0-1600,S0,1600,S2,0,32,6,32,26,0,26,0,26,6.0,,fff2f01e7abb7b21a09553a0741bd629f6a17cd5fe618f93ebeebd932bf650fe,research/unified-student-20261001/S0-1600-development-analysis/trials.csv
S0-1600,S0,1600,S2,1,32,5,7,2,25,2,0,5,2.0,1.5,fff2f01e7abb7b21a09553a0741bd629f6a17cd5fe618f93ebeebd932bf650fe,research/unified-student-20261001/S0-1600-development-analysis/trials.csv
S0-1600,S0,1600,S2,2,32,10,32,22,0,22,0,22,6.0,,fff2f01e7abb7b21a09553a0741bd629f6a17cd5fe618f93ebeebd932bf650fe,research/unified-student-20261001/S0-1600-development-analysis/trials.csv
S0-1600,S0,1600,S2,3,32,0,31,31,1,31,0,32,2.0,18.166666666666668,fff2f01e7abb7b21a09553a0741bd629f6a17cd5fe618f93ebeebd932bf650fe,research/unified-student-20261001/S0-1600-development-analysis/trials.csv
S0-1600,S0,1600,S5,0,32,26,32,6,0,6,0,6,15.0,,fff2f01e7abb7b21a09553a0741bd629f6a17cd5fe618f93ebeebd932bf650fe,research/unified-student-20261001/S0-1600-development-analysis/trials.csv
S0-1600,S0,1600,S5,1,32,7,12,5,20,5,0,7,5.0,1.4166666666666665,fff2f01e7abb7b21a09553a0741bd629f6a17cd5fe618f93ebeebd932bf650fe,research/unified-student-20261001/S0-1600-development-analysis/trials.csv
S0-1600,S0,1600,S5,2,32,27,32,5,0,5,0,5,5,,fff2f01e7abb7b21a09553a0741bd629f6a17cd5fe618f93ebeebd932bf650fe,research/unified-student-20261001/S0-1600-development-analysis/trials.csv
S0-1600,S0,1600,S5,3,32,3,31,28,1,28,0,28,5,10.666666666666666,fff2f01e7abb7b21a09553a0741bd629f6a17cd5fe618f93ebeebd932bf650fe,research/unified-student-20261001/S0-1600-development-analysis/trials.csv
S0-3200,S0,3200,S2,0,32,10,29,19,3,19,0,21,6.0,17.966666666666665,fff2f01e7abb7b21a09553a0741bd629f6a17cd5fe618f93ebeebd932bf650fe,research/unified-student-20261001/S0-3200-development-analysis/trials.csv
S0-3200,S0,3200,S2,1,32,12,17,5,15,5,0,9,6,14.5,fff2f01e7abb7b21a09553a0741bd629f6a17cd5fe618f93ebeebd932bf650fe,research/unified-student-20261001/S0-3200-development-analysis/trials.csv
S0-3200,S0,3200,S2,2,32,21,32,11,0,11,0,11,6,,fff2f01e7abb7b21a09553a0741bd629f6a17cd5fe618f93ebeebd932bf650fe,research/unified-student-20261001/S0-3200-development-analysis/trials.csv
S0-3200,S0,3200,S2,3,32,14,31,17,1,17,0,18,4.0,17.133333333333333,fff2f01e7abb7b21a09553a0741bd629f6a17cd5fe618f93ebeebd932bf650fe,research/unified-student-20261001/S0-3200-development-analysis/trials.csv
S0-3200,S0,3200,S5,0,32,9,31,22,1,22,0,22,15,0.5,fff2f01e7abb7b21a09553a0741bd629f6a17cd5fe618f93ebeebd932bf650fe,research/unified-student-20261001/S0-3200-development-analysis/trials.csv
S0-3200,S0,3200,S5,1,32,27,31,4,1,4,0,4,15.0,14.7,fff2f01e7abb7b21a09553a0741bd629f6a17cd5fe618f93ebeebd932bf650fe,research/unified-student-20261001/S0-3200-development-analysis/trials.csv
S0-3200,S0,3200,S5,2,32,29,32,3,0,3,0,3,5,,fff2f01e7abb7b21a09553a0741bd629f6a17cd5fe618f93ebeebd932bf650fe,research/unified-student-20261001/S0-3200-development-analysis/trials.csv
S0-3200,S0,3200,S5,3,32,12,32,20,0,20,0,20,5.0,,fff2f01e7abb7b21a09553a0741bd629f6a17cd5fe618f93ebeebd932bf650fe,research/unified-student-20261001/S0-3200-development-analysis/trials.csv
SA-real-7200,SA-real,7200,S2,0,32,10,21,11,11,11,0,17,10,17.6,fff2f01e7abb7b21a09553a0741bd629f6a17cd5fe618f93ebeebd932bf650fe,research/unified-student-20261001/SA-real-7200-development-analysis/trials.csv
SA-real-7200,SA-real,7200,S2,1,32,4,20,16,12,16,0,24,6.0,9.933333333333334,fff2f01e7abb7b21a09553a0741bd629f6a17cd5fe618f93ebeebd932bf650fe,research/unified-student-20261001/SA-real-7200-development-analysis/trials.csv
SA-real-7200,SA-real,7200,S2,2,32,0,16,16,16,16,0,32,6.0,17.083333333333336,fff2f01e7abb7b21a09553a0741bd629f6a17cd5fe618f93ebeebd932bf650fe,research/unified-student-20261001/SA-real-7200-development-analysis/trials.csv
SA-real-7200,SA-real,7200,S2,3,32,0,13,13,19,13,1,28,2.0,9.366666666666667,fff2f01e7abb7b21a09553a0741bd629f6a17cd5fe618f93ebeebd932bf650fe,research/unified-student-20261001/SA-real-7200-development-analysis/trials.csv
SA-real-7200,SA-real,7200,S5,0,32,2,19,17,13,17,0,21,15,12.2,fff2f01e7abb7b21a09553a0741bd629f6a17cd5fe618f93ebeebd932bf650fe,research/unified-student-20261001/SA-real-7200-development-analysis/trials.csv
SA-real-7200,SA-real,7200,S5,1,32,2,8,6,24,6,0,10,5.0,4.833333333333333,fff2f01e7abb7b21a09553a0741bd629f6a17cd5fe618f93ebeebd932bf650fe,research/unified-student-20261001/SA-real-7200-development-analysis/trials.csv
SA-real-7200,SA-real,7200,S5,2,32,0,1,1,31,1,0,9,15.0,11.633333333333333,fff2f01e7abb7b21a09553a0741bd629f6a17cd5fe618f93ebeebd932bf650fe,research/unified-student-20261001/SA-real-7200-development-analysis/trials.csv
SA-real-7200,SA-real,7200,S5,3,32,9,20,11,12,11,0,17,5,11.233333333333334,fff2f01e7abb7b21a09553a0741bd629f6a17cd5fe618f93ebeebd932bf650fe,research/unified-student-20261001/SA-real-7200-development-analysis/trials.csv
SA-real-8000,SA-real,8000,S2,0,32,9,32,23,0,23,0,23,6,,fff2f01e7abb7b21a09553a0741bd629f6a17cd5fe618f93ebeebd932bf650fe,research/unified-student-20261001/SA-real-8000-development-analysis/trials.csv
SA-real-8000,SA-real,8000,S2,1,32,19,30,11,2,11,0,11,6,13.933333333333334,fff2f01e7abb7b21a09553a0741bd629f6a17cd5fe618f93ebeebd932bf650fe,research/unified-student-20261001/SA-real-8000-development-analysis/trials.csv
SA-real-8000,SA-real,8000,S2,2,32,2,27,25,5,25,0,30,6.0,17.3,fff2f01e7abb7b21a09553a0741bd629f6a17cd5fe618f93ebeebd932bf650fe,research/unified-student-20261001/SA-real-8000-development-analysis/trials.csv
SA-real-8000,SA-real,8000,S2,3,32,0,0,0,32,0,0,27,2.0,5.033333333333333,fff2f01e7abb7b21a09553a0741bd629f6a17cd5fe618f93ebeebd932bf650fe,research/unified-student-20261001/SA-real-8000-development-analysis/trials.csv
SA-real-8000,SA-real,8000,S5,0,32,29,32,3,0,3,0,3,15,,fff2f01e7abb7b21a09553a0741bd629f6a17cd5fe618f93ebeebd932bf650fe,research/unified-student-20261001/SA-real-8000-development-analysis/trials.csv
SA-real-8000,SA-real,8000,S5,1,32,24,27,3,5,3,0,3,5,15.066666666666666,fff2f01e7abb7b21a09553a0741bd629f6a17cd5fe618f93ebeebd932bf650fe,research/unified-student-20261001/SA-real-8000-development-analysis/trials.csv
SA-real-8000,SA-real,8000,S5,2,32,2,16,14,16,14,0,16,15.0,14.0,fff2f01e7abb7b21a09553a0741bd629f6a17cd5fe618f93ebeebd932bf650fe,research/unified-student-20261001/SA-real-8000-development-analysis/trials.csv
SA-real-8000,SA-real,8000,S5,3,32,0,1,1,31,1,0,10,5.0,11.133333333333333,fff2f01e7abb7b21a09553a0741bd629f6a17cd5fe618f93ebeebd932bf650fe,research/unified-student-20261001/SA-real-8000-development-analysis/trials.csv
SA-real-9600,SA-real,9600,S2,0,32,1,32,31,0,31,0,31,6,,fff2f01e7abb7b21a09553a0741bd629f6a17cd5fe618f93ebeebd932bf650fe,research/unified-student-20261001/SA-real-9600-development-analysis/trials.csv
SA-real-9600,SA-real,9600,S2,1,32,0,32,32,0,32,0,32,6.0,,fff2f01e7abb7b21a09553a0741bd629f6a17cd5fe618f93ebeebd932bf650fe,research/unified-student-20261001/SA-real-9600-development-analysis/trials.csv
SA-real-9600,SA-real,9600,S2,2,32,2,32,30,0,30,0,30,2.0,,fff2f01e7abb7b21a09553a0741bd629f6a17cd5fe618f93ebeebd932bf650fe,research/unified-student-20261001/SA-real-9600-development-analysis/trials.csv
SA-real-9600,SA-real,9600,S2,3,32,17,32,15,0,15,0,15,6,,fff2f01e7abb7b21a09553a0741bd629f6a17cd5fe618f93ebeebd932bf650fe,research/unified-student-20261001/SA-real-9600-development-analysis/trials.csv
SA-real-9600,SA-real,9600,S5,0,32,28,30,2,2,2,0,3,15,15.483333333333334,fff2f01e7abb7b21a09553a0741bd629f6a17cd5fe618f93ebeebd932bf650fe,research/unified-student-20261001/SA-real-9600-development-analysis/trials.csv
SA-real-9600,SA-real,9600,S5,1,32,1,27,26,5,26,0,26,15,10.6,fff2f01e7abb7b21a09553a0741bd629f6a17cd5fe618f93ebeebd932bf650fe,research/unified-student-20261001/SA-real-9600-development-analysis/trials.csv
SA-real-9600,SA-real,9600,S5,2,32,8,32,24,0,24,1,24,5.0,,fff2f01e7abb7b21a09553a0741bd629f6a17cd5fe618f93ebeebd932bf650fe,research/unified-student-20261001/SA-real-9600-development-analysis/trials.csv
SA-real-9600,SA-real,9600,S5,3,32,21,32,11,0,10,2,11,5,,fff2f01e7abb7b21a09553a0741bd629f6a17cd5fe618f93ebeebd932bf650fe,research/unified-student-20261001/SA-real-9600-development-analysis/trials.csv
SA-real-12800,SA-real,12800,S2,0,32,28,32,4,0,4,0,4,4.0,,fff2f01e7abb7b21a09553a0741bd629f6a17cd5fe618f93ebeebd932bf650fe,research/unified-student-20261001/SA-real-12800-development-analysis/trials.csv
SA-real-12800,SA-real,12800,S2,1,32,21,32,11,0,11,0,11,2,,fff2f01e7abb7b21a09553a0741bd629f6a17cd5fe618f93ebeebd932bf650fe,research/unified-student-20261001/SA-real-12800-development-analysis/trials.csv
SA-real-12800,SA-real,12800,S2,2,32,12,32,20,0,20,0,20,6.0,,fff2f01e7abb7b21a09553a0741bd629f6a17cd5fe618f93ebeebd932bf650fe,research/unified-student-20261001/SA-real-12800-development-analysis/trials.csv
SA-real-12800,SA-real,12800,S2,3,32,24,27,3,5,3,0,4,12.0,9.833333333333334,fff2f01e7abb7b21a09553a0741bd629f6a17cd5fe618f93ebeebd932bf650fe,research/unified-student-20261001/SA-real-12800-development-analysis/trials.csv
SA-real-12800,SA-real,12800,S5,0,32,25,32,7,0,7,0,7,5,,fff2f01e7abb7b21a09553a0741bd629f6a17cd5fe618f93ebeebd932bf650fe,research/unified-student-20261001/SA-real-12800-development-analysis/trials.csv
SA-real-12800,SA-real,12800,S5,1,32,22,32,10,0,10,0,10,5.0,,fff2f01e7abb7b21a09553a0741bd629f6a17cd5fe618f93ebeebd932bf650fe,research/unified-student-20261001/SA-real-12800-development-analysis/trials.csv
SA-real-12800,SA-real,12800,S5,2,32,21,32,11,0,11,0,11,15,,fff2f01e7abb7b21a09553a0741bd629f6a17cd5fe618f93ebeebd932bf650fe,research/unified-student-20261001/SA-real-12800-development-analysis/trials.csv
SA-real-12800,SA-real,12800,S5,3,32,23,31,8,1,8,0,9,5,12.333333333333334,fff2f01e7abb7b21a09553a0741bd629f6a17cd5fe618f93ebeebd932bf650fe,research/unified-student-20261001/SA-real-12800-development-analysis/trials.csv
SA-real-16000,SA-real,16000,S2,0,32,28,32,4,0,4,0,4,4.0,,fff2f01e7abb7b21a09553a0741bd629f6a17cd5fe618f93ebeebd932bf650fe,research/unified-student-20261001/SA-real-16000-development-analysis/trials.csv
SA-real-16000,SA-real,16000,S2,1,32,14,25,11,7,11,0,12,12.0,6.066666666666666,fff2f01e7abb7b21a09553a0741bd629f6a17cd5fe618f93ebeebd932bf650fe,research/unified-student-20261001/SA-real-16000-development-analysis/trials.csv
SA-real-16000,SA-real,16000,S2,2,32,26,32,6,0,6,1,6,2.0,,fff2f01e7abb7b21a09553a0741bd629f6a17cd5fe618f93ebeebd932bf650fe,research/unified-student-20261001/SA-real-16000-development-analysis/trials.csv
SA-real-16000,SA-real,16000,S2,3,32,24,30,6,2,6,0,8,8.0,9.866666666666667,fff2f01e7abb7b21a09553a0741bd629f6a17cd5fe618f93ebeebd932bf650fe,research/unified-student-20261001/SA-real-16000-development-analysis/trials.csv
SA-real-16000,SA-real,16000,S5,0,32,0,10,10,22,10,0,28,5.0,10.616666666666667,fff2f01e7abb7b21a09553a0741bd629f6a17cd5fe618f93ebeebd932bf650fe,research/unified-student-20261001/SA-real-16000-development-analysis/trials.csv
SA-real-16000,SA-real,16000,S5,1,32,17,28,11,4,11,0,11,5,11.283333333333335,fff2f01e7abb7b21a09553a0741bd629f6a17cd5fe618f93ebeebd932bf650fe,research/unified-student-20261001/SA-real-16000-development-analysis/trials.csv
SA-real-16000,SA-real,16000,S5,2,32,27,32,5,0,5,1,5,5,,fff2f01e7abb7b21a09553a0741bd629f6a17cd5fe618f93ebeebd932bf650fe,research/unified-student-20261001/SA-real-16000-development-analysis/trials.csv
SA-real-16000,SA-real,16000,S5,3,32,22,31,9,1,8,1,10,10.0,13.133333333333333,fff2f01e7abb7b21a09553a0741bd629f6a17cd5fe618f93ebeebd932bf650fe,research/unified-student-20261001/SA-real-16000-development-analysis/trials.csv
SA-real-19200,SA-real,19200,S2,0,32,18,32,14,0,14,0,14,2.0,,fff2f01e7abb7b21a09553a0741bd629f6a17cd5fe618f93ebeebd932bf650fe,research/unified-student-20261001/SA-real-19200-development-analysis/trials.csv
SA-real-19200,SA-real,19200,S2,1,32,23,26,3,6,3,0,3,6,18.5,fff2f01e7abb7b21a09553a0741bd629f6a17cd5fe618f93ebeebd932bf650fe,research/unified-student-20261001/SA-real-19200-development-analysis/trials.csv
SA-real-19200,SA-real,19200,S2,2,32,2,32,30,0,30,0,30,6.0,,fff2f01e7abb7b21a09553a0741bd629f6a17cd5fe618f93ebeebd932bf650fe,research/unified-student-20261001/SA-real-19200-development-analysis/trials.csv
SA-real-19200,SA-real,19200,S2,3,32,25,31,6,1,6,0,7,6,13.966666666666667,fff2f01e7abb7b21a09553a0741bd629f6a17cd5fe618f93ebeebd932bf650fe,research/unified-student-20261001/SA-real-19200-development-analysis/trials.csv
SA-real-19200,SA-real,19200,S5,0,32,2,32,30,0,30,0,30,5.0,,fff2f01e7abb7b21a09553a0741bd629f6a17cd5fe618f93ebeebd932bf650fe,research/unified-student-20261001/SA-real-19200-development-analysis/trials.csv
SA-real-19200,SA-real,19200,S5,1,32,13,32,19,0,19,0,19,15,,fff2f01e7abb7b21a09553a0741bd629f6a17cd5fe618f93ebeebd932bf650fe,research/unified-student-20261001/SA-real-19200-development-analysis/trials.csv
SA-real-19200,SA-real,19200,S5,2,32,1,32,31,0,31,0,31,15,,fff2f01e7abb7b21a09553a0741bd629f6a17cd5fe618f93ebeebd932bf650fe,research/unified-student-20261001/SA-real-19200-development-analysis/trials.csv
SA-real-19200,SA-real,19200,S5,3,32,20,30,10,2,9,1,12,5.0,13.733333333333334,fff2f01e7abb7b21a09553a0741bd629f6a17cd5fe618f93ebeebd932bf650fe,research/unified-student-20261001/SA-real-19200-development-analysis/trials.csv
SA-real-22400,SA-real,22400,S2,0,32,29,32,3,0,3,0,3,18,,fff2f01e7abb7b21a09553a0741bd629f6a17cd5fe618f93ebeebd932bf650fe,research/unified-student-20261001/SA-real-22400-development-analysis/trials.csv
SA-real-22400,SA-real,22400,S2,1,32,13,32,19,0,19,0,19,10,,fff2f01e7abb7b21a09553a0741bd629f6a17cd5fe618f93ebeebd932bf650fe,research/unified-student-20261001/SA-real-22400-development-analysis/trials.csv
SA-real-22400,SA-real,22400,S2,2,32,18,32,14,0,14,0,14,2.0,,fff2f01e7abb7b21a09553a0741bd629f6a17cd5fe618f93ebeebd932bf650fe,research/unified-student-20261001/SA-real-22400-development-analysis/trials.csv
SA-real-22400,SA-real,22400,S2,3,32,22,31,9,1,9,0,10,10.0,17.0,fff2f01e7abb7b21a09553a0741bd629f6a17cd5fe618f93ebeebd932bf650fe,research/unified-student-20261001/SA-real-22400-development-analysis/trials.csv
SA-real-22400,SA-real,22400,S5,0,32,30,32,2,0,2,0,2,10.0,,fff2f01e7abb7b21a09553a0741bd629f6a17cd5fe618f93ebeebd932bf650fe,research/unified-student-20261001/SA-real-22400-development-analysis/trials.csv
SA-real-22400,SA-real,22400,S5,1,32,30,32,2,0,2,0,2,15.0,,fff2f01e7abb7b21a09553a0741bd629f6a17cd5fe618f93ebeebd932bf650fe,research/unified-student-20261001/SA-real-22400-development-analysis/trials.csv
SA-real-22400,SA-real,22400,S5,2,32,26,32,6,0,6,0,6,5.0,,fff2f01e7abb7b21a09553a0741bd629f6a17cd5fe618f93ebeebd932bf650fe,research/unified-student-20261001/SA-real-22400-development-analysis/trials.csv
SA-real-22400,SA-real,22400,S5,3,32,22,31,9,1,9,0,10,15.0,11.633333333333333,fff2f01e7abb7b21a09553a0741bd629f6a17cd5fe618f93ebeebd932bf650fe,research/unified-student-20261001/SA-real-22400-development-analysis/trials.csv
SA-real-25600,SA-real,25600,S2,0,32,14,31,17,1,17,0,17,14,13.2,fff2f01e7abb7b21a09553a0741bd629f6a17cd5fe618f93ebeebd932bf650fe,research/unified-student-20261001/SA-real-25600-development-analysis/trials.csv
SA-real-25600,SA-real,25600,S2,1,32,5,18,13,14,13,0,17,14,14.05,fff2f01e7abb7b21a09553a0741bd629f6a17cd5fe618f93ebeebd932bf650fe,research/unified-student-20261001/SA-real-25600-development-analysis/trials.csv
SA-real-25600,SA-real,25600,S2,2,32,28,32,4,0,4,0,4,2.0,,fff2f01e7abb7b21a09553a0741bd629f6a17cd5fe618f93ebeebd932bf650fe,research/unified-student-20261001/SA-real-25600-development-analysis/trials.csv
SA-real-25600,SA-real,25600,S2,3,32,23,31,8,1,8,0,9,10,4.733333333333333,fff2f01e7abb7b21a09553a0741bd629f6a17cd5fe618f93ebeebd932bf650fe,research/unified-student-20261001/SA-real-25600-development-analysis/trials.csv
SA-real-25600,SA-real,25600,S5,0,32,29,32,3,0,3,0,3,5,,fff2f01e7abb7b21a09553a0741bd629f6a17cd5fe618f93ebeebd932bf650fe,research/unified-student-20261001/SA-real-25600-development-analysis/trials.csv
SA-real-25600,SA-real,25600,S5,1,32,29,31,2,1,2,0,2,10.0,14.266666666666667,fff2f01e7abb7b21a09553a0741bd629f6a17cd5fe618f93ebeebd932bf650fe,research/unified-student-20261001/SA-real-25600-development-analysis/trials.csv
SA-real-25600,SA-real,25600,S5,2,32,28,32,4,0,4,0,4,5.0,,fff2f01e7abb7b21a09553a0741bd629f6a17cd5fe618f93ebeebd932bf650fe,research/unified-student-20261001/SA-real-25600-development-analysis/trials.csv
SA-real-25600,SA-real,25600,S5,3,32,19,31,12,1,12,0,13,5,12.2,fff2f01e7abb7b21a09553a0741bd629f6a17cd5fe618f93ebeebd932bf650fe,research/unified-student-20261001/SA-real-25600-development-analysis/trials.csv
SA-real-28800,SA-real,28800,S2,0,32,30,32,2,0,2,0,2,2.0,,fff2f01e7abb7b21a09553a0741bd629f6a17cd5fe618f93ebeebd932bf650fe,research/unified-student-20261001/SA-real-28800-development-analysis/trials.csv
SA-real-28800,SA-real,28800,S2,1,32,19,30,11,2,11,0,11,14,18.53333333333333,fff2f01e7abb7b21a09553a0741bd629f6a17cd5fe618f93ebeebd932bf650fe,research/unified-student-20261001/SA-real-28800-development-analysis/trials.csv
SA-real-28800,SA-real,28800,S2,2,32,28,31,3,1,3,0,4,4.0,9.166666666666666,fff2f01e7abb7b21a09553a0741bd629f6a17cd5fe618f93ebeebd932bf650fe,research/unified-student-20261001/SA-real-28800-development-analysis/trials.csv
SA-real-28800,SA-real,28800,S2,3,32,20,29,9,3,9,0,10,10.0,9.033333333333333,fff2f01e7abb7b21a09553a0741bd629f6a17cd5fe618f93ebeebd932bf650fe,research/unified-student-20261001/SA-real-28800-development-analysis/trials.csv
SA-real-28800,SA-real,28800,S5,0,32,29,32,3,0,3,0,3,15,,fff2f01e7abb7b21a09553a0741bd629f6a17cd5fe618f93ebeebd932bf650fe,research/unified-student-20261001/SA-real-28800-development-analysis/trials.csv
SA-real-28800,SA-real,28800,S5,1,32,29,32,3,0,3,0,3,15,,fff2f01e7abb7b21a09553a0741bd629f6a17cd5fe618f93ebeebd932bf650fe,research/unified-student-20261001/SA-real-28800-development-analysis/trials.csv
SA-real-28800,SA-real,28800,S5,2,32,28,32,4,0,4,0,4,15.0,,fff2f01e7abb7b21a09553a0741bd629f6a17cd5fe618f93ebeebd932bf650fe,research/unified-student-20261001/SA-real-28800-development-analysis/trials.csv
SA-real-28800,SA-real,28800,S5,3,32,24,32,8,0,7,1,8,5.0,,fff2f01e7abb7b21a09553a0741bd629f6a17cd5fe618f93ebeebd932bf650fe,research/unified-student-20261001/SA-real-28800-development-analysis/trials.csv
SA-real-32000,SA-real,32000,S2,0,32,27,32,5,0,5,0,5,2,,fff2f01e7abb7b21a09553a0741bd629f6a17cd5fe618f93ebeebd932bf650fe,research/unified-student-20261001/SA-real-32000-development-analysis/trials.csv
SA-real-32000,SA-real,32000,S2,1,32,24,30,6,2,6,0,6,6.0,16.533333333333335,fff2f01e7abb7b21a09553a0741bd629f6a17cd5fe618f93ebeebd932bf650fe,research/unified-student-20261001/SA-real-32000-development-analysis/trials.csv
SA-real-32000,SA-real,32000,S2,2,32,15,32,17,0,17,0,17,10,,fff2f01e7abb7b21a09553a0741bd629f6a17cd5fe618f93ebeebd932bf650fe,research/unified-student-20261001/SA-real-32000-development-analysis/trials.csv
SA-real-32000,SA-real,32000,S2,3,32,25,32,7,0,7,0,7,10,,fff2f01e7abb7b21a09553a0741bd629f6a17cd5fe618f93ebeebd932bf650fe,research/unified-student-20261001/SA-real-32000-development-analysis/trials.csv
SA-real-32000,SA-real,32000,S5,0,32,20,32,12,0,12,0,12,5.0,,fff2f01e7abb7b21a09553a0741bd629f6a17cd5fe618f93ebeebd932bf650fe,research/unified-student-20261001/SA-real-32000-development-analysis/trials.csv
SA-real-32000,SA-real,32000,S5,1,32,28,32,4,0,4,0,4,15.0,,fff2f01e7abb7b21a09553a0741bd629f6a17cd5fe618f93ebeebd932bf650fe,research/unified-student-20261001/SA-real-32000-development-analysis/trials.csv
SA-real-32000,SA-real,32000,S5,2,32,26,32,6,0,6,0,6,15.0,,fff2f01e7abb7b21a09553a0741bd629f6a17cd5fe618f93ebeebd932bf650fe,research/unified-student-20261001/SA-real-32000-development-analysis/trials.csv
SA-real-32000,SA-real,32000,S5,3,32,26,32,6,0,5,1,6,7.5,,fff2f01e7abb7b21a09553a0741bd629f6a17cd5fe618f93ebeebd932bf650fe,research/unified-student-20261001/SA-real-32000-development-analysis/trials.csv
SA-real-35200,SA-real,35200,S2,0,32,31,32,1,0,1,0,1,2,,fff2f01e7abb7b21a09553a0741bd629f6a17cd5fe618f93ebeebd932bf650fe,research/unified-student-20261001/SA-real-35200-development-analysis/trials.csv
SA-real-35200,SA-real,35200,S2,1,32,29,31,2,1,2,0,2,4.0,18.533333333333335,fff2f01e7abb7b21a09553a0741bd629f6a17cd5fe618f93ebeebd932bf650fe,research/unified-student-20261001/SA-real-35200-development-analysis/trials.csv
SA-real-35200,SA-real,35200,S2,2,32,18,32,14,0,14,0,14,8.0,,fff2f01e7abb7b21a09553a0741bd629f6a17cd5fe618f93ebeebd932bf650fe,research/unified-student-20261001/SA-real-35200-development-analysis/trials.csv
SA-real-35200,SA-real,35200,S2,3,32,18,29,11,3,11,0,11,10.0,5.466666666666667,fff2f01e7abb7b21a09553a0741bd629f6a17cd5fe618f93ebeebd932bf650fe,research/unified-student-20261001/SA-real-35200-development-analysis/trials.csv
SA-real-35200,SA-real,35200,S5,0,32,31,32,1,0,1,0,1,5,,fff2f01e7abb7b21a09553a0741bd629f6a17cd5fe618f93ebeebd932bf650fe,research/unified-student-20261001/SA-real-35200-development-analysis/trials.csv
SA-real-35200,SA-real,35200,S5,1,32,30,32,2,0,2,0,2,15.0,,fff2f01e7abb7b21a09553a0741bd629f6a17cd5fe618f93ebeebd932bf650fe,research/unified-student-20261001/SA-real-35200-development-analysis/trials.csv
SA-real-35200,SA-real,35200,S5,2,32,27,32,5,0,5,0,5,15,,fff2f01e7abb7b21a09553a0741bd629f6a17cd5fe618f93ebeebd932bf650fe,research/unified-student-20261001/SA-real-35200-development-analysis/trials.csv
SA-real-35200,SA-real,35200,S5,3,32,27,31,4,1,4,0,4,10,5.2,fff2f01e7abb7b21a09553a0741bd629f6a17cd5fe618f93ebeebd932bf650fe,research/unified-student-20261001/SA-real-35200-development-analysis/trials.csv
SA-real-38400,SA-real,38400,S2,0,32,27,32,5,0,5,0,5,10,,fff2f01e7abb7b21a09553a0741bd629f6a17cd5fe618f93ebeebd932bf650fe,research/unified-student-20261001/SA-real-38400-development-analysis/trials.csv
SA-real-38400,SA-real,38400,S2,1,32,7,24,17,8,17,0,20,14,13.9,fff2f01e7abb7b21a09553a0741bd629f6a17cd5fe618f93ebeebd932bf650fe,research/unified-student-20261001/SA-real-38400-development-analysis/trials.csv
SA-real-38400,SA-real,38400,S2,2,32,24,32,8,0,8,0,8,6.0,,fff2f01e7abb7b21a09553a0741bd629f6a17cd5fe618f93ebeebd932bf650fe,research/unified-student-20261001/SA-real-38400-development-analysis/trials.csv
SA-real-38400,SA-real,38400,S2,3,32,23,29,6,3,6,0,7,6,5.366666666666666,fff2f01e7abb7b21a09553a0741bd629f6a17cd5fe618f93ebeebd932bf650fe,research/unified-student-20261001/SA-real-38400-development-analysis/trials.csv
SA-real-38400,SA-real,38400,S5,0,32,29,32,3,0,3,0,3,15,,fff2f01e7abb7b21a09553a0741bd629f6a17cd5fe618f93ebeebd932bf650fe,research/unified-student-20261001/SA-real-38400-development-analysis/trials.csv
SA-real-38400,SA-real,38400,S5,1,32,26,29,3,3,3,0,3,15,3.8,fff2f01e7abb7b21a09553a0741bd629f6a17cd5fe618f93ebeebd932bf650fe,research/unified-student-20261001/SA-real-38400-development-analysis/trials.csv
SA-real-38400,SA-real,38400,S5,2,32,27,32,5,0,5,0,5,5,,fff2f01e7abb7b21a09553a0741bd629f6a17cd5fe618f93ebeebd932bf650fe,research/unified-student-20261001/SA-real-38400-development-analysis/trials.csv
SA-real-38400,SA-real,38400,S5,3,32,17,32,15,0,15,1,15,10,,fff2f01e7abb7b21a09553a0741bd629f6a17cd5fe618f93ebeebd932bf650fe,research/unified-student-20261001/SA-real-38400-development-analysis/trials.csv
SC-masked-3600,SC-masked,3600,S2,0,32,0,32,32,0,32,1,32,2.0,,fff2f01e7abb7b21a09553a0741bd629f6a17cd5fe618f93ebeebd932bf650fe,research/unified-student-20261001/SC-masked-3600-development-analysis/trials.csv
SC-masked-3600,SC-masked,3600,S2,1,32,5,19,14,13,14,0,15,2,0.8,fff2f01e7abb7b21a09553a0741bd629f6a17cd5fe618f93ebeebd932bf650fe,research/unified-student-20261001/SC-masked-3600-development-analysis/trials.csv
SC-masked-3600,SC-masked,3600,S2,2,32,0,32,32,0,32,0,32,2.0,,fff2f01e7abb7b21a09553a0741bd629f6a17cd5fe618f93ebeebd932bf650fe,research/unified-student-20261001/SC-masked-3600-development-analysis/trials.csv
SC-masked-3600,SC-masked,3600,S2,3,32,13,29,16,3,16,0,19,6,4.633333333333334,fff2f01e7abb7b21a09553a0741bd629f6a17cd5fe618f93ebeebd932bf650fe,research/unified-student-20261001/SC-masked-3600-development-analysis/trials.csv
SC-masked-3600,SC-masked,3600,S5,0,32,0,30,30,2,30,0,32,5.0,15.433333333333334,fff2f01e7abb7b21a09553a0741bd629f6a17cd5fe618f93ebeebd932bf650fe,research/unified-student-20261001/SC-masked-3600-development-analysis/trials.csv
SC-masked-3600,SC-masked,3600,S5,1,32,12,20,8,12,8,0,8,5,0.7666666666666666,fff2f01e7abb7b21a09553a0741bd629f6a17cd5fe618f93ebeebd932bf650fe,research/unified-student-20261001/SC-masked-3600-development-analysis/trials.csv
SC-masked-3600,SC-masked,3600,S5,2,32,2,31,29,1,29,1,30,5.0,5.266666666666667,fff2f01e7abb7b21a09553a0741bd629f6a17cd5fe618f93ebeebd932bf650fe,research/unified-student-20261001/SC-masked-3600-development-analysis/trials.csv
SC-masked-3600,SC-masked,3600,S5,3,32,10,32,22,0,22,0,22,5.0,,fff2f01e7abb7b21a09553a0741bd629f6a17cd5fe618f93ebeebd932bf650fe,research/unified-student-20261001/SC-masked-3600-development-analysis/trials.csv
SC-masked-4000,SC-masked,4000,S2,0,32,0,32,32,0,32,0,32,2.0,,fff2f01e7abb7b21a09553a0741bd629f6a17cd5fe618f93ebeebd932bf650fe,research/unified-student-20261001/SC-masked-4000-development-analysis/trials.csv
SC-masked-4000,SC-masked,4000,S2,1,32,3,5,2,27,2,0,4,6,5.2,fff2f01e7abb7b21a09553a0741bd629f6a17cd5fe618f93ebeebd932bf650fe,research/unified-student-20261001/SC-masked-4000-development-analysis/trials.csv
SC-masked-4000,SC-masked,4000,S2,2,32,14,27,13,5,13,0,18,2.0,16.7,fff2f01e7abb7b21a09553a0741bd629f6a17cd5fe618f93ebeebd932bf650fe,research/unified-student-20261001/SC-masked-4000-development-analysis/trials.csv
SC-masked-4000,SC-masked,4000,S2,3,32,9,31,22,1,22,0,23,2,14.266666666666667,fff2f01e7abb7b21a09553a0741bd629f6a17cd5fe618f93ebeebd932bf650fe,research/unified-student-20261001/SC-masked-4000-development-analysis/trials.csv
SC-masked-4000,SC-masked,4000,S5,0,32,0,32,32,0,32,0,32,5.0,,fff2f01e7abb7b21a09553a0741bd629f6a17cd5fe618f93ebeebd932bf650fe,research/unified-student-20261001/SC-masked-4000-development-analysis/trials.csv
SC-masked-4000,SC-masked,4000,S5,1,32,9,11,2,21,2,0,3,5.0,10.9,fff2f01e7abb7b21a09553a0741bd629f6a17cd5fe618f93ebeebd932bf650fe,research/unified-student-20261001/SC-masked-4000-development-analysis/trials.csv
SC-masked-4000,SC-masked,4000,S5,2,32,23,31,8,1,8,0,9,5,15.433333333333334,fff2f01e7abb7b21a09553a0741bd629f6a17cd5fe618f93ebeebd932bf650fe,research/unified-student-20261001/SC-masked-4000-development-analysis/trials.csv
SC-masked-4000,SC-masked,4000,S5,3,32,3,32,29,0,29,1,29,5,,fff2f01e7abb7b21a09553a0741bd629f6a17cd5fe618f93ebeebd932bf650fe,research/unified-student-20261001/SC-masked-4000-development-analysis/trials.csv
SC-masked-4800,SC-masked,4800,S2,0,32,0,32,32,0,32,0,32,2.0,,fff2f01e7abb7b21a09553a0741bd629f6a17cd5fe618f93ebeebd932bf650fe,research/unified-student-20261001/SC-masked-4800-development-analysis/trials.csv
SC-masked-4800,SC-masked,4800,S2,1,32,0,26,26,6,26,0,32,2.0,16.5,fff2f01e7abb7b21a09553a0741bd629f6a17cd5fe618f93ebeebd932bf650fe,research/unified-student-20261001/SC-masked-4800-development-analysis/trials.csv
SC-masked-4800,SC-masked,4800,S2,2,32,1,32,31,0,31,0,31,2,,fff2f01e7abb7b21a09553a0741bd629f6a17cd5fe618f93ebeebd932bf650fe,research/unified-student-20261001/SC-masked-4800-development-analysis/trials.csv
SC-masked-4800,SC-masked,4800,S2,3,32,6,31,25,1,25,0,26,2.0,6.366666666666666,fff2f01e7abb7b21a09553a0741bd629f6a17cd5fe618f93ebeebd932bf650fe,research/unified-student-20261001/SC-masked-4800-development-analysis/trials.csv
SC-masked-4800,SC-masked,4800,S5,0,32,0,32,32,0,32,0,32,5.0,,fff2f01e7abb7b21a09553a0741bd629f6a17cd5fe618f93ebeebd932bf650fe,research/unified-student-20261001/SC-masked-4800-development-analysis/trials.csv
SC-masked-4800,SC-masked,4800,S5,1,32,1,32,31,0,31,0,31,5,,fff2f01e7abb7b21a09553a0741bd629f6a17cd5fe618f93ebeebd932bf650fe,research/unified-student-20261001/SC-masked-4800-development-analysis/trials.csv
SC-masked-4800,SC-masked,4800,S5,2,32,1,32,31,0,31,0,31,5,,fff2f01e7abb7b21a09553a0741bd629f6a17cd5fe618f93ebeebd932bf650fe,research/unified-student-20261001/SC-masked-4800-development-analysis/trials.csv
SC-masked-4800,SC-masked,4800,S5,3,32,10,32,22,0,22,0,22,5.0,,fff2f01e7abb7b21a09553a0741bd629f6a17cd5fe618f93ebeebd932bf650fe,research/unified-student-20261001/SC-masked-4800-development-analysis/trials.csv
SC-masked-6400,SC-masked,6400,S2,0,32,24,32,8,0,8,0,8,14.0,,fff2f01e7abb7b21a09553a0741bd629f6a17cd5fe618f93ebeebd932bf650fe,research/unified-student-20261001/SC-masked-6400-development-analysis/trials.csv
SC-masked-6400,SC-masked,6400,S2,1,32,1,2,1,30,1,0,11,4.0,5.55,fff2f01e7abb7b21a09553a0741bd629f6a17cd5fe618f93ebeebd932bf650fe,research/unified-student-20261001/SC-masked-6400-development-analysis/trials.csv
SC-masked-6400,SC-masked,6400,S2,2,32,22,32,10,0,10,0,10,2.0,,fff2f01e7abb7b21a09553a0741bd629f6a17cd5fe618f93ebeebd932bf650fe,research/unified-student-20261001/SC-masked-6400-development-analysis/trials.csv
SC-masked-6400,SC-masked,6400,S2,3,32,13,31,18,1,18,0,19,2,13.0,fff2f01e7abb7b21a09553a0741bd629f6a17cd5fe618f93ebeebd932bf650fe,research/unified-student-20261001/SC-masked-6400-development-analysis/trials.csv
SC-masked-6400,SC-masked,6400,S5,0,32,15,32,17,0,17,0,17,5,,fff2f01e7abb7b21a09553a0741bd629f6a17cd5fe618f93ebeebd932bf650fe,research/unified-student-20261001/SC-masked-6400-development-analysis/trials.csv
SC-masked-6400,SC-masked,6400,S5,1,32,5,5,0,27,0,0,3,10.0,11.433333333333334,fff2f01e7abb7b21a09553a0741bd629f6a17cd5fe618f93ebeebd932bf650fe,research/unified-student-20261001/SC-masked-6400-development-analysis/trials.csv
SC-masked-6400,SC-masked,6400,S5,2,32,14,32,18,0,18,0,18,5.0,,fff2f01e7abb7b21a09553a0741bd629f6a17cd5fe618f93ebeebd932bf650fe,research/unified-student-20261001/SC-masked-6400-development-analysis/trials.csv
SC-masked-6400,SC-masked,6400,S5,3,32,12,32,20,0,20,3,20,5.0,,fff2f01e7abb7b21a09553a0741bd629f6a17cd5fe618f93ebeebd932bf650fe,research/unified-student-20261001/SC-masked-6400-development-analysis/trials.csv
SC-masked-9600,SC-masked,9600,S2,0,32,28,32,4,0,4,0,4,2.0,,fff2f01e7abb7b21a09553a0741bd629f6a17cd5fe618f93ebeebd932bf650fe,research/unified-student-20261001/SC-masked-9600-development-analysis/trials.csv
SC-masked-9600,SC-masked,9600,S2,1,32,14,28,14,4,14,0,16,2.0,11.933333333333334,fff2f01e7abb7b21a09553a0741bd629f6a17cd5fe618f93ebeebd932bf650fe,research/unified-student-20261001/SC-masked-9600-development-analysis/trials.csv
SC-masked-9600,SC-masked,9600,S2,2,32,2,32,30,0,30,0,30,2.0,,fff2f01e7abb7b21a09553a0741bd629f6a17cd5fe618f93ebeebd932bf650fe,research/unified-student-20261001/SC-masked-9600-development-analysis/trials.csv
SC-masked-9600,SC-masked,9600,S2,3,32,14,30,16,2,16,0,17,6.0,11.383333333333333,fff2f01e7abb7b21a09553a0741bd629f6a17cd5fe618f93ebeebd932bf650fe,research/unified-student-20261001/SC-masked-9600-development-analysis/trials.csv
SC-masked-9600,SC-masked,9600,S5,0,32,25,32,7,0,7,0,7,15,,fff2f01e7abb7b21a09553a0741bd629f6a17cd5fe618f93ebeebd932bf650fe,research/unified-student-20261001/SC-masked-9600-development-analysis/trials.csv
SC-masked-9600,SC-masked,9600,S5,1,32,25,29,4,3,4,0,4,5.0,11.6,fff2f01e7abb7b21a09553a0741bd629f6a17cd5fe618f93ebeebd932bf650fe,research/unified-student-20261001/SC-masked-9600-development-analysis/trials.csv
SC-masked-9600,SC-masked,9600,S5,2,32,3,32,29,0,29,0,29,5,,fff2f01e7abb7b21a09553a0741bd629f6a17cd5fe618f93ebeebd932bf650fe,research/unified-student-20261001/SC-masked-9600-development-analysis/trials.csv
SC-masked-9600,SC-masked,9600,S5,3,32,20,32,12,0,10,2,12,12.5,,fff2f01e7abb7b21a09553a0741bd629f6a17cd5fe618f93ebeebd932bf650fe,research/unified-student-20261001/SC-masked-9600-development-analysis/trials.csv
SC-masked-12800,SC-masked,12800,S2,0,32,9,32,23,0,23,0,23,2,,fff2f01e7abb7b21a09553a0741bd629f6a17cd5fe618f93ebeebd932bf650fe,research/unified-student-20261001/SC-masked-12800-development-analysis/trials.csv
SC-masked-12800,SC-masked,12800,S2,1,32,23,27,4,5,4,0,7,6,18.533333333333335,fff2f01e7abb7b21a09553a0741bd629f6a17cd5fe618f93ebeebd932bf650fe,research/unified-student-20261001/SC-masked-12800-development-analysis/trials.csv
SC-masked-12800,SC-masked,12800,S2,2,32,18,32,14,0,14,0,14,6.0,,fff2f01e7abb7b21a09553a0741bd629f6a17cd5fe618f93ebeebd932bf650fe,research/unified-student-20261001/SC-masked-12800-development-analysis/trials.csv
SC-masked-12800,SC-masked,12800,S2,3,32,18,31,13,1,13,1,14,8.0,9.533333333333333,fff2f01e7abb7b21a09553a0741bd629f6a17cd5fe618f93ebeebd932bf650fe,research/unified-student-20261001/SC-masked-12800-development-analysis/trials.csv
SC-masked-12800,SC-masked,12800,S5,0,32,5,32,27,0,27,0,27,5,,fff2f01e7abb7b21a09553a0741bd629f6a17cd5fe618f93ebeebd932bf650fe,research/unified-student-20261001/SC-masked-12800-development-analysis/trials.csv
SC-masked-12800,SC-masked,12800,S5,1,32,28,32,4,0,4,0,4,5.0,,fff2f01e7abb7b21a09553a0741bd629f6a17cd5fe618f93ebeebd932bf650fe,research/unified-student-20261001/SC-masked-12800-development-analysis/trials.csv
SC-masked-12800,SC-masked,12800,S5,2,32,24,32,8,0,8,0,8,15.0,,fff2f01e7abb7b21a09553a0741bd629f6a17cd5fe618f93ebeebd932bf650fe,research/unified-student-20261001/SC-masked-12800-development-analysis/trials.csv
SC-masked-12800,SC-masked,12800,S5,3,32,20,32,12,0,11,1,12,7.5,,fff2f01e7abb7b21a09553a0741bd629f6a17cd5fe618f93ebeebd932bf650fe,research/unified-student-20261001/SC-masked-12800-development-analysis/trials.csv
SC-real-3600,SC-real,3600,S2,0,32,1,32,31,0,31,0,31,2,,fff2f01e7abb7b21a09553a0741bd629f6a17cd5fe618f93ebeebd932bf650fe,research/unified-student-20261001/SC-real-3600-development-analysis/trials.csv
SC-real-3600,SC-real,3600,S2,1,32,18,32,14,0,14,0,14,6.0,,fff2f01e7abb7b21a09553a0741bd629f6a17cd5fe618f93ebeebd932bf650fe,research/unified-student-20261001/SC-real-3600-development-analysis/trials.csv
SC-real-3600,SC-real,3600,S2,2,32,13,30,17,2,17,0,19,6,13.583333333333334,fff2f01e7abb7b21a09553a0741bd629f6a17cd5fe618f93ebeebd932bf650fe,research/unified-student-20261001/SC-real-3600-development-analysis/trials.csv
SC-real-3600,SC-real,3600,S2,3,32,0,32,32,0,32,0,32,2.0,,fff2f01e7abb7b21a09553a0741bd629f6a17cd5fe618f93ebeebd932bf650fe,research/unified-student-20261001/SC-real-3600-development-analysis/trials.csv
SC-real-3600,SC-real,3600,S5,0,32,5,32,27,0,27,0,27,5,,fff2f01e7abb7b21a09553a0741bd629f6a17cd5fe618f93ebeebd932bf650fe,research/unified-student-20261001/SC-real-3600-development-analysis/trials.csv
SC-real-3600,SC-real,3600,S5,1,32,3,4,1,28,1,0,4,15.0,10.566666666666666,fff2f01e7abb7b21a09553a0741bd629f6a17cd5fe618f93ebeebd932bf650fe,research/unified-student-20261001/SC-real-3600-development-analysis/trials.csv
SC-real-3600,SC-real,3600,S5,2,32,22,27,5,5,5,0,7,5.0,13.033333333333333,fff2f01e7abb7b21a09553a0741bd629f6a17cd5fe618f93ebeebd932bf650fe,research/unified-student-20261001/SC-real-3600-development-analysis/trials.csv
SC-real-3600,SC-real,3600,S5,3,32,4,32,28,0,28,1,28,5.0,,fff2f01e7abb7b21a09553a0741bd629f6a17cd5fe618f93ebeebd932bf650fe,research/unified-student-20261001/SC-real-3600-development-analysis/trials.csv
SC-real-4000,SC-real,4000,S2,0,32,26,32,6,0,6,0,6,12.0,,fff2f01e7abb7b21a09553a0741bd629f6a17cd5fe618f93ebeebd932bf650fe,research/unified-student-20261001/SC-real-4000-development-analysis/trials.csv
SC-real-4000,SC-real,4000,S2,1,32,3,4,1,28,1,0,3,6.0,5.233333333333333,fff2f01e7abb7b21a09553a0741bd629f6a17cd5fe618f93ebeebd932bf650fe,research/unified-student-20261001/SC-real-4000-development-analysis/trials.csv
SC-real-4000,SC-real,4000,S2,2,32,16,29,13,3,13,0,15,2,14.4,fff2f01e7abb7b21a09553a0741bd629f6a17cd5fe618f93ebeebd932bf650fe,research/unified-student-20261001/SC-real-4000-development-analysis/trials.csv
SC-real-4000,SC-real,4000,S2,3,32,14,31,17,1,17,0,18,6.0,14.266666666666667,fff2f01e7abb7b21a09553a0741bd629f6a17cd5fe618f93ebeebd932bf650fe,research/unified-student-20261001/SC-real-4000-development-analysis/trials.csv
SC-real-4000,SC-real,4000,S5,0,32,22,32,10,0,10,0,10,15.0,,fff2f01e7abb7b21a09553a0741bd629f6a17cd5fe618f93ebeebd932bf650fe,research/unified-student-20261001/SC-real-4000-development-analysis/trials.csv
SC-real-4000,SC-real,4000,S5,1,32,0,0,0,32,0,0,1,15.0,10.833333333333334,fff2f01e7abb7b21a09553a0741bd629f6a17cd5fe618f93ebeebd932bf650fe,research/unified-student-20261001/SC-real-4000-development-analysis/trials.csv
SC-real-4000,SC-real,4000,S5,2,32,26,31,5,1,5,1,6,10.0,15.4,fff2f01e7abb7b21a09553a0741bd629f6a17cd5fe618f93ebeebd932bf650fe,research/unified-student-20261001/SC-real-4000-development-analysis/trials.csv
SC-real-4000,SC-real,4000,S5,3,32,19,32,13,0,13,0,13,5,,fff2f01e7abb7b21a09553a0741bd629f6a17cd5fe618f93ebeebd932bf650fe,research/unified-student-20261001/SC-real-4000-development-analysis/trials.csv
SC-real-4800,SC-real,4800,S2,0,32,13,30,17,2,17,0,19,2,15.100000000000001,fff2f01e7abb7b21a09553a0741bd629f6a17cd5fe618f93ebeebd932bf650fe,research/unified-student-20261001/SC-real-4800-development-analysis/trials.csv
SC-real-4800,SC-real,4800,S2,1,32,9,24,15,8,15,0,16,14,1.4166666666666665,fff2f01e7abb7b21a09553a0741bd629f6a17cd5fe618f93ebeebd932bf650fe,research/unified-student-20261001/SC-real-4800-development-analysis/trials.csv
SC-real-4800,SC-real,4800,S2,2,32,25,32,7,0,7,0,7,2,,fff2f01e7abb7b21a09553a0741bd629f6a17cd5fe618f93ebeebd932bf650fe,research/unified-student-20261001/SC-real-4800-development-analysis/trials.csv
SC-real-4800,SC-real,4800,S2,3,32,7,32,25,0,25,0,25,6,,fff2f01e7abb7b21a09553a0741bd629f6a17cd5fe618f93ebeebd932bf650fe,research/unified-student-20261001/SC-real-4800-development-analysis/trials.csv
SC-real-4800,SC-real,4800,S5,0,32,11,31,20,1,20,0,20,15,11.166666666666666,fff2f01e7abb7b21a09553a0741bd629f6a17cd5fe618f93ebeebd932bf650fe,research/unified-student-20261001/SC-real-4800-development-analysis/trials.csv
SC-real-4800,SC-real,4800,S5,1,32,10,16,6,16,6,0,7,5.0,3.966666666666667,fff2f01e7abb7b21a09553a0741bd629f6a17cd5fe618f93ebeebd932bf650fe,research/unified-student-20261001/SC-real-4800-development-analysis/trials.csv
SC-real-4800,SC-real,4800,S5,2,32,26,32,6,0,6,0,6,10.0,,fff2f01e7abb7b21a09553a0741bd629f6a17cd5fe618f93ebeebd932bf650fe,research/unified-student-20261001/SC-real-4800-development-analysis/trials.csv
SC-real-4800,SC-real,4800,S5,3,32,14,32,18,0,18,2,18,5.0,,fff2f01e7abb7b21a09553a0741bd629f6a17cd5fe618f93ebeebd932bf650fe,research/unified-student-20261001/SC-real-4800-development-analysis/trials.csv
SC-real-6400,SC-real,6400,S2,0,32,6,31,25,1,25,0,25,2.0,0.03333333333333333,fff2f01e7abb7b21a09553a0741bd629f6a17cd5fe618f93ebeebd932bf650fe,research/unified-student-20261001/SC-real-6400-development-analysis/trials.csv
SC-real-6400,SC-real,6400,S2,1,32,21,29,8,3,8,0,8,10.0,13.5,fff2f01e7abb7b21a09553a0741bd629f6a17cd5fe618f93ebeebd932bf650fe,research/unified-student-20261001/SC-real-6400-development-analysis/trials.csv
SC-real-6400,SC-real,6400,S2,2,32,2,32,30,0,30,0,30,6.0,,fff2f01e7abb7b21a09553a0741bd629f6a17cd5fe618f93ebeebd932bf650fe,research/unified-student-20261001/SC-real-6400-development-analysis/trials.csv
SC-real-6400,SC-real,6400,S2,3,32,21,31,10,1,10,0,11,10,17.266666666666666,fff2f01e7abb7b21a09553a0741bd629f6a17cd5fe618f93ebeebd932bf650fe,research/unified-student-20261001/SC-real-6400-development-analysis/trials.csv
SC-real-6400,SC-real,6400,S5,0,32,0,29,29,3,29,0,31,5.0,15.4,fff2f01e7abb7b21a09553a0741bd629f6a17cd5fe618f93ebeebd932bf650fe,research/unified-student-20261001/SC-real-6400-development-analysis/trials.csv
SC-real-6400,SC-real,6400,S5,1,32,27,32,5,0,5,0,5,5,,fff2f01e7abb7b21a09553a0741bd629f6a17cd5fe618f93ebeebd932bf650fe,research/unified-student-20261001/SC-real-6400-development-analysis/trials.csv
SC-real-6400,SC-real,6400,S5,2,32,4,32,28,0,28,0,28,5.0,,fff2f01e7abb7b21a09553a0741bd629f6a17cd5fe618f93ebeebd932bf650fe,research/unified-student-20261001/SC-real-6400-development-analysis/trials.csv
SC-real-6400,SC-real,6400,S5,3,32,20,32,12,0,11,1,12,5.0,,fff2f01e7abb7b21a09553a0741bd629f6a17cd5fe618f93ebeebd932bf650fe,research/unified-student-20261001/SC-real-6400-development-analysis/trials.csv
SC-real-7200,SC-real,7200,S2,0,32,1,30,29,2,29,0,30,6,9.6,fff2f01e7abb7b21a09553a0741bd629f6a17cd5fe618f93ebeebd932bf650fe,research/unified-student-20261001/SC-real-7200-development-analysis/trials.csv
SC-real-7200,SC-real,7200,S2,1,32,9,30,21,2,21,0,22,6.0,18.566666666666666,fff2f01e7abb7b21a09553a0741bd629f6a17cd5fe618f93ebeebd932bf650fe,research/unified-student-20261001/SC-real-7200-development-analysis/trials.csv
SC-real-7200,SC-real,7200,S2,2,32,12,31,19,1,19,0,19,2.0,0.6,fff2f01e7abb7b21a09553a0741bd629f6a17cd5fe618f93ebeebd932bf650fe,research/unified-student-20261001/SC-real-7200-development-analysis/trials.csv
SC-real-7200,SC-real,7200,S2,3,32,7,31,24,1,24,1,25,6,18.266666666666666,fff2f01e7abb7b21a09553a0741bd629f6a17cd5fe618f93ebeebd932bf650fe,research/unified-student-20261001/SC-real-7200-development-analysis/trials.csv
SC-real-7200,SC-real,7200,S5,0,32,9,27,18,5,18,0,19,5,15.533333333333333,fff2f01e7abb7b21a09553a0741bd629f6a17cd5fe618f93ebeebd932bf650fe,research/unified-student-20261001/SC-real-7200-development-analysis/trials.csv
SC-real-7200,SC-real,7200,S5,1,32,29,31,2,1,2,0,2,10.0,10.633333333333333,fff2f01e7abb7b21a09553a0741bd629f6a17cd5fe618f93ebeebd932bf650fe,research/unified-student-20261001/SC-real-7200-development-analysis/trials.csv
SC-real-7200,SC-real,7200,S5,2,32,14,31,17,1,17,0,17,5,0.6,fff2f01e7abb7b21a09553a0741bd629f6a17cd5fe618f93ebeebd932bf650fe,research/unified-student-20261001/SC-real-7200-development-analysis/trials.csv
SC-real-7200,SC-real,7200,S5,3,32,15,32,17,0,16,3,17,5,,fff2f01e7abb7b21a09553a0741bd629f6a17cd5fe618f93ebeebd932bf650fe,research/unified-student-20261001/SC-real-7200-development-analysis/trials.csv
SC-real-8000,SC-real,8000,S2,0,32,28,32,4,0,4,0,4,14.0,,fff2f01e7abb7b21a09553a0741bd629f6a17cd5fe618f93ebeebd932bf650fe,research/unified-student-20261001/SC-real-8000-development-analysis/trials.csv
SC-real-8000,SC-real,8000,S2,1,32,2,2,0,30,0,0,0,2,0.9666666666666667,fff2f01e7abb7b21a09553a0741bd629f6a17cd5fe618f93ebeebd932bf650fe,research/unified-student-20261001/SC-real-8000-development-analysis/trials.csv
SC-real-8000,SC-real,8000,S2,2,32,21,32,11,0,11,0,11,6,,fff2f01e7abb7b21a09553a0741bd629f6a17cd5fe618f93ebeebd932bf650fe,research/unified-student-20261001/SC-real-8000-development-analysis/trials.csv
SC-real-8000,SC-real,8000,S2,3,32,2,27,25,5,25,1,30,6.0,9.433333333333334,fff2f01e7abb7b21a09553a0741bd629f6a17cd5fe618f93ebeebd932bf650fe,research/unified-student-20261001/SC-real-8000-development-analysis/trials.csv
SC-real-8000,SC-real,8000,S5,0,32,10,32,22,0,22,0,22,5.0,,fff2f01e7abb7b21a09553a0741bd629f6a17cd5fe618f93ebeebd932bf650fe,research/unified-student-20261001/SC-real-8000-development-analysis/trials.csv
SC-real-8000,SC-real,8000,S5,1,32,1,1,0,31,0,0,0,15,0.9666666666666667,fff2f01e7abb7b21a09553a0741bd629f6a17cd5fe618f93ebeebd932bf650fe,research/unified-student-20261001/SC-real-8000-development-analysis/trials.csv
SC-real-8000,SC-real,8000,S5,2,32,8,32,24,0,24,0,24,5.0,,fff2f01e7abb7b21a09553a0741bd629f6a17cd5fe618f93ebeebd932bf650fe,research/unified-student-20261001/SC-real-8000-development-analysis/trials.csv
SC-real-8000,SC-real,8000,S5,3,32,22,32,10,0,10,1,10,5.0,,fff2f01e7abb7b21a09553a0741bd629f6a17cd5fe618f93ebeebd932bf650fe,research/unified-student-20261001/SC-real-8000-development-analysis/trials.csv
SC-real-9600,SC-real,9600,S2,0,32,21,32,11,0,11,0,11,6,,fff2f01e7abb7b21a09553a0741bd629f6a17cd5fe618f93ebeebd932bf650fe,research/unified-student-20261001/SC-real-9600-development-analysis/trials.csv
SC-real-9600,SC-real,9600,S2,1,32,14,20,6,12,6,0,7,10.0,13.350000000000001,fff2f01e7abb7b21a09553a0741bd629f6a17cd5fe618f93ebeebd932bf650fe,research/unified-student-20261001/SC-real-9600-development-analysis/trials.csv
SC-real-9600,SC-real,9600,S2,2,32,16,32,16,0,16,0,16,6.0,,fff2f01e7abb7b21a09553a0741bd629f6a17cd5fe618f93ebeebd932bf650fe,research/unified-student-20261001/SC-real-9600-development-analysis/trials.csv
SC-real-9600,SC-real,9600,S2,3,32,21,32,11,0,11,0,11,6,,fff2f01e7abb7b21a09553a0741bd629f6a17cd5fe618f93ebeebd932bf650fe,research/unified-student-20261001/SC-real-9600-development-analysis/trials.csv
SC-real-9600,SC-real,9600,S5,0,32,1,32,31,0,31,0,31,5,,fff2f01e7abb7b21a09553a0741bd629f6a17cd5fe618f93ebeebd932bf650fe,research/unified-student-20261001/SC-real-9600-development-analysis/trials.csv
SC-real-9600,SC-real,9600,S5,1,32,24,26,2,6,2,0,2,15.0,10.883333333333333,fff2f01e7abb7b21a09553a0741bd629f6a17cd5fe618f93ebeebd932bf650fe,research/unified-student-20261001/SC-real-9600-development-analysis/trials.csv
SC-real-9600,SC-real,9600,S5,2,32,18,32,14,0,14,0,14,15.0,,fff2f01e7abb7b21a09553a0741bd629f6a17cd5fe618f93ebeebd932bf650fe,research/unified-student-20261001/SC-real-9600-development-analysis/trials.csv
SC-real-9600,SC-real,9600,S5,3,32,7,32,25,0,25,1,25,5,,fff2f01e7abb7b21a09553a0741bd629f6a17cd5fe618f93ebeebd932bf650fe,research/unified-student-20261001/SC-real-9600-development-analysis/trials.csv
SC-real-12800,SC-real,12800,S2,0,32,14,32,18,0,18,0,18,6.0,,fff2f01e7abb7b21a09553a0741bd629f6a17cd5fe618f93ebeebd932bf650fe,research/unified-student-20261001/SC-real-12800-development-analysis/trials.csv
SC-real-12800,SC-real,12800,S2,1,32,21,32,11,0,11,0,11,2,,fff2f01e7abb7b21a09553a0741bd629f6a17cd5fe618f93ebeebd932bf650fe,research/unified-student-20261001/SC-real-12800-development-analysis/trials.csv
SC-real-12800,SC-real,12800,S2,2,32,5,32,27,0,27,0,27,2,,fff2f01e7abb7b21a09553a0741bd629f6a17cd5fe618f93ebeebd932bf650fe,research/unified-student-20261001/SC-real-12800-development-analysis/trials.csv
SC-real-12800,SC-real,12800,S2,3,32,23,29,6,3,6,0,8,6,9.833333333333334,fff2f01e7abb7b21a09553a0741bd629f6a17cd5fe618f93ebeebd932bf650fe,research/unified-student-20261001/SC-real-12800-development-analysis/trials.csv
SC-real-12800,SC-real,12800,S5,0,32,27,32,5,0,5,0,5,15,,fff2f01e7abb7b21a09553a0741bd629f6a17cd5fe618f93ebeebd932bf650fe,research/unified-student-20261001/SC-real-12800-development-analysis/trials.csv
SC-real-12800,SC-real,12800,S5,1,32,10,32,22,0,22,0,22,5.0,,fff2f01e7abb7b21a09553a0741bd629f6a17cd5fe618f93ebeebd932bf650fe,research/unified-student-20261001/SC-real-12800-development-analysis/trials.csv
SC-real-12800,SC-real,12800,S5,2,32,10,32,22,0,22,0,22,5.0,,fff2f01e7abb7b21a09553a0741bd629f6a17cd5fe618f93ebeebd932bf650fe,research/unified-student-20261001/SC-real-12800-development-analysis/trials.csv
SC-real-12800,SC-real,12800,S5,3,32,23,32,9,0,8,1,9,5,,fff2f01e7abb7b21a09553a0741bd629f6a17cd5fe618f93ebeebd932bf650fe,research/unified-student-20261001/SC-real-12800-development-analysis/trials.csv
SC-real-16000,SC-real,16000,S2,0,32,28,32,4,0,4,0,4,18.0,,fff2f01e7abb7b21a09553a0741bd629f6a17cd5fe618f93ebeebd932bf650fe,research/unified-student-20261001/SC-real-16000-development-analysis/trials.csv
SC-real-16000,SC-real,16000,S2,1,32,2,2,0,30,0,0,0,2.0,0.9,fff2f01e7abb7b21a09553a0741bd629f6a17cd5fe618f93ebeebd932bf650fe,research/unified-student-20261001/SC-real-16000-development-analysis/trials.csv
SC-real-16000,SC-real,16000,S2,2,32,5,32,27,0,27,1,27,2,,fff2f01e7abb7b21a09553a0741bd629f6a17cd5fe618f93ebeebd932bf650fe,research/unified-student-20261001/SC-real-16000-development-analysis/trials.csv
SC-real-16000,SC-real,16000,S2,3,32,12,32,20,0,20,1,20,6.0,,fff2f01e7abb7b21a09553a0741bd629f6a17cd5fe618f93ebeebd932bf650fe,research/unified-student-20261001/SC-real-16000-development-analysis/trials.csv
SC-real-16000,SC-real,16000,S5,0,32,4,32,28,0,28,0,28,5.0,,fff2f01e7abb7b21a09553a0741bd629f6a17cd5fe618f93ebeebd932bf650fe,research/unified-student-20261001/SC-real-16000-development-analysis/trials.csv
SC-real-16000,SC-real,16000,S5,1,32,0,0,0,32,0,0,0,5.0,0.9,fff2f01e7abb7b21a09553a0741bd629f6a17cd5fe618f93ebeebd932bf650fe,research/unified-student-20261001/SC-real-16000-development-analysis/trials.csv
SC-real-16000,SC-real,16000,S5,2,32,0,24,24,8,24,0,29,5.0,14.516666666666667,fff2f01e7abb7b21a09553a0741bd629f6a17cd5fe618f93ebeebd932bf650fe,research/unified-student-20261001/SC-real-16000-development-analysis/trials.csv
SC-real-16000,SC-real,16000,S5,3,32,7,32,25,0,25,3,25,5,,fff2f01e7abb7b21a09553a0741bd629f6a17cd5fe618f93ebeebd932bf650fe,research/unified-student-20261001/SC-real-16000-development-analysis/trials.csv
SC-real-19200,SC-real,19200,S2,0,32,6,32,26,0,26,0,26,2.0,,fff2f01e7abb7b21a09553a0741bd629f6a17cd5fe618f93ebeebd932bf650fe,research/unified-student-20261001/SC-real-19200-development-analysis/trials.csv
SC-real-19200,SC-real,19200,S2,1,32,14,31,17,1,17,0,17,2,18.533333333333335,fff2f01e7abb7b21a09553a0741bd629f6a17cd5fe618f93ebeebd932bf650fe,research/unified-student-20261001/SC-real-19200-development-analysis/trials.csv
SC-real-19200,SC-real,19200,S2,2,32,3,32,29,0,29,0,29,2,,fff2f01e7abb7b21a09553a0741bd629f6a17cd5fe618f93ebeebd932bf650fe,research/unified-student-20261001/SC-real-19200-development-analysis/trials.csv
SC-real-19200,SC-real,19200,S2,3,32,18,31,13,1,13,0,14,4.0,5.7,fff2f01e7abb7b21a09553a0741bd629f6a17cd5fe618f93ebeebd932bf650fe,research/unified-student-20261001/SC-real-19200-development-analysis/trials.csv
SC-real-19200,SC-real,19200,S5,0,32,1,31,30,1,30,0,31,5,15.566666666666666,fff2f01e7abb7b21a09553a0741bd629f6a17cd5fe618f93ebeebd932bf650fe,research/unified-student-20261001/SC-real-19200-development-analysis/trials.csv
SC-real-19200,SC-real,19200,S5,1,32,25,32,7,0,7,0,7,5,,fff2f01e7abb7b21a09553a0741bd629f6a17cd5fe618f93ebeebd932bf650fe,research/unified-student-20261001/SC-real-19200-development-analysis/trials.csv
SC-real-19200,SC-real,19200,S5,2,32,5,32,27,0,27,0,27,5,,fff2f01e7abb7b21a09553a0741bd629f6a17cd5fe618f93ebeebd932bf650fe,research/unified-student-20261001/SC-real-19200-development-analysis/trials.csv
SC-real-19200,SC-real,19200,S5,3,32,25,32,7,0,6,1,7,5,,fff2f01e7abb7b21a09553a0741bd629f6a17cd5fe618f93ebeebd932bf650fe,research/unified-student-20261001/SC-real-19200-development-analysis/trials.csv
SC-real-22400,SC-real,22400,S2,0,32,24,32,8,0,8,0,8,8.0,,fff2f01e7abb7b21a09553a0741bd629f6a17cd5fe618f93ebeebd932bf650fe,research/unified-student-20261001/SC-real-22400-development-analysis/trials.csv
SC-real-22400,SC-real,22400,S2,1,32,26,32,6,0,6,0,6,6.0,,fff2f01e7abb7b21a09553a0741bd629f6a17cd5fe618f93ebeebd932bf650fe,research/unified-student-20261001/SC-real-22400-development-analysis/trials.csv
SC-real-22400,SC-real,22400,S2,2,32,19,32,13,0,13,0,13,2,,fff2f01e7abb7b21a09553a0741bd629f6a17cd5fe618f93ebeebd932bf650fe,research/unified-student-20261001/SC-real-22400-development-analysis/trials.csv
SC-real-22400,SC-real,22400,S2,3,32,22,31,9,1,9,0,10,8.0,16.9,fff2f01e7abb7b21a09553a0741bd629f6a17cd5fe618f93ebeebd932bf650fe,research/unified-student-20261001/SC-real-22400-development-analysis/trials.csv
SC-real-22400,SC-real,22400,S5,0,32,26,32,6,0,6,0,6,15.0,,fff2f01e7abb7b21a09553a0741bd629f6a17cd5fe618f93ebeebd932bf650fe,research/unified-student-20261001/SC-real-22400-development-analysis/trials.csv
SC-real-22400,SC-real,22400,S5,1,32,23,32,9,0,9,0,9,5,,fff2f01e7abb7b21a09553a0741bd629f6a17cd5fe618f93ebeebd932bf650fe,research/unified-student-20261001/SC-real-22400-development-analysis/trials.csv
SC-real-22400,SC-real,22400,S5,2,32,5,32,27,0,27,0,27,5,,fff2f01e7abb7b21a09553a0741bd629f6a17cd5fe618f93ebeebd932bf650fe,research/unified-student-20261001/SC-real-22400-development-analysis/trials.csv
SC-real-22400,SC-real,22400,S5,3,32,21,32,11,0,11,1,11,5,,fff2f01e7abb7b21a09553a0741bd629f6a17cd5fe618f93ebeebd932bf650fe,research/unified-student-20261001/SC-real-22400-development-analysis/trials.csv
SC-real-25600,SC-real,25600,S2,0,32,30,32,2,0,2,0,2,10.0,,fff2f01e7abb7b21a09553a0741bd629f6a17cd5fe618f93ebeebd932bf650fe,research/unified-student-20261001/SC-real-25600-development-analysis/trials.csv
SC-real-25600,SC-real,25600,S2,1,32,28,31,3,1,3,0,3,2,18.1,fff2f01e7abb7b21a09553a0741bd629f6a17cd5fe618f93ebeebd932bf650fe,research/unified-student-20261001/SC-real-25600-development-analysis/trials.csv
SC-real-25600,SC-real,25600,S2,2,32,21,32,11,0,11,0,11,6,,fff2f01e7abb7b21a09553a0741bd629f6a17cd5fe618f93ebeebd932bf650fe,research/unified-student-20261001/SC-real-25600-development-analysis/trials.csv
SC-real-25600,SC-real,25600,S2,3,32,26,30,4,2,4,0,5,6.0,7.949999999999999,fff2f01e7abb7b21a09553a0741bd629f6a17cd5fe618f93ebeebd932bf650fe,research/unified-student-20261001/SC-real-25600-development-analysis/trials.csv
SC-real-25600,SC-real,25600,S5,0,32,30,32,2,0,2,0,2,10.0,,fff2f01e7abb7b21a09553a0741bd629f6a17cd5fe618f93ebeebd932bf650fe,research/unified-student-20261001/SC-real-25600-development-analysis/trials.csv
SC-real-25600,SC-real,25600,S5,1,32,30,32,2,0,2,0,2,5.0,,fff2f01e7abb7b21a09553a0741bd629f6a17cd5fe618f93ebeebd932bf650fe,research/unified-student-20261001/SC-real-25600-development-analysis/trials.csv
SC-real-25600,SC-real,25600,S5,2,32,32,32,0,0,0,0,0,,,fff2f01e7abb7b21a09553a0741bd629f6a17cd5fe618f93ebeebd932bf650fe,research/unified-student-20261001/SC-real-25600-development-analysis/trials.csv
SC-real-25600,SC-real,25600,S5,3,32,14,32,18,0,18,0,18,5.0,,fff2f01e7abb7b21a09553a0741bd629f6a17cd5fe618f93ebeebd932bf650fe,research/unified-student-20261001/SC-real-25600-development-analysis/trials.csv
SC-real-28800,SC-real,28800,S2,0,32,29,32,3,0,3,0,3,14,,fff2f01e7abb7b21a09553a0741bd629f6a17cd5fe618f93ebeebd932bf650fe,research/unified-student-20261001/SC-real-28800-development-analysis/trials.csv
SC-real-28800,SC-real,28800,S2,1,32,20,27,7,5,7,0,7,14,14.066666666666666,fff2f01e7abb7b21a09553a0741bd629f6a17cd5fe618f93ebeebd932bf650fe,research/unified-student-20261001/SC-real-28800-development-analysis/trials.csv
SC-real-28800,SC-real,28800,S2,2,32,21,32,11,0,11,0,11,6,,fff2f01e7abb7b21a09553a0741bd629f6a17cd5fe618f93ebeebd932bf650fe,research/unified-student-20261001/SC-real-28800-development-analysis/trials.csv
SC-real-28800,SC-real,28800,S2,3,32,12,27,15,5,15,1,19,10.0,10.066666666666666,fff2f01e7abb7b21a09553a0741bd629f6a17cd5fe618f93ebeebd932bf650fe,research/unified-student-20261001/SC-real-28800-development-analysis/trials.csv
SC-real-28800,SC-real,28800,S5,0,32,26,32,6,0,6,0,6,15.0,,fff2f01e7abb7b21a09553a0741bd629f6a17cd5fe618f93ebeebd932bf650fe,research/unified-student-20261001/SC-real-28800-development-analysis/trials.csv
SC-real-28800,SC-real,28800,S5,1,32,20,31,11,1,11,0,11,15,15.133333333333333,fff2f01e7abb7b21a09553a0741bd629f6a17cd5fe618f93ebeebd932bf650fe,research/unified-student-20261001/SC-real-28800-development-analysis/trials.csv
SC-real-28800,SC-real,28800,S5,2,32,18,32,14,0,14,0,14,5.0,,fff2f01e7abb7b21a09553a0741bd629f6a17cd5fe618f93ebeebd932bf650fe,research/unified-student-20261001/SC-real-28800-development-analysis/trials.csv
SC-real-28800,SC-real,28800,S5,3,32,22,32,10,0,10,0,10,5.0,,fff2f01e7abb7b21a09553a0741bd629f6a17cd5fe618f93ebeebd932bf650fe,research/unified-student-20261001/SC-real-28800-development-analysis/trials.csv
SC-real-32000,SC-real,32000,S2,0,32,18,31,13,1,13,0,13,14.0,9.1,fff2f01e7abb7b21a09553a0741bd629f6a17cd5fe618f93ebeebd932bf650fe,research/unified-student-20261001/SC-real-32000-development-analysis/trials.csv
SC-real-32000,SC-real,32000,S2,1,32,23,27,4,5,4,0,4,12.0,17.833333333333332,fff2f01e7abb7b21a09553a0741bd629f6a17cd5fe618f93ebeebd932bf650fe,research/unified-student-20261001/SC-real-32000-development-analysis/trials.csv
SC-real-32000,SC-real,32000,S2,2,32,28,32,4,0,4,0,4,6.0,,fff2f01e7abb7b21a09553a0741bd629f6a17cd5fe618f93ebeebd932bf650fe,research/unified-student-20261001/SC-real-32000-development-analysis/trials.csv
SC-real-32000,SC-real,32000,S2,3,32,23,32,9,0,9,0,9,10,,fff2f01e7abb7b21a09553a0741bd629f6a17cd5fe618f93ebeebd932bf650fe,research/unified-student-20261001/SC-real-32000-development-analysis/trials.csv
SC-real-32000,SC-real,32000,S5,0,32,29,32,3,0,3,0,3,15,,fff2f01e7abb7b21a09553a0741bd629f6a17cd5fe618f93ebeebd932bf650fe,research/unified-student-20261001/SC-real-32000-development-analysis/trials.csv
SC-real-32000,SC-real,32000,S5,1,32,31,32,1,0,1,0,1,5,,fff2f01e7abb7b21a09553a0741bd629f6a17cd5fe618f93ebeebd932bf650fe,research/unified-student-20261001/SC-real-32000-development-analysis/trials.csv
SC-real-32000,SC-real,32000,S5,2,32,26,32,6,0,6,0,6,15.0,,fff2f01e7abb7b21a09553a0741bd629f6a17cd5fe618f93ebeebd932bf650fe,research/unified-student-20261001/SC-real-32000-development-analysis/trials.csv
SC-real-32000,SC-real,32000,S5,3,32,25,32,7,0,7,0,7,5,,fff2f01e7abb7b21a09553a0741bd629f6a17cd5fe618f93ebeebd932bf650fe,research/unified-student-20261001/SC-real-32000-development-analysis/trials.csv
SC-real-35200,SC-real,35200,S2,0,32,31,32,1,0,1,0,1,2,,fff2f01e7abb7b21a09553a0741bd629f6a17cd5fe618f93ebeebd932bf650fe,research/unified-student-20261001/SC-real-35200-development-analysis/trials.csv
SC-real-35200,SC-real,35200,S2,1,32,23,32,9,0,9,0,9,14,,fff2f01e7abb7b21a09553a0741bd629f6a17cd5fe618f93ebeebd932bf650fe,research/unified-student-20261001/SC-real-35200-development-analysis/trials.csv
SC-real-35200,SC-real,35200,S2,2,32,18,31,13,1,13,0,14,6.0,13.066666666666666,fff2f01e7abb7b21a09553a0741bd629f6a17cd5fe618f93ebeebd932bf650fe,research/unified-student-20261001/SC-real-35200-development-analysis/trials.csv
SC-real-35200,SC-real,35200,S2,3,32,24,31,7,1,7,0,8,6.0,17.533333333333335,fff2f01e7abb7b21a09553a0741bd629f6a17cd5fe618f93ebeebd932bf650fe,research/unified-student-20261001/SC-real-35200-development-analysis/trials.csv
SC-real-35200,SC-real,35200,S5,0,32,30,32,2,0,2,0,2,10.0,,fff2f01e7abb7b21a09553a0741bd629f6a17cd5fe618f93ebeebd932bf650fe,research/unified-student-20261001/SC-real-35200-development-analysis/trials.csv
SC-real-35200,SC-real,35200,S5,1,32,30,32,2,0,2,0,2,10.0,,fff2f01e7abb7b21a09553a0741bd629f6a17cd5fe618f93ebeebd932bf650fe,research/unified-student-20261001/SC-real-35200-development-analysis/trials.csv
SC-real-35200,SC-real,35200,S5,2,32,29,32,3,0,3,0,3,15,,fff2f01e7abb7b21a09553a0741bd629f6a17cd5fe618f93ebeebd932bf650fe,research/unified-student-20261001/SC-real-35200-development-analysis/trials.csv
SC-real-35200,SC-real,35200,S5,3,32,21,32,11,0,11,1,11,15,,fff2f01e7abb7b21a09553a0741bd629f6a17cd5fe618f93ebeebd932bf650fe,research/unified-student-20261001/SC-real-35200-development-analysis/trials.csv
SC-real-38400,SC-real,38400,S2,0,32,32,32,0,0,0,0,0,,,fff2f01e7abb7b21a09553a0741bd629f6a17cd5fe618f93ebeebd932bf650fe,research/unified-student-20261001/SC-real-38400-development-analysis/trials.csv
SC-real-38400,SC-real,38400,S2,1,32,7,23,16,9,16,0,16,14.0,9.966666666666667,fff2f01e7abb7b21a09553a0741bd629f6a17cd5fe618f93ebeebd932bf650fe,research/unified-student-20261001/SC-real-38400-development-analysis/trials.csv
SC-real-38400,SC-real,38400,S2,2,32,27,32,5,0,5,0,5,2,,fff2f01e7abb7b21a09553a0741bd629f6a17cd5fe618f93ebeebd932bf650fe,research/unified-student-20261001/SC-real-38400-development-analysis/trials.csv
SC-real-38400,SC-real,38400,S2,3,32,18,32,14,0,13,2,14,10.0,,fff2f01e7abb7b21a09553a0741bd629f6a17cd5fe618f93ebeebd932bf650fe,research/unified-student-20261001/SC-real-38400-development-analysis/trials.csv
SC-real-38400,SC-real,38400,S5,0,32,23,31,8,1,8,0,8,15,10.233333333333333,fff2f01e7abb7b21a09553a0741bd629f6a17cd5fe618f93ebeebd932bf650fe,research/unified-student-20261001/SC-real-38400-development-analysis/trials.csv
SC-real-38400,SC-real,38400,S5,1,32,24,28,4,4,4,0,4,15,14.633333333333333,fff2f01e7abb7b21a09553a0741bd629f6a17cd5fe618f93ebeebd932bf650fe,research/unified-student-20261001/SC-real-38400-development-analysis/trials.csv
SC-real-38400,SC-real,38400,S5,2,32,25,32,7,0,7,1,7,5,,fff2f01e7abb7b21a09553a0741bd629f6a17cd5fe618f93ebeebd932bf650fe,research/unified-student-20261001/SC-real-38400-development-analysis/trials.csv
SC-real-38400,SC-real,38400,S5,3,32,18,32,14,0,13,2,14,5.0,,fff2f01e7abb7b21a09553a0741bd629f6a17cd5fe618f93ebeebd932bf650fe,research/unified-student-20261001/SC-real-38400-development-analysis/trials.csv
