model,optimizer_step,source,teacher_history_protocol,holdout_latent_mse,holdout_raw_mean_mse,holdout_clipped_action_mse,holdout_target_mse_rad2,teacher_history_episodes,sampled_times_per_episode,own_rollout_latent_mse_tail100,training_rows_available,strict_success,n,body_stable,phase_hold,worst_stage_hold
C1-1600,1600,0,S2,1.6620694398880005,0.010248574428260326,0.010165917687118053,1.0377579201303888e-05,32,30,2.2394592168927194,100,,,,,
C1-1600,1600,1,S2,1.9367386102676392,0.008006338961422443,0.00795357208698988,8.521778909198474e-06,32,30,3.272668533921242,100,,,,,
C1-1600,1600,2,S2,2.4795784950256348,0.008839759044349194,0.008836058899760246,8.23289701656904e-06,32,30,2.223075661957264,100,,,,,
C1-1600,1600,3,S2,1.256927490234375,0.05866997316479683,0.04954506456851959,4.355339115136303e-05,32,30,3.36932110786438,100,,,,,
C1-1600,1600,0,S5,1.7662949562072754,0.008503913879394531,0.008428145200014114,8.935170626500621e-06,32,30,2.2394592168927194,100,,,,,
C1-1600,1600,1,S5,1.9756478071212769,0.007416560780256987,0.007369221653789282,7.834100870240945e-06,32,30,3.272668533921242,100,,,,,
C1-1600,1600,2,S5,2.789024829864502,0.009298359043896198,0.009292149916291237,8.679996426508296e-06,32,30,2.223075661957264,100,,,,,
C1-1600,1600,3,S5,1.6526581048965454,0.048469845205545425,0.04373088851571083,3.997374005848542e-05,32,30,3.36932110786438,100,,,,,
C1-3200,3200,0,S2,1.4779821634292603,0.015603852458298206,0.015497516840696335,1.4292304513219278e-05,32,30,2.8252472287416457,100,0,32,0,0.0,0.0
C1-3200,3200,1,S2,1.650659203529358,0.010436696000397205,0.010383845306932926,1.0144577572646085e-05,32,30,3.2017110455036164,100,0,32,0,0.45625,0.0
C1-3200,3200,2,S2,1.9925590753555298,0.00849081203341484,0.008487914688885212,7.72963812778471e-06,32,30,2.537887055873871,100,0,32,0,0.084375,0.0
C1-3200,3200,3,S2,1.279790997505188,0.061972491443157196,0.05264132842421532,4.551681922748685e-05,32,30,3.2634540677070616,100,0,32,0,0.05625,0.0
C1-3200,3200,0,S5,1.5583465099334717,0.012478484772145748,0.012376257218420506,1.1648289728327654e-05,32,30,2.8252472287416457,100,0,32,0,0.0,0.0
C1-3200,3200,1,S5,1.6445049047470093,0.009296116419136524,0.009248504415154457,8.949498806032352e-06,32,30,3.2017110455036164,100,0,32,0,0.03125,0.0
C1-3200,3200,2,S5,2.2785065174102783,0.00918657798320055,0.009179800748825073,8.263966265076306e-06,32,30,2.537887055873871,100,0,32,0,0.078125,0.0
C1-3200,3200,3,S5,1.6582380533218384,0.051584791392087936,0.047169823199510574,4.247454126016237e-05,32,30,3.2634540677070616,100,0,32,0,0.1015625,0.0
C1-400,400,0,S2,1.6437023878097534,0.01678204908967018,0.016630563884973526,1.5581235857098363e-05,32,30,2.435681659281254,100,,,,,
C1-400,400,1,S2,1.8771175146102905,0.009678227826952934,0.009616744704544544,9.88159081316553e-06,32,30,2.8811239144206047,100,,,,,
C1-400,400,2,S2,2.0656018257141113,0.007796690799295902,0.007793101016432047,7.256110620801337e-06,32,30,2.7488885647058487,100,,,,,
C1-400,400,3,S2,1.1841952800750732,0.06047411635518074,0.05101563408970833,4.46533813374117e-05,32,30,2.8320265385508536,100,,,,,
C1-400,400,0,S5,1.7107465267181396,0.01338937971740961,0.01322006992995739,1.2606376003532205e-05,32,30,2.435681659281254,100,,,,,
C1-400,400,1,S5,1.9009730815887451,0.009078710339963436,0.009023156017065048,9.104365744860843e-06,32,30,2.8811239144206047,100,,,,,
C1-400,400,2,S5,2.3096156120300293,0.008483946323394775,0.008477802388370037,7.782064130879007e-06,32,30,2.7488885647058487,100,,,,,
C1-400,400,3,S5,1.55433988571167,0.050111133605241776,0.045601703226566315,4.0822604205459356e-05,32,30,2.8320265385508536,100,,,,,
C1-800,800,0,S2,1.6306072473526,0.011066913604736328,0.010973646305501461,1.1029466804757249e-05,32,30,2.4479463121294973,100,,,,,
C1-800,800,1,S2,1.9061588048934937,0.008295766077935696,0.008239144459366798,8.719985089555848e-06,32,30,3.4684727120399477,100,,,,,
C1-800,800,2,S2,2.2932536602020264,0.008198964409530163,0.008194764144718647,7.74266754888231e-06,32,30,2.4006902146339417,100,,,,,
C1-800,800,3,S2,1.1678962707519531,0.0553586371243,0.04651273787021637,4.106356936972588e-05,32,30,2.9684546583890916,100,,,,,
C1-800,800,0,S5,1.7313058376312256,0.00909680686891079,0.009009401313960552,9.369689905724954e-06,32,30,2.4479463121294973,100,,,,,
C1-800,800,1,S5,1.9528238773345947,0.007764548994600773,0.007714092265814543,8.071689990174491e-06,32,30,3.4684727120399477,100,,,,,
C1-800,800,2,S5,2.588226556777954,0.008694319054484367,0.008687881752848625,8.208574399759527e-06,32,30,2.4006902146339417,100,,,,,
C1-800,800,3,S5,1.5625710487365723,0.04608682170510292,0.04144294932484627,3.8064557884354144e-05,32,30,2.9684546583890916,100,,,,,
S0-1600,1600,0,S2,0.07033820450305939,0.0007081122021190822,0.0006998397875577211,6.703371013827564e-07,32,30,0.23996046727523207,100,6,32,32,0.740625,0.28125
S0-1600,1600,1,S2,0.1394994705915451,0.0009206062532030046,0.0009111742256209254,8.145200922626827e-07,32,30,0.1986044880747795,100,5,32,7,0.89375,0.6875
S0-1600,1600,2,S2,0.05322762578725815,0.0003566555678844452,0.00035581691190600395,3.164782356179785e-07,32,30,0.17136044681072235,100,10,32,32,0.784375,0.4375
S0-1600,1600,3,S2,0.14022111892700195,0.009280585683882236,0.008861425332725048,7.91595630289521e-06,32,30,0.21715935276821255,100,0,32,31,0.54375,0.03125
S0-1600,1600,0,S5,0.09466162323951721,0.0007695166859775782,0.0007631301414221525,7.095582645888499e-07,32,30,0.23996046727523207,100,26,32,32,0.953125,0.8125
S0-1600,1600,1,S5,0.04548967629671097,0.000354804185917601,0.000349163863575086,3.264707970629388e-07,32,30,0.1986044880747795,100,7,32,12,0.8984375,0.71875
S0-1600,1600,2,S5,0.03961292281746864,0.0002547175099607557,0.000253981736022979,2.1999235855219013e-07,32,30,0.17136044681072235,100,27,32,32,0.9296875,0.84375
S0-1600,1600,3,S5,0.26499804854393005,0.00791078805923462,0.007350848987698555,5.551418780669337e-06,32,30,0.21715935276821255,100,3,32,31,0.6015625,0.15625
S0-3200,3200,0,S2,0.03660212829709053,0.000654360163025558,0.0006149137625470757,5.733174930355744e-07,32,30,0.12646956702694298,100,10,32,29,0.853125,0.46875
S0-3200,3200,1,S2,0.0903887003660202,0.0011783946538344026,0.0011569107882678509,9.45816225339513e-07,32,30,0.12055457767099143,100,12,32,17,0.9375,0.8125
S0-3200,3200,2,S2,0.04821641370654106,0.00024455736274830997,0.00024408874742221087,2.079116967479422e-07,32,30,0.09016760868020356,100,21,32,32,0.884375,0.6875
S0-3200,3200,3,S2,0.08889024704694748,0.005495759658515453,0.0051259845495224,4.9031164053303655e-06,32,30,0.17977592669427395,100,14,32,31,0.878125,0.71875
S0-3200,3200,0,S5,0.03809003159403801,0.0008601818699389696,0.0008229463128373027,6.994656587266945e-07,32,30,0.12646956702694298,100,9,32,31,0.8203125,0.28125
S0-3200,3200,1,S5,0.0575040727853775,0.0008845633128657937,0.0008652718388475478,7.020765337983903e-07,32,30,0.12055457767099143,100,27,32,31,0.9609375,0.875
S0-3200,3200,2,S5,0.021020768210291862,0.00014813331654295325,0.00014764767547603697,1.2112431591049244e-07,32,30,0.09016760868020356,100,29,32,32,0.953125,0.90625
S0-3200,3200,3,S5,0.24926869571208954,0.007109256461262703,0.00652956822887063,4.945309683535015e-06,32,30,0.17977592669427395,100,12,32,32,0.7265625,0.4375
S0-400,400,0,S2,0.10864235460758209,0.0012918537249788642,0.0012771263718605042,1.179525611405552e-06,32,30,0.4209834563359618,100,0,32,1,0.86875,0.4375
S0-400,400,1,S2,0.22429323196411133,0.0015519314911216497,0.0015451823128387332,1.4151993354971637e-06,32,30,0.44343743516132234,100,0,32,0,0.615625,0.0
S0-400,400,2,S2,0.26893389225006104,0.002350472379475832,0.001995935570448637,1.916727114803507e-06,32,30,0.3631943434011191,100,1,32,25,0.58125,0.1875
S0-400,400,3,S2,0.35454750061035156,0.02246932126581669,0.021124714985489845,2.0689247321570292e-05,32,30,0.7500849010236561,100,0,32,17,0.346875,0.0
S0-400,400,0,S5,0.1282263547182083,0.001074311789125204,0.001060705864802003,1.0298731467628386e-06,32,30,0.4209834563359618,100,0,32,1,0.8046875,0.3125
S0-400,400,1,S5,0.08497235178947449,0.0006746882572770119,0.0006712498143315315,6.294255285865802e-07,32,30,0.44343743516132234,100,0,32,13,0.5390625,0.0625
S0-400,400,2,S5,0.18528921902179718,0.001678550150245428,0.00132273999042809,1.2767977750627324e-06,32,30,0.3631943434011191,100,0,32,3,0.4140625,0.0
S0-400,400,3,S5,0.6410252451896667,0.028597544878721237,0.027156898751854897,2.6654986868379638e-05,32,30,0.7500849010236561,100,0,32,0,0.3125,0.0
S0-800,800,0,S2,0.10649821162223816,0.001359937828965485,0.0012902510352432728,1.1396081163184135e-06,32,30,0.3502957095950842,100,0,32,31,0.603125,0.0
S0-800,800,1,S2,0.120823934674263,0.0012685073306784034,0.0012521980097517371,1.0791275144583778e-06,32,30,0.29356994774192574,100,2,32,26,0.84375,0.3125
S0-800,800,2,S2,0.14139237999916077,0.0009188025142066181,0.0009114790009334683,8.23543587102904e-07,32,30,0.4778331206738949,100,7,32,32,0.8125,0.3125
S0-800,800,3,S2,0.19945959746837616,0.013271097093820572,0.012374695390462875,1.1984181583102327e-05,32,30,0.6031161869317293,100,2,32,25,0.615625,0.21875
S0-800,800,0,S5,0.08614347130060196,0.0020568310283124447,0.0020395934116095304,1.5862592590565328e-06,32,30,0.3502957095950842,100,0,32,32,0.5,0.0
S0-800,800,1,S5,0.15967890620231628,0.0011579744750633836,0.0011418989161029458,9.717928151076194e-07,32,30,0.29356994774192574,100,5,32,32,0.671875,0.15625
S0-800,800,2,S5,0.10766082257032394,0.000562747591175139,0.0005554090021178126,4.866141125603463e-07,32,30,0.4778331206738949,100,3,32,31,0.609375,0.09375
S0-800,800,3,S5,0.3797260820865631,0.01166045106947422,0.010648265480995178,9.705497177492362e-06,32,30,0.6031161869317293,100,12,32,32,0.7109375,0.4375
SA-real-12800,12800,0,S2,0.03012063167989254,0.0005039121024310589,0.0004693306691478938,4.2988912696273474e-07,32,30,0.05598308934830129,100,28,32,32,0.965625,0.875
SA-real-12800,12800,1,S2,0.06548725813627243,0.00046110936091281474,0.0004474230227060616,4.0198935380431067e-07,32,30,0.04657745521049947,100,21,32,32,0.946875,0.71875
SA-real-12800,12800,2,S2,0.04917055740952492,0.0002003143890760839,0.0002002082474064082,1.7735732171786367e-07,32,30,0.040684976428747174,100,12,32,32,0.8,0.5
SA-real-12800,12800,3,S2,0.09899861365556717,0.005551416892558336,0.005153396632522345,5.117894943396095e-06,32,30,0.0803151182923466,100,24,32,27,0.909375,0.8125
SA-real-12800,12800,0,S5,0.031160196289420128,0.00044279059511609375,0.0004342357278801501,3.8217294218156894e-07,32,30,0.05598308934830129,100,25,32,32,0.9296875,0.8125
SA-real-12800,12800,1,S5,0.027734996750950813,0.00035008584382012486,0.0003374210209585726,2.9096111120452406e-07,32,30,0.04657745521049947,100,22,32,32,0.8984375,0.6875
SA-real-12800,12800,2,S5,0.037934303283691406,0.0001270863285753876,0.0001269797357963398,1.1503183117156368e-07,32,30,0.040684976428747174,100,21,32,32,0.8828125,0.65625
SA-real-12800,12800,3,S5,0.20959311723709106,0.005389874335378408,0.004931800998747349,3.5161881442036247e-06,32,30,0.0803151182923466,100,23,32,31,0.8671875,0.71875
SA-real-16000,16000,0,S2,0.09551075845956802,0.0010753123788163066,0.001030118321068585,9.7903398454946e-07,32,30,0.07618848416954278,100,28,32,32,0.98125,0.9375
SA-real-16000,16000,1,S2,0.14248256385326385,0.0021849211771041155,0.0021475371904671192,1.8764511651170324e-06,32,30,0.07706054089823738,100,14,32,25,0.871875,0.53125
SA-real-16000,16000,2,S2,0.04500412568449974,0.00023080059327185154,0.0002303129731444642,2.0031077951898624e-07,32,30,0.04299063600599766,100,26,32,32,0.903125,0.8125
SA-real-16000,16000,3,S2,0.09422887116670609,0.006192648783326149,0.005687967408448458,5.645623332384275e-06,32,30,0.05758263511583209,100,24,32,30,0.9125,0.78125
SA-real-16000,16000,0,S5,0.10513757914304733,0.0011585851898416877,0.0011284530628472567,1.0257653002554434e-06,32,30,0.07618848416954278,100,0,32,10,0.4765625,0.0
SA-real-16000,16000,1,S5,0.066169872879982,0.0010710674105212092,0.001061486778780818,9.029380407810095e-07,32,30,0.07706054089823738,100,17,32,28,0.8359375,0.65625
SA-real-16000,16000,2,S5,0.025093965232372284,0.00011817496124422178,0.00011781149805756286,9.901702924253186e-08,32,30,0.04299063600599766,100,27,32,32,0.9375,0.875
SA-real-16000,16000,3,S5,0.27248135209083557,0.006479215808212757,0.005820862483233213,4.5608539949171245e-06,32,30,0.05758263511583209,100,22,32,31,0.8828125,0.75
SA-real-19200,19200,0,S2,0.06173578277230263,0.0014118916587904096,0.0013860877370461822,1.1390686722734245e-06,32,30,0.05231894128955901,100,18,32,32,0.934375,0.5625
SA-real-19200,19200,1,S2,0.07309182733297348,0.0007005572551861405,0.0006963395280763507,5.760709314017731e-07,32,30,0.05235732832574286,100,23,32,26,0.975,0.90625
SA-real-19200,19200,2,S2,0.06112363561987877,0.00030118177528493106,0.0003009974316228181,2.5669325509625196e-07,32,30,0.04195571347139776,100,2,32,32,0.646875,0.09375
SA-real-19200,19200,3,S2,0.1450604945421219,0.010813766159117222,0.009481619112193584,8.955073099059518e-06,32,30,0.07222678096964956,100,25,32,31,0.93125,0.78125
SA-real-19200,19200,0,S5,0.047884274274110794,0.0011202356545254588,0.0011127275647595525,8.821410233395e-07,32,30,0.05231894128955901,100,2,32,32,0.625,0.125
SA-real-19200,19200,1,S5,0.050900623202323914,0.0007086734403856099,0.0007049122941680253,5.575592467721435e-07,32,30,0.05235732832574286,100,13,32,32,0.84375,0.40625
SA-real-19200,19200,2,S5,0.06855319440364838,0.0002507257740944624,0.00025049454416148365,2.0975556935809436e-07,32,30,0.04195571347139776,100,1,32,32,0.734375,0.03125
SA-real-19200,19200,3,S5,0.2854248583316803,0.009470483288168907,0.00825219415128231,6.578169177373638e-06,32,30,0.07222678096964956,100,20,32,30,0.828125,0.71875
SA-real-22400,22400,0,S2,0.0600656233727932,0.0010139970108866692,0.0009940392337739468,8.334082508554275e-07,32,30,0.04056408318690956,100,29,32,32,0.990625,0.9375
SA-real-22400,22400,1,S2,0.07240457832813263,0.0005473951459862292,0.0005430924938991666,4.5940856807646924e-07,32,30,0.05605375573504716,100,13,32,32,0.878125,0.5625
SA-real-22400,22400,2,S2,0.04169239103794098,0.000169282327988185,0.0001691677316557616,1.4846257556655473e-07,32,30,0.028011642415076494,100,18,32,32,0.9125,0.65625
SA-real-22400,22400,3,S2,0.0641687661409378,0.005387062672525644,0.005001051351428032,4.861224169872003e-06,32,30,0.05978489311411977,100,22,32,31,0.915625,0.71875
SA-real-22400,22400,0,S5,0.10615385323762894,0.0008407694404013455,0.000835212180390954,7.521351221839723e-07,32,30,0.04056408318690956,100,30,32,32,0.984375,0.96875
SA-real-22400,22400,1,S5,0.04000084102153778,0.00039162577013485134,0.0003876799892168492,3.218118251879787e-07,32,30,0.05605375573504716,100,30,32,32,0.984375,0.9375
SA-real-22400,22400,2,S5,0.02511436492204666,0.00012593473365996033,0.0001257806143257767,1.0436744446451485e-07,32,30,0.028011642415076494,100,26,32,32,0.921875,0.8125
SA-real-22400,22400,3,S5,0.23452965915203094,0.006153430324047804,0.005659840535372496,4.402611011755653e-06,32,30,0.05978489311411977,100,22,32,31,0.890625,0.71875
SA-real-25600,25600,0,S2,0.03777114301919937,0.001320016453973949,0.0012908056378364563,1.0420044418424368e-06,32,30,0.03397070965729654,100,14,32,31,0.8875,0.46875
SA-real-25600,25600,1,S2,0.129293754696846,0.0019451301777735353,0.0019336350960657,1.5914514506221167e-06,32,30,0.04606938658282161,100,5,32,18,0.8625,0.375
SA-real-25600,25600,2,S2,0.056428518146276474,0.0005026418366469443,0.0005022386903874576,4.25820729788029e-07,32,30,0.03458156672306359,100,28,32,32,0.95,0.875
SA-real-25600,25600,3,S2,0.05369746685028076,0.004492022562772036,0.0042402008548378944,4.131659352424322e-06,32,30,0.050460987538099286,100,23,32,31,0.921875,0.78125
SA-real-25600,25600,0,S5,0.03533255681395531,0.0006858825800009072,0.000678627344314009,5.635212687593594e-07,32,30,0.03397070965729654,100,29,32,32,0.9765625,0.90625
SA-real-25600,25600,1,S5,0.03288565203547478,0.0005178643041290343,0.0005160892615094781,4.31257916488903e-07,32,30,0.04606938658282161,100,29,32,31,0.9765625,0.9375
SA-real-25600,25600,2,S5,0.02697001025080681,0.00020989486074540764,0.0002097261749440804,1.7119198503223743e-07,32,30,0.03458156672306359,100,28,32,32,0.9453125,0.875
SA-real-25600,25600,3,S5,0.2366471290588379,0.006549154873937368,0.00600722711533308,4.917380465485621e-06,32,30,0.050460987538099286,100,19,32,31,0.84375,0.6875
SA-real-28800,28800,0,S2,0.0344199500977993,0.0009660541545599699,0.000946986663620919,7.839835234335624e-07,32,30,0.04523375054821372,100,30,32,32,0.99375,0.9375
SA-real-28800,28800,1,S2,0.04697589948773384,0.0004551835882011801,0.00045292789582163095,3.883099566337478e-07,32,30,0.03549361953744665,100,19,32,30,0.921875,0.71875
SA-real-28800,28800,2,S2,0.04432826489210129,0.00022627221187576652,0.00022612980683334172,2.0221179397594824e-07,32,30,0.03315279596950859,100,28,32,31,0.940625,0.875
SA-real-28800,28800,3,S2,0.040187738835811615,0.0032637962140142918,0.0030780695378780365,2.9612554044433637e-06,32,30,0.033464558124542236,100,20,32,29,0.896875,0.75
SA-real-28800,28800,0,S5,0.035126373171806335,0.0006749930325895548,0.0006647117552347481,5.447516286949394e-07,32,30,0.04523375054821372,100,29,32,32,0.9765625,0.90625
SA-real-28800,28800,1,S5,0.024342644959688187,0.0003653845633380115,0.00036387162981554866,3.057748756418732e-07,32,30,0.03549361953744665,100,29,32,32,0.9765625,0.90625
SA-real-28800,28800,2,S5,0.0399925671517849,0.0001694855309324339,0.0001692639198154211,1.4721184982136037e-07,32,30,0.03315279596950859,100,28,32,32,0.9609375,0.875
SA-real-28800,28800,3,S5,0.2204163819551468,0.005348143167793751,0.004962914157658815,3.684337343656807e-06,32,30,0.033464558124542236,100,24,32,32,0.90625,0.8125
SA-real-32000,32000,0,S2,0.0491144098341465,0.0012577291345223784,0.0012361308326944709,9.811355994315818e-07,32,30,0.031011198624037208,100,27,32,32,0.98125,0.84375
SA-real-32000,32000,1,S2,0.07068921625614166,0.0007433285936713219,0.0007380968309007585,5.970778147457168e-07,32,30,0.024394408783409746,100,24,32,30,0.959375,0.84375
SA-real-32000,32000,2,S2,0.033447135239839554,0.00015680011711083353,0.0001565812563057989,1.3591120762157516e-07,32,30,0.0309016534127295,100,15,32,32,0.853125,0.5
SA-real-32000,32000,3,S2,0.0585995651781559,0.005159019026905298,0.004796980414539576,4.7123871809162665e-06,32,30,0.03486186489928514,100,25,32,32,0.94375,0.84375
SA-real-32000,32000,0,S5,0.04762804135680199,0.0009835793171077967,0.0009681806550361216,7.519929567934014e-07,32,30,0.031011198624037208,100,20,32,32,0.90625,0.625
SA-real-32000,32000,1,S5,0.03418421745300293,0.000616725767031312,0.0006124142091721296,4.905810442323855e-07,32,30,0.024394408783409746,100,28,32,32,0.96875,0.875
SA-real-32000,32000,2,S5,0.025339655578136444,0.00010867913806578144,0.00010845968790818006,9.461599859150738e-08,32,30,0.0309016534127295,100,26,32,32,0.9453125,0.84375
SA-real-32000,32000,3,S5,0.2152654081583023,0.005838804878294468,0.00554073927924037,4.4753764996130485e-06,32,30,0.03486186489928514,100,26,32,32,0.9296875,0.84375
SA-real-35200,35200,0,S2,0.023781554773449898,0.000545899267308414,0.0005335283349268138,4.409207861044706e-07,32,30,0.02405601631384343,100,31,32,32,0.99375,0.96875
SA-real-35200,35200,1,S2,0.023817509412765503,0.0003084148047491908,0.00030307640554383397,2.592749410723627e-07,32,30,0.03182982296217233,100,29,32,31,0.9875,0.96875
SA-real-35200,35200,2,S2,0.026865985244512558,0.00012589673860929906,0.00012578222958836704,1.1400888411117194e-07,32,30,0.023831174555234612,100,18,32,32,0.8875,0.65625
SA-real-35200,35200,3,S2,0.06811537593603134,0.00697533180937171,0.006273683626204729,5.799387963634217e-06,32,30,0.03354157872032374,100,18,32,29,0.85,0.625
SA-real-35200,35200,0,S5,0.024906329810619354,0.00033631682163104415,0.0003314497007522732,2.820546569637372e-07,32,30,0.02405601631384343,100,31,32,32,0.9921875,0.96875
SA-real-35200,35200,1,S5,0.02245187945663929,0.00031594245228916407,0.00031072128331288695,2.611079139569483e-07,32,30,0.03182982296217233,100,30,32,32,0.984375,0.9375
SA-real-35200,35200,2,S5,0.024414589628577232,0.00010207059676758945,0.000101978235761635,8.971768039600647e-08,32,30,0.023831174555234612,100,27,32,32,0.9609375,0.90625
SA-real-35200,35200,3,S5,0.2270798534154892,0.005839713383466005,0.005471793469041586,4.155482656642562e-06,32,30,0.03354157872032374,100,27,32,31,0.9296875,0.84375
SA-real-38400,38400,0,S2,0.03321133181452751,0.0008180844015441835,0.0008057250524871051,6.515903123727185e-07,32,30,0.031025249543599785,100,27,32,32,0.965625,0.84375
SA-real-38400,38400,1,S2,0.056975800544023514,0.0011485215509310365,0.0011399071663618088,9.668862048783922e-07,32,30,0.028198590849060564,100,7,32,24,0.8375,0.375
SA-real-38400,38400,2,S2,0.04924899339675903,0.0004546754062175751,0.0004542497335933149,3.67203085716028e-07,32,30,0.025739856713917108,100,24,32,32,0.89375,0.75
SA-real-38400,38400,3,S2,0.050799768418073654,0.0041937921196222305,0.003834547009319067,3.662833705675439e-06,32,30,0.05956098628230393,100,23,32,29,0.89375,0.78125
SA-real-38400,38400,0,S5,0.03141053393483162,0.0006129665416665375,0.0006064980989322066,4.944209877066896e-07,32,30,0.031025249543599785,100,29,32,32,0.9765625,0.9375
SA-real-38400,38400,1,S5,0.03574443981051445,0.0006900762091390789,0.0006859815330244601,5.803925660075038e-07,32,30,0.028198590849060564,100,26,32,29,0.96875,0.90625
SA-real-38400,38400,2,S5,0.021573977544903755,0.0001734108809614554,0.00017323298379778862,1.3521749053779786e-07,32,30,0.025739856713917108,100,27,32,32,0.9453125,0.875
SA-real-38400,38400,3,S5,0.26897984743118286,0.005821971222758293,0.0054451534524559975,3.7954209801682737e-06,32,30,0.05956098628230393,100,17,32,32,0.8203125,0.53125
SA-real-41600,41600,0,S2,0.059008900076150894,0.002952313981950283,0.002940343227237463,2.2834235551272286e-06,32,30,0.03928026512265206,100,8,32,32,0.803125,0.375
SA-real-41600,41600,1,S2,0.13301298022270203,0.0020369160920381546,0.0020196118857711554,1.7094378108595265e-06,32,30,0.03556058757472783,100,3,32,27,0.775,0.1875
SA-real-41600,41600,2,S2,0.06133872643113136,0.0004385837528388947,0.0004383095947559923,3.796647263243358e-07,32,30,0.047374492371454836,100,28,32,32,0.953125,0.875
SA-real-41600,41600,3,S2,0.041923295706510544,0.0037518616300076246,0.0035329381935298443,3.4139623039664002e-06,32,30,0.02547078801319003,100,26,32,32,0.95625,0.84375
SA-real-41600,41600,0,S5,0.05991644039750099,0.0014504960272461176,0.001440014922991395,1.1692292218867806e-06,32,30,0.03928026512265206,100,1,32,32,0.7265625,0.03125
SA-real-41600,41600,1,S5,0.05096239596605301,0.000950171088334173,0.0009473767131567001,7.768389309603663e-07,32,30,0.03556058757472783,100,0,32,6,0.6953125,0.21875
SA-real-41600,41600,2,S5,0.04678250476717949,0.0003312529297545552,0.0003310740285087377,2.6390810603516e-07,32,30,0.047374492371454836,100,14,32,31,0.7890625,0.4375
SA-real-41600,41600,3,S5,0.22198650240898132,0.005905688274651766,0.005430525168776512,4.345203251432395e-06,32,30,0.02547078801319003,100,26,32,32,0.90625,0.84375
SA-real-44800,44800,0,S2,0.030658245086669922,0.0010116173652932048,0.0009773862548172474,8.115556511256727e-07,32,30,0.027171158073469995,100,26,32,32,0.978125,0.90625
SA-real-44800,44800,1,S2,0.035391710698604584,0.0005265899817459285,0.0005242047482170165,4.406342668517027e-07,32,30,0.019958494008751586,100,23,32,32,0.946875,0.84375
SA-real-44800,44800,2,S2,0.023638850077986717,0.00012141246406827122,0.00012129345850553364,1.0551988793849887e-07,32,30,0.018406927261967212,100,27,32,32,0.9625,0.875
SA-real-44800,44800,3,S2,0.05017533525824547,0.004418805707246065,0.004139340482652187,3.963822109653847e-06,32,30,0.054562495951540765,100,24,32,32,0.95625,0.78125
SA-real-44800,44800,0,S5,0.04327996447682381,0.0007273548981174827,0.000719703093636781,6.064929038984701e-07,32,30,0.027171158073469995,100,23,32,32,0.9296875,0.71875
SA-real-44800,44800,1,S5,0.028957383707165718,0.00044356068246997893,0.00044125094427727163,3.7030042676633457e-07,32,30,0.019958494008751586,100,29,32,31,0.9765625,0.9375
SA-real-44800,44800,2,S5,0.025860445573925972,0.0001194396463688463,0.00011932967754546553,9.826685243297106e-08,32,30,0.018406927261967212,100,25,32,32,0.9375,0.8125
SA-real-44800,44800,3,S5,0.2511182427406311,0.006124911364167929,0.005702474620193243,4.106628693989478e-06,32,30,0.054562495951540765,100,27,32,32,0.9453125,0.875
SA-real-48000,48000,0,S2,0.05139051377773285,0.000653365976177156,0.0006287218420766294,5.608449669125548e-07,32,30,0.084984130281955,100,32,32,32,1.0,1.0
SA-real-48000,48000,1,S2,0.029054557904601097,0.00030111795058473945,0.00029769277898594737,2.59483698528129e-07,32,30,0.023126761628082023,100,28,32,32,0.96875,0.90625
SA-real-48000,48000,2,S2,0.0246062520891428,0.0001301317533943802,0.00012983853230252862,1.2016346317977877e-07,32,30,0.022576110728550702,100,25,32,32,0.94375,0.84375
SA-real-48000,48000,3,S2,0.06489349156618118,0.005236910656094551,0.004679879639297724,4.532450930128107e-06,32,30,0.04454332937952131,100,23,32,31,0.921875,0.75
SA-real-48000,48000,0,S5,0.04247674718499184,0.0004573088081087917,0.00045061908895149827,4.021221116090601e-07,32,30,0.084984130281955,100,32,32,32,1.0,1.0
SA-real-48000,48000,1,S5,0.027949510142207146,0.00032181988353841007,0.00031846429919824004,2.7074460717813054e-07,32,30,0.023126761628082023,100,31,32,31,1.0,1.0
SA-real-48000,48000,2,S5,0.03387651592493057,0.00016824997146613896,0.00016794449766166508,1.3856302416570543e-07,32,30,0.022576110728550702,100,29,32,32,0.96875,0.9375
SA-real-48000,48000,3,S5,0.23368951678276062,0.006279773078858852,0.005661800969392061,4.203562184557086e-06,32,30,0.04454332937952131,100,24,32,32,0.890625,0.78125
SA-real-51200,51200,0,S2,0.029970861971378326,0.0005395697080530226,0.0005191778182052076,4.5252301106302184e-07,32,30,0.01808972593629733,100,31,32,32,0.996875,0.96875
SA-real-51200,51200,1,S2,0.03742331266403198,0.00044688049820251763,0.0004411058616824448,3.8022724879738234e-07,32,30,0.02071151545504108,100,30,32,31,0.990625,0.96875
SA-real-51200,51200,2,S2,0.017188744619488716,0.00011445510608609766,0.00011417904897825792,9.770639763928557e-08,32,30,0.01752036694670096,100,28,32,32,0.98125,0.9375
SA-real-51200,51200,3,S2,0.040785424411296844,0.003773123025894165,0.003502247156575322,3.430330252740532e-06,32,30,0.032894625370390715,100,24,32,31,0.925,0.75
SA-real-51200,51200,0,S5,0.035155799239873886,0.0004395408905111253,0.0004352495016064495,3.7633671468029206e-07,32,30,0.01808972593629733,100,31,32,32,0.9921875,0.96875
SA-real-51200,51200,1,S5,0.023751964792609215,0.000253726466326043,0.00025022754562087357,2.1740073918863345e-07,32,30,0.02071151545504108,100,31,32,32,0.9921875,0.96875
SA-real-51200,51200,2,S5,0.02362782694399357,0.00015047381748445332,0.00015021435683593154,1.2466405507893796e-07,32,30,0.01752036694670096,100,30,32,32,0.984375,0.96875
SA-real-51200,51200,3,S5,0.26359978318214417,0.005005942191928625,0.004659774247556925,3.1655624752602307e-06,32,30,0.032894625370390715,100,25,32,32,0.9296875,0.84375
SA-real-54400,54400,0,S2,0.04187164455652237,0.0013048138935118914,0.0012802727287635207,1.0771798315545311e-06,32,30,0.028781586014665662,100,30,32,32,0.99375,0.96875
SA-real-54400,54400,1,S2,0.04292820021510124,0.0006364764412865043,0.0006322844419628382,5.351549816623447e-07,32,30,0.02385823799064383,100,28,32,30,0.990625,0.9375
SA-real-54400,54400,2,S2,0.03407372906804085,0.0003097010776400566,0.0003095977590419352,2.641230025801633e-07,32,30,0.02660608562408015,100,11,32,32,0.753125,0.4375
SA-real-54400,54400,3,S2,0.0489681176841259,0.0045822253450751305,0.004278457257896662,4.020738742838148e-06,32,30,0.051348617665935306,100,28,32,32,0.95625,0.90625
SA-real-54400,54400,0,S5,0.036083247512578964,0.001046881778165698,0.0010385328205302358,8.484013847009919e-07,32,30,0.028781586014665662,100,29,32,32,0.9765625,0.90625
SA-real-54400,54400,1,S5,0.028768455609679222,0.0003741344844456762,0.00037068597157485783,3.0981792065176705e-07,32,30,0.02385823799064383,100,32,32,32,1.0,1.0
SA-real-54400,54400,2,S5,0.03903023526072502,0.0004631058545783162,0.0004629991599358618,3.612998398239142e-07,32,30,0.02660608562408015,100,4,32,32,0.59375,0.15625
SA-real-54400,54400,3,S5,0.23730351030826569,0.00563614210113883,0.00519625935703516,3.863339316012571e-06,32,30,0.051348617665935306,100,21,32,32,0.8515625,0.6875
SA-real-57600,57600,0,S2,0.02439972572028637,0.0006697443895973265,0.0006546720396727324,5.330695103111793e-07,32,30,0.017737041425425558,100,32,32,32,1.0,1.0
SA-real-57600,57600,1,S2,0.021093858405947685,0.00030939714633859694,0.00029464843100868165,2.540254513405671e-07,32,30,0.019567292944993823,100,29,32,30,0.996875,0.96875
SA-real-57600,57600,2,S2,0.02296614460647106,0.00014447703142650425,0.00014413260214496404,1.251825239023674e-07,32,30,0.01709311585640535,100,30,32,32,0.9875,0.9375
SA-real-57600,57600,3,S2,0.044310811907052994,0.00421088095754385,0.003927296027541161,3.713454589160392e-06,32,30,0.03888403924647719,100,25,32,32,0.9625,0.875
SA-real-57600,57600,0,S5,0.027946433052420616,0.000523759052157402,0.0005105039454065263,4.17204489622236e-07,32,30,0.017737041425425558,100,32,32,32,1.0,1.0
SA-real-57600,57600,1,S5,0.025503026321530342,0.0003041445161215961,0.0002895346551667899,2.4666871922818245e-07,32,30,0.019567292944993823,100,32,32,32,1.0,1.0
SA-real-57600,57600,2,S5,0.020497553050518036,0.00011706413351930678,0.00011676802387228236,9.761823349663246e-08,32,30,0.01709311585640535,100,29,32,32,0.9765625,0.90625
SA-real-57600,57600,3,S5,0.35990574955940247,0.005831058602780104,0.005602658726274967,4.282396730559412e-06,32,30,0.03888403924647719,100,19,32,31,0.8515625,0.59375
SA-real-60800,60800,0,S2,0.022389698773622513,0.0006409236812032759,0.0006303595146164298,5.179202844374231e-07,32,30,0.021603615079075097,100,31,32,32,0.996875,0.96875
SA-real-60800,60800,1,S2,0.02095738984644413,0.0003569410473573953,0.0003532902046572417,2.9789219979647896e-07,32,30,0.01796280863462016,100,28,32,30,0.99375,0.96875
SA-real-60800,60800,2,S2,0.027401138097047806,0.00012004216841887683,0.0001198162863147445,1.0340021106003405e-07,32,30,0.02042842158349231,100,28,32,32,0.965625,0.875
SA-real-60800,60800,3,S2,0.0533999428153038,0.004515923094004393,0.0042667086236178875,4.256142801750684e-06,32,30,0.0378922309121117,100,19,32,32,0.909375,0.6875
SA-real-60800,60800,0,S5,0.03633015602827072,0.0004575646889861673,0.00045131499064154923,3.856718535644177e-07,32,30,0.021603615079075097,100,31,32,31,1.0,1.0
SA-real-60800,60800,1,S5,0.02020503394305706,0.00024222365755122155,0.00023890049487818033,1.9941434459269658e-07,32,30,0.01796280863462016,100,32,32,32,1.0,1.0
SA-real-60800,60800,2,S5,0.025245793163776398,0.00011123072181362659,0.00011101168638560921,9.418400992444731e-08,32,30,0.02042842158349231,100,24,32,32,0.921875,0.78125
SA-real-60800,60800,3,S5,0.22444424033164978,0.0057261330075562,0.005396759137511253,4.126796739001293e-06,32,30,0.0378922309121117,100,17,32,32,0.828125,0.65625
SA-real-64000,64000,0,S2,0.021576736122369766,0.0007860675104893744,0.0007683919975534081,6.25630093509244e-07,32,30,0.019326057576108724,100,31,32,32,0.996875,0.96875
SA-real-64000,64000,1,S2,0.02294202335178852,0.0004076673649251461,0.0004015922895632684,3.337382281642931e-07,32,30,0.013425012644147501,100,30,32,32,0.990625,0.9375
SA-real-64000,64000,2,S2,0.028593121096491814,0.00011663567420328036,0.00011653029650915414,1.0302612452051108e-07,32,30,0.01673512040171772,100,22,32,32,0.896875,0.75
SA-real-64000,64000,3,S2,0.052652087062597275,0.004829924087971449,0.004424443002790213,4.167164206592133e-06,32,30,0.06093285907059908,100,23,32,31,0.925,0.78125
SA-real-64000,64000,0,S5,0.022012654691934586,0.000507595541421324,0.0004993697511963546,4.0644283672008896e-07,32,30,0.019326057576108724,100,31,32,32,0.9921875,0.96875
SA-real-64000,64000,1,S5,0.022626671940088272,0.0004999902448616922,0.0004943603998981416,4.141519127642823e-07,32,30,0.013425012644147501,100,31,32,32,0.9921875,0.96875
SA-real-64000,64000,2,S5,0.01731518656015396,9.136945300269872e-05,9.127162775257602e-05,7.482113772994126e-08,32,30,0.01673512040171772,100,14,32,32,0.7578125,0.46875
SA-real-64000,64000,3,S5,0.21472500264644623,0.005545805208384991,0.005017956253141165,3.7774523207190214e-06,32,30,0.06093285907059908,100,21,32,32,0.890625,0.65625
SA-real-7200,7200,0,S2,0.1042010486125946,0.002694132272154093,0.002634726231917739,2.255979779874906e-06,32,30,0.11254109902307391,100,10,32,21,0.86875,0.5625
SA-real-7200,7200,1,S2,0.1267063170671463,0.0021632439456880093,0.0021177048329263926,1.8346756860410096e-06,32,30,0.11379538720939308,100,4,32,20,0.703125,0.25
SA-real-7200,7200,2,S2,0.08819945156574249,0.0009020422003231943,0.0009000005084089935,7.666017722840479e-07,32,30,0.0795813549309969,100,0,32,16,0.590625,0.0
SA-real-7200,7200,3,S2,0.1676483154296875,0.015397691167891026,0.013880095444619656,1.1846258530567866e-05,32,30,0.17978019117377697,100,0,32,13,0.39375,0.0625
SA-real-7200,7200,0,S5,0.08617480844259262,0.0025216941721737385,0.0024702681694179773,1.9996623450424522e-06,32,30,0.11254109902307391,100,2,32,19,0.75,0.1875
SA-real-7200,7200,1,S5,0.0975164920091629,0.0013340241275727749,0.0013076288159936666,1.1500976597744739e-06,32,30,0.11379538720939308,100,2,32,8,0.703125,0.3125
SA-real-7200,7200,2,S5,0.07160113006830215,0.00045369809959083796,0.00045329646673053503,3.8338558283612656e-07,32,30,0.0795813549309969,100,0,32,1,0.640625,0.0
SA-real-7200,7200,3,S5,0.277029812335968,0.009792446158826351,0.008835511282086372,6.933149506949121e-06,32,30,0.17978019117377697,100,9,32,20,0.65625,0.5
SA-real-8000,8000,0,S2,0.042374398559331894,0.0004916145699098706,0.0004683981242123991,4.399156807721738e-07,32,30,0.15734351437538863,100,9,32,32,0.790625,0.4375
SA-real-8000,8000,1,S2,0.12127514183521271,0.000994439935311675,0.0009866288164630532,9.905395472742384e-07,32,30,0.08294978281483054,100,19,32,30,0.915625,0.78125
SA-real-8000,8000,2,S2,0.051795847713947296,0.0003707303840201348,0.0003701796231325716,3.115569882083946e-07,32,30,0.07220308984164149,100,2,32,27,0.63125,0.09375
SA-real-8000,8000,3,S2,0.34485000371932983,0.03545339033007622,0.028805114328861237,2.3111701011657715e-05,32,30,0.14428275803104043,100,0,32,0,0.08125,0.0
SA-real-8000,8000,0,S5,0.04010842740535736,0.0007762835011817515,0.0007587934960611165,6.166617936287366e-07,32,30,0.15734351437538863,100,29,32,32,0.9765625,0.9375
SA-real-8000,8000,1,S5,0.05768090859055519,0.0006308237207122147,0.0006238753558136523,6.129606617832906e-07,32,30,0.08294978281483054,100,24,32,27,0.9765625,0.9375
SA-real-8000,8000,2,S5,0.04235653579235077,0.00018291726883035153,0.00018244021339341998,1.6200293373458408e-07,32,30,0.07220308984164149,100,2,32,16,0.6953125,0.0625
SA-real-8000,8000,3,S5,0.2854933738708496,0.01051306538283825,0.009076487272977829,7.134754469007021e-06,32,30,0.14428275803104043,100,0,32,1,0.296875,0.0
SA-real-9600,9600,0,S2,0.07551714777946472,0.0023414266761392355,0.0021141425240784883,1.7660756839177338e-06,32,30,0.0872265650704503,100,1,32,32,0.625,0.0625
SA-real-9600,9600,1,S2,0.12112639844417572,0.0013244246365502477,0.001312853884883225,1.27422515561193e-06,32,30,0.1109075633296743,100,0,32,32,0.65,0.0625
SA-real-9600,9600,2,S2,0.07970248907804489,0.0004671466303989291,0.00046670777373947203,4.3317561448930064e-07,32,30,0.06267145236954093,100,2,32,32,0.546875,0.0625
SA-real-9600,9600,3,S2,0.08744601160287857,0.006315765902400017,0.005987123586237431,5.631104613712523e-06,32,30,0.09338216035626828,100,17,32,32,0.8875,0.6875
SA-real-9600,9600,0,S5,0.05609377846121788,0.0011157947592437267,0.0010880465852096677,9.118991783907404e-07,32,30,0.0872265650704503,100,28,32,30,0.9765625,0.90625
SA-real-9600,9600,1,S5,0.10973476618528366,0.0006965507636778057,0.0006850313511677086,6.842331004008884e-07,32,30,0.1109075633296743,100,1,32,27,0.75,0.0625
SA-real-9600,9600,2,S5,0.04963351786136627,0.00028500499320216477,0.0002844654372893274,2.4450952196275466e-07,32,30,0.06267145236954093,100,8,32,32,0.671875,0.28125
SA-real-9600,9600,3,S5,0.2466752678155899,0.006179493386298418,0.0056505654938519,4.411349436850287e-06,32,30,0.09338216035626828,100,21,32,32,0.859375,0.71875
SC-masked-12800,12800,0,S2,0.03602903336286545,0.0007742301095277071,0.0007655865629203618,6.334209388114687e-07,32,30,0.06703388937748969,100,9,32,32,0.80625,0.40625
SC-masked-12800,12800,1,S2,0.1297791749238968,0.0007965003023855388,0.0007870904519222677,6.891824568810989e-07,32,30,0.05496595745673403,100,23,32,27,0.965625,0.875
SC-masked-12800,12800,2,S2,0.042674850672483444,0.00019503691873978823,0.00019488595717120916,1.6852699502578616e-07,32,30,0.044813444339670244,100,18,32,32,0.834375,0.59375
SC-masked-12800,12800,3,S2,0.07070308178663254,0.004887421615421772,0.004610356874763966,4.355458713689586e-06,32,30,0.08445368643384427,100,18,32,31,0.903125,0.78125
SC-masked-12800,12800,0,S5,0.04157130792737007,0.0005306879756972194,0.000524848117493093,4.4613636873691576e-07,32,30,0.06703388937748969,100,5,32,32,0.7734375,0.15625
SC-masked-12800,12800,1,S5,0.07216890156269073,0.000675205432344228,0.0006669510621577501,5.528476663130277e-07,32,30,0.05496595745673403,100,28,32,32,0.9453125,0.875
SC-masked-12800,12800,2,S5,0.037125833332538605,0.00013814338308293372,0.00013798272993881255,1.1759987472714784e-07,32,30,0.044813444339670244,100,24,32,32,0.9140625,0.75
SC-masked-12800,12800,3,S5,0.2496192753314972,0.005407493095844984,0.0048233866691589355,3.7590007195831276e-06,32,30,0.08445368643384427,100,20,32,32,0.859375,0.6875
SC-masked-3600,3600,0,S2,0.10582336783409119,0.0020387074910104275,0.001982324291020632,1.6856255342645454e-06,32,30,0.15699886585585773,100,0,32,32,0.525,0.0
SC-masked-3600,3600,1,S2,0.15448594093322754,0.0018934787949547172,0.0018659420311450958,1.679769525253505e-06,32,30,0.18658889754675329,100,5,32,19,0.728125,0.375
SC-masked-3600,3600,2,S2,0.06411989778280258,0.0003374945663381368,0.00033707747934386134,2.9672705181837955e-07,32,30,0.1557677472801879,100,0,32,32,0.521875,0.0
SC-masked-3600,3600,3,S2,0.12775257229804993,0.007050342857837677,0.0063733384013175964,6.163395028124796e-06,32,30,0.2564284235518426,100,13,32,29,0.83125,0.59375
SC-masked-3600,3600,0,S5,0.0717812329530716,0.0010830308310687542,0.0010452574351802468,9.370799034513766e-07,32,30,0.15699886585585773,100,0,32,30,0.53125,0.0
SC-masked-3600,3600,1,S5,0.1496705561876297,0.0016816087299957871,0.0016545671969652176,1.4601747579945368e-06,32,30,0.18658889754675329,100,12,32,20,0.8359375,0.59375
SC-masked-3600,3600,2,S5,0.06542450934648514,0.00026479436201043427,0.0002645459899213165,2.2592740833715652e-07,32,30,0.1557677472801879,100,2,32,31,0.5859375,0.21875
SC-masked-3600,3600,3,S5,0.2707328200340271,0.008367517963051796,0.007588135078549385,5.907936611038167e-06,32,30,0.2564284235518426,100,10,32,32,0.765625,0.53125
SC-masked-4000,4000,0,S2,0.08719071000814438,0.001176671707071364,0.0011605301406234503,1.032911768561462e-06,32,30,0.19735852962359787,100,0,32,32,0.590625,0.03125
SC-masked-4000,4000,1,S2,0.2444656640291214,0.0019728203769773245,0.0019352406961843371,1.7899129716170137e-06,32,30,0.16297672352287917,100,3,32,5,0.928125,0.78125
SC-masked-4000,4000,2,S2,0.22412849962711334,0.0025271696504205465,0.002507902914658189,2.177361466237926e-06,32,30,0.12744404128752648,100,14,32,27,0.85625,0.53125
SC-masked-4000,4000,3,S2,0.1424889713525772,0.008966508321464062,0.00831420999020338,7.777973223710433e-06,32,30,0.23343799592927097,100,9,32,31,0.728125,0.40625
SC-masked-4000,4000,0,S5,0.12583346664905548,0.001305298530496657,0.0012973104603588581,1.178088041342562e-06,32,30,0.19735852962359787,100,0,32,32,0.515625,0.0
SC-masked-4000,4000,1,S5,0.07709870487451553,0.0005778421182185411,0.0005721646011807024,5.441884809442854e-07,32,30,0.16297672352287917,100,9,32,11,0.953125,0.90625
SC-masked-4000,4000,2,S5,0.09453687071800232,0.0014027871657162905,0.0013929220149293542,1.1200322660442907e-06,32,30,0.12744404128752648,100,23,32,31,0.8984375,0.78125
SC-masked-4000,4000,3,S5,0.28305375576019287,0.00975257158279419,0.009116841480135918,6.963554824324092e-06,32,30,0.23343799592927097,100,3,32,32,0.546875,0.125
SC-masked-4800,4800,0,S2,0.06187023967504501,0.001711952849291265,0.001573539455421269,1.3251440122985514e-06,32,30,0.145738427657634,100,0,32,32,0.684375,0.03125
SC-masked-4800,4800,1,S2,0.1377125233411789,0.001227365923114121,0.0012215893948450685,1.2185792002128437e-06,32,30,0.14065120406448842,100,0,32,26,0.546875,0.03125
SC-masked-4800,4800,2,S2,0.0870119035243988,0.00067779520759359,0.0006767872255295515,6.349408181449689e-07,32,30,0.10007788131479174,100,1,32,32,0.55,0.03125
SC-masked-4800,4800,3,S2,0.09952837973833084,0.005712827667593956,0.005280910525470972,5.171800694370177e-06,32,30,0.1327214111480862,100,6,32,31,0.865625,0.25
SC-masked-4800,4800,0,S5,0.05342252552509308,0.0008049279567785561,0.0007863974897190928,6.801881795581721e-07,32,30,0.145738427657634,100,0,32,32,0.515625,0.0
SC-masked-4800,4800,1,S5,0.06614416837692261,0.000761853763833642,0.0007571246824227273,7.513480682064255e-07,32,30,0.14065120406448842,100,1,32,32,0.5234375,0.03125
SC-masked-4800,4800,2,S5,0.0495915487408638,0.00043144391383975744,0.000430614803917706,3.8065314811319695e-07,32,30,0.10007788131479174,100,1,32,32,0.59375,0.09375
SC-masked-4800,4800,3,S5,0.24241837859153748,0.006008552387356758,0.005412604194134474,4.199397608317668e-06,32,30,0.1327214111480862,100,10,32,32,0.6875,0.34375
SC-masked-6400,6400,0,S2,0.05897074565291405,0.0016393796540796757,0.001592645887285471,1.3402561762632104e-06,32,30,0.1205399900302291,100,24,32,32,0.940625,0.78125
SC-masked-6400,6400,1,S2,0.21403726935386658,0.0033926668111234903,0.0033480182755738497,2.846708412107546e-06,32,30,0.10459357279352843,100,1,32,2,0.834375,0.59375
SC-masked-6400,6400,2,S2,0.09052111208438873,0.0008367850678041577,0.0008324485388584435,7.34435559479607e-07,32,30,0.10889769231900573,100,22,32,32,0.915625,0.71875
SC-masked-6400,6400,3,S2,0.1405147761106491,0.00974067859351635,0.008836687542498112,8.449204869975802e-06,32,30,0.14142418732866646,100,13,32,31,0.853125,0.4375
SC-masked-6400,6400,0,S5,0.059134166687726974,0.0008785053505562246,0.0008482866687700152,7.648296218576434e-07,32,30,0.1205399900302291,100,15,32,32,0.8515625,0.5
SC-masked-6400,6400,1,S5,0.08402197062969208,0.001061363029293716,0.0010443960782140493,9.208391134052363e-07,32,30,0.10459357279352843,100,5,32,5,0.9296875,0.8125
SC-masked-6400,6400,2,S5,0.05083443224430084,0.00023811547725927085,0.00023742596386000514,2.1267918270950759e-07,32,30,0.10889769231900573,100,14,32,32,0.8125,0.53125
SC-masked-6400,6400,3,S5,0.28629636764526367,0.009142732247710228,0.008083424530923367,6.627412858506432e-06,32,30,0.14142418732866646,100,12,32,32,0.75,0.46875
SC-masked-9600,9600,0,S2,0.06591353565454483,0.0008808898855932057,0.0008393407333642244,8.25810104743141e-07,32,30,0.08067774188704789,100,28,32,32,0.98125,0.90625
SC-masked-9600,9600,1,S2,0.12078239023685455,0.0016058441251516342,0.0015841788845136762,1.3881675613447442e-06,32,30,0.10078291774261743,100,14,32,28,0.903125,0.65625
SC-masked-9600,9600,2,S2,0.05478423833847046,0.0004338499275036156,0.00043375472887419164,3.636301073584036e-07,32,30,0.07276279144454748,100,2,32,32,0.578125,0.125
SC-masked-9600,9600,3,S2,0.14281335473060608,0.009974777698516846,0.0091871228069067,8.473503839923069e-06,32,30,0.1103961780667305,100,14,32,30,0.85,0.59375
SC-masked-9600,9600,0,S5,0.062353409826755524,0.0009964199271053076,0.0009605439263395965,8.858812634571223e-07,32,30,0.08067774188704789,100,25,32,32,0.9453125,0.78125
SC-masked-9600,9600,1,S5,0.07144352048635483,0.0009774729842320085,0.0009595990995876491,8.889014111446158e-07,32,30,0.10078291774261743,100,25,32,29,0.953125,0.875
SC-masked-9600,9600,2,S5,0.053238287568092346,0.0003138323372695595,0.000313712254865095,2.7486794351716526e-07,32,30,0.07276279144454748,100,3,32,32,0.546875,0.09375
SC-masked-9600,9600,3,S5,0.28717830777168274,0.00923637393862009,0.008404240943491459,6.687779205094557e-06,32,30,0.1103961780667305,100,20,32,32,0.8671875,0.71875
SC-real-12800,12800,0,S2,0.04276508092880249,0.001016216236166656,0.0009837071411311626,8.275804930235608e-07,32,30,0.08212997563183308,100,14,32,32,0.875,0.46875
SC-real-12800,12800,1,S2,0.10848522186279297,0.000617587415035814,0.0006071726093068719,5.573120347435179e-07,32,30,0.0769175805291161,100,21,32,32,0.928125,0.75
SC-real-12800,12800,2,S2,0.04066762700676918,0.00021731991728302091,0.00021695735631510615,1.8971681470247859e-07,32,30,0.05333494670689106,100,5,32,32,0.71875,0.3125
SC-real-12800,12800,3,S2,0.06149406358599663,0.003926983568817377,0.0036286422982811928,3.6900348732160637e-06,32,30,0.12031911386176944,100,23,32,29,0.8875,0.78125
SC-real-12800,12800,0,S5,0.07249578833580017,0.0006271676393225789,0.0006203374941833317,5.733667194363079e-07,32,30,0.08212997563183308,100,27,32,32,0.9609375,0.90625
SC-real-12800,12800,1,S5,0.04946991056203842,0.0006313111516647041,0.0006217904156073928,5.438465677798376e-07,32,30,0.0769175805291161,100,10,32,32,0.796875,0.3125
SC-real-12800,12800,2,S5,0.020999785512685776,0.0001223120780196041,0.00012194269947940484,1.0331086741643958e-07,32,30,0.05333494670689106,100,10,32,32,0.796875,0.34375
SC-real-12800,12800,3,S5,0.2580936849117279,0.005027721635997295,0.004631881136447191,3.177024382239324e-06,32,30,0.12031911386176944,100,23,32,32,0.890625,0.78125
SC-real-16000,16000,0,S2,0.03957263007760048,0.0009363378048874438,0.0009091581450775266,7.921984774839075e-07,32,30,0.07274459127336741,100,28,32,32,0.984375,0.875
SC-real-16000,16000,1,S2,0.06203390657901764,0.00047534520854242146,0.0004602297558449209,4.10520300420103e-07,32,30,0.06498443213291466,100,2,32,2,0.90625,0.53125
SC-real-16000,16000,2,S2,0.04515090957283974,0.0002085599844576791,0.00020828154811169952,1.81122260300981e-07,32,30,0.055125340460799636,100,5,32,32,0.684375,0.28125
SC-real-16000,16000,3,S2,0.062143195420503616,0.005333250854164362,0.004894643556326628,4.466129212232772e-06,32,30,0.07405546718277037,100,12,32,32,0.80625,0.53125
SC-real-16000,16000,0,S5,0.06488852202892303,0.002196508925408125,0.0021823004353791475,1.6791359485068824e-06,32,30,0.07274459127336741,100,4,32,32,0.6328125,0.15625
SC-real-16000,16000,1,S5,0.031270332634449005,0.0003609694540500641,0.00034762031282298267,3.081987074438075e-07,32,30,0.06498443213291466,100,0,32,0,0.7265625,0.0
SC-real-16000,16000,2,S5,0.08670280873775482,0.0015618745237588882,0.0015615305164828897,1.1325856803523493e-06,32,30,0.055125340460799636,100,0,32,24,0.53125,0.0
SC-real-16000,16000,3,S5,0.24245749413967133,0.006808691192418337,0.006276021711528301,4.558301498036599e-06,32,30,0.07405546718277037,100,7,32,32,0.640625,0.25
SC-real-19200,19200,0,S2,0.05128055810928345,0.0013052176218479872,0.001279243384487927,1.0618282431096304e-06,32,30,0.057958800494670865,100,6,32,32,0.771875,0.1875
SC-real-19200,19200,1,S2,0.10344834625720978,0.0009587397216819227,0.0009538152953609824,8.171666081580042e-07,32,30,0.05506545300828293,100,14,32,31,0.890625,0.53125
SC-real-19200,19200,2,S2,0.05327508971095085,0.00035702198510989547,0.0003565811493899673,3.1385587817567284e-07,32,30,0.043849205537699165,100,3,32,32,0.578125,0.125
SC-real-19200,19200,3,S2,0.07932640612125397,0.0074220155365765095,0.006950734183192253,6.311080142040737e-06,32,30,0.059602753887884316,100,18,32,31,0.865625,0.71875
SC-real-19200,19200,0,S5,0.056246861815452576,0.001387662487104535,0.0013635150389745831,1.094122012545995e-06,32,30,0.057958800494670865,100,1,32,31,0.640625,0.03125
SC-real-19200,19200,1,S5,0.04729539901018143,0.000918339064810425,0.0009141218033619225,7.379485396086238e-07,32,30,0.05506545300828293,100,25,32,32,0.9375,0.78125
SC-real-19200,19200,2,S5,0.04078115522861481,0.00025986850960180163,0.00025954205193556845,2.1120028748100594e-07,32,30,0.043849205537699165,100,5,32,32,0.609375,0.21875
SC-real-19200,19200,3,S5,0.2470792979001999,0.006876311264932156,0.006298347841948271,4.803384854312753e-06,32,30,0.059602753887884316,100,25,32,32,0.9140625,0.8125
SC-real-22400,22400,0,S2,0.03640317916870117,0.0005850902525708079,0.0005634776898659766,5.039344159740722e-07,32,30,0.035643152832053604,100,24,32,32,0.9625,0.875
SC-real-22400,22400,1,S2,0.04511155188083649,0.0003600494528654963,0.00035623295116238296,3.074464416386036e-07,32,30,0.06368204956874252,100,26,32,32,0.9625,0.875
SC-real-22400,22400,2,S2,0.07976892590522766,0.00037102706846781075,0.0003702344256453216,3.315674064197083e-07,32,30,0.03559127516113222,100,19,32,32,0.89375,0.71875
SC-real-22400,22400,3,S2,0.06233343854546547,0.004889675881713629,0.004486649297177792,4.226688361086417e-06,32,30,0.077528739515692,100,22,32,31,0.9125,0.75
SC-real-22400,22400,0,S5,0.036409392952919006,0.0005214416887611151,0.0005140353459864855,4.463759921691235e-07,32,30,0.035643152832053604,100,26,32,32,0.953125,0.875
SC-real-22400,22400,1,S5,0.03513916954398155,0.0004584567795973271,0.00045581875019706786,3.8306370697682723e-07,32,30,0.06368204956874252,100,23,32,32,0.9296875,0.71875
SC-real-22400,22400,2,S5,0.05454738438129425,0.0002611496893223375,0.00026103053824044764,2.2099801810782083e-07,32,30,0.03559127516113222,100,5,32,32,0.6875,0.28125
SC-real-22400,22400,3,S5,0.2442575991153717,0.005919456947594881,0.005415094085037708,4.169140083831735e-06,32,30,0.077528739515692,100,21,32,32,0.875,0.75
SC-real-25600,25600,0,S2,0.04777122288942337,0.0008962073479779065,0.000876736652571708,7.384673494925664e-07,32,30,0.03769972966518253,100,30,32,32,0.99375,0.96875
SC-real-25600,25600,1,S2,0.05180255323648453,0.00038245259202085435,0.000379418779630214,3.2858227427823294e-07,32,30,0.03126095736166462,100,28,32,31,0.984375,0.9375
SC-real-25600,25600,2,S2,0.029178716242313385,0.00014487099542748183,0.00014474349154625088,1.2567201679303253e-07,32,30,0.024613604974001647,100,21,32,32,0.903125,0.6875
SC-real-25600,25600,3,S2,0.039921101182699203,0.0034948340617120266,0.003276457544416189,3.0799847081652842e-06,32,30,0.034696610011160374,100,26,32,30,0.928125,0.8125
SC-real-25600,25600,0,S5,0.03793206065893173,0.0005258166347630322,0.0005173063254915178,4.383488487746945e-07,32,30,0.03769972966518253,100,30,32,32,0.984375,0.96875
SC-real-25600,25600,1,S5,0.0485665388405323,0.0007608927553519607,0.0007587993168272078,5.980270429972734e-07,32,30,0.03126095736166462,100,30,32,32,0.9765625,0.9375
SC-real-25600,25600,2,S5,0.016706394031643867,9.63585771387443e-05,9.626518294680864e-05,8.002556484143497e-08,32,30,0.024613604974001647,100,32,32,32,1.0,1.0
SC-real-25600,25600,3,S5,0.2322118878364563,0.004965475294739008,0.004533891100436449,3.196679017491988e-06,32,30,0.034696610011160374,100,14,32,32,0.7734375,0.53125
SC-real-28800,28800,0,S2,0.055514466017484665,0.0009483869653195143,0.0009237844496965408,8.224220664487802e-07,32,30,0.04598984904587269,100,29,32,32,0.984375,0.9375
SC-real-28800,28800,1,S2,0.06522047519683838,0.001132634119130671,0.0011245837667956948,9.076900937543542e-07,32,30,0.04139291026396677,100,20,32,27,0.953125,0.8125
SC-real-28800,28800,2,S2,0.0343070887029171,0.0002153169916709885,0.0002150595682905987,1.8259160583511402e-07,32,30,0.027675030645914377,100,21,32,32,0.921875,0.8125
SC-real-28800,28800,3,S2,0.046070389449596405,0.003813796443864703,0.0035798728931695223,3.4529066397226416e-06,32,30,0.05404411094263196,100,12,32,27,0.7875,0.40625
SC-real-28800,28800,0,S5,0.057579170912504196,0.0014693725388497114,0.00144801230635494,1.2034503242830397e-06,32,30,0.04598984904587269,100,26,32,32,0.953125,0.84375
SC-real-28800,28800,1,S5,0.04434514045715332,0.0012016588589176536,0.0011989956256002188,1.0045629323940375e-06,32,30,0.04139291026396677,100,20,32,31,0.890625,0.6875
SC-real-28800,28800,2,S5,0.020415540784597397,0.00013936473987996578,0.0001392032572766766,1.1204141259213429e-07,32,30,0.027675030645914377,100,18,32,32,0.84375,0.6875
SC-real-28800,28800,3,S5,0.23100170493125916,0.0053964052349328995,0.004891338292509317,3.767442649404984e-06,32,30,0.05404411094263196,100,22,32,32,0.890625,0.75
SC-real-32000,32000,0,S2,0.049730535596609116,0.001026024459861219,0.0009953740518540144,8.450650739177945e-07,32,30,0.03970867099706084,100,18,32,31,0.921875,0.59375
SC-real-32000,32000,1,S2,0.07730073481798172,0.0007996995118446648,0.0007894027512520552,6.837409500803915e-07,32,30,0.028080045075621455,100,23,32,27,0.971875,0.90625
SC-real-32000,32000,2,S2,0.05409665033221245,0.0003295692731626332,0.00032911691232584417,2.8357598580441845e-07,32,30,0.03480634388048202,100,28,32,32,0.953125,0.875
SC-real-32000,32000,3,S2,0.04667166247963905,0.00421694852411747,0.003840442979708314,3.707076075443183e-06,32,30,0.043427247530780734,100,23,32,32,0.9125,0.71875
SC-real-32000,32000,0,S5,0.045506205409765244,0.0007348403451032937,0.0007282246369868517,6.13360271017882e-07,32,30,0.03970867099706084,100,29,32,32,0.9765625,0.9375
SC-real-32000,32000,1,S5,0.036889005452394485,0.0008178054704330862,0.0008143316954374313,6.421411740120675e-07,32,30,0.028080045075621455,100,31,32,32,0.9921875,0.96875
SC-real-32000,32000,2,S5,0.046305783092975616,0.00022341958538163453,0.00022320325660984963,1.8262498713284003e-07,32,30,0.03480634388048202,100,26,32,32,0.9453125,0.84375
SC-real-32000,32000,3,S5,0.2238599807024002,0.005383220501244068,0.004880706313997507,3.5253106034360826e-06,32,30,0.043427247530780734,100,25,32,32,0.921875,0.8125
SC-real-35200,35200,0,S2,0.032392796128988266,0.0006543212221004069,0.0006327833980321884,5.394718982643099e-07,32,30,0.0292001275671646,100,31,32,32,0.996875,0.96875
SC-real-35200,35200,1,S2,0.03173335641622543,0.0004778904840350151,0.0004758952127303928,3.833346511328273e-07,32,30,0.03459798147669062,100,23,32,32,0.95,0.75
SC-real-35200,35200,2,S2,0.03329358994960785,0.00015671378059778363,0.00015656575851608068,1.3901437512231496e-07,32,30,0.021756453146226703,100,18,32,31,0.85625,0.59375
SC-real-35200,35200,3,S2,0.13743294775485992,0.011090409941971302,0.009772147983312607,9.01247221918311e-06,32,30,0.07452311345376074,100,24,32,31,0.915625,0.8125
SC-real-35200,35200,0,S5,0.04396286979317665,0.0007312615634873509,0.0007259349804371595,5.864729928362067e-07,32,30,0.0292001275671646,100,30,32,32,0.984375,0.96875
SC-real-35200,35200,1,S5,0.030035436153411865,0.0005403016111813486,0.0005388429271988571,4.245203513164597e-07,32,30,0.03459798147669062,100,30,32,32,0.9765625,0.9375
SC-real-35200,35200,2,S5,0.02863258868455887,0.00014975959493312985,0.00014967043534852564,1.2561616813400178e-07,32,30,0.021756453146226703,100,29,32,32,0.96875,0.90625
SC-real-35200,35200,3,S5,0.27726179361343384,0.009016770869493484,0.008081985637545586,6.312094683380565e-06,32,30,0.07452311345376074,100,21,32,32,0.875,0.6875
SC-real-3600,3600,0,S2,0.08214328438043594,0.0015430651837959886,0.0015105877537280321,1.3146575383871095e-06,32,30,0.2929888651147485,100,1,32,32,0.6375,0.03125
SC-real-3600,3600,1,S2,0.1322302669286728,0.0011590308276936412,0.0011391432490199804,1.1004325415342464e-06,32,30,0.25516337584704163,100,18,32,32,0.86875,0.65625
SC-real-3600,3600,2,S2,0.08184085786342621,0.00037421012530103326,0.0003734766214620322,3.5761328831540595e-07,32,30,0.17761260942555965,100,13,32,30,0.8,0.46875
SC-real-3600,3600,3,S2,0.11280512809753418,0.007925312034785748,0.0074084447696805,6.653927357547218e-06,32,30,0.20398743719793855,100,0,32,32,0.53125,0.03125
SC-real-3600,3600,0,S5,0.0829387977719307,0.0010362924076616764,0.0010074571473523974,8.97392396836949e-07,32,30,0.2929888651147485,100,5,32,32,0.734375,0.15625
SC-real-3600,3600,1,S5,0.11894483864307404,0.0008916132501326501,0.0008720812620595098,8.133841902235872e-07,32,30,0.25516337584704163,100,3,32,4,0.8828125,0.65625
SC-real-3600,3600,2,S5,0.09132810682058334,0.00024856513482518494,0.00024815357755869627,2.391978455307253e-07,32,30,0.17761260942555965,100,22,32,27,0.9296875,0.8125
SC-real-3600,3600,3,S5,0.2699470520019531,0.008795072324573994,0.007990415208041668,6.171611403260613e-06,32,30,0.20398743719793855,100,4,32,32,0.6640625,0.21875
SC-real-38400,38400,0,S2,0.037466224282979965,0.0007291382644325495,0.0007087028352543712,5.998603569423722e-07,32,30,0.041571299484930935,100,32,32,32,1.0,1.0
SC-real-38400,38400,1,S2,0.06992096453905106,0.0014568670885637403,0.0014414548641070724,1.207984837492404e-06,32,30,0.028039050672668965,100,7,32,23,0.840625,0.34375
SC-real-38400,38400,2,S2,0.03133027255535126,0.00032983478740788996,0.0003295508795417845,2.609862974622956e-07,32,30,0.025667341616936026,100,27,32,32,0.9375,0.875
SC-real-38400,38400,3,S2,0.04149682819843292,0.0032408786937594414,0.0030067379120737314,2.907305997723597e-06,32,30,0.06761451781261713,100,18,32,32,0.884375,0.6875
SC-real-38400,38400,0,S5,0.038070544600486755,0.0006068419315852225,0.000595303310547024,4.923670076095732e-07,32,30,0.041571299484930935,100,23,32,31,0.921875,0.71875
SC-real-38400,38400,1,S5,0.0539427250623703,0.001165783149190247,0.0011593617964535952,9.536117886455031e-07,32,30,0.028039050672668965,100,24,32,28,0.9453125,0.84375
SC-real-38400,38400,2,S5,0.019912315532565117,0.00019474985310807824,0.00019463409262243658,1.4981937113134336e-07,32,30,0.025667341616936026,100,25,32,32,0.90625,0.8125
SC-real-38400,38400,3,S5,0.2127341330051422,0.004580471199005842,0.004247508943080902,2.8275901513552526e-06,32,30,0.06761451781261713,100,18,32,32,0.828125,0.65625
SC-real-4000,4000,0,S2,0.05544672906398773,0.0011103024007752538,0.001074254629202187,9.566384733261657e-07,32,30,0.15156429515220224,100,26,32,32,0.971875,0.875
SC-real-4000,4000,1,S2,0.17659157514572144,0.0016446622321382165,0.0016055586747825146,1.4241189774111263e-06,32,30,0.15270011173561215,100,3,32,4,0.940625,0.8125
SC-real-4000,4000,2,S2,0.11971185356378555,0.0013354176189750433,0.001291253138333559,1.0973136568281916e-06,32,30,0.0842013423750177,100,16,32,29,0.865625,0.71875
SC-real-4000,4000,3,S2,0.14105595648288727,0.009508905000984669,0.008774513378739357,8.131066351779737e-06,32,30,0.1367280646925792,100,14,32,31,0.83125,0.59375
SC-real-4000,4000,0,S5,0.03893177956342697,0.0008586783078499138,0.000825410068500787,7.275536972883856e-07,32,30,0.15156429515220224,100,22,32,32,0.921875,0.6875
SC-real-4000,4000,1,S5,0.06367821246385574,0.0007573330076411366,0.0007425084477290511,6.460521149165288e-07,32,30,0.15270011173561215,100,0,32,0,0.9609375,0.875
SC-real-4000,4000,2,S5,0.06969361752271652,0.0009205499663949013,0.0008766897371970117,7.261596692842431e-07,32,30,0.0842013423750177,100,26,32,31,0.9140625,0.8125
SC-real-4000,4000,3,S5,0.32290011644363403,0.009546926245093346,0.008688362315297127,7.054390607663663e-06,32,30,0.1367280646925792,100,19,32,32,0.8359375,0.625
SC-real-41600,41600,0,S2,0.05407089367508888,0.0013856992591172457,0.0012946008937433362,1.1352004776199465e-06,32,30,0.03184006999479607,100,24,32,31,0.9625,0.8125
SC-real-41600,41600,1,S2,0.07626453042030334,0.00151369150262326,0.0015039964346215129,1.2339206705291872e-06,32,30,0.022829160932451485,100,16,32,20,0.95625,0.8125
SC-real-41600,41600,2,S2,0.03345165029168129,0.0002936302626039833,0.0002929847687482834,2.503631151284935e-07,32,30,0.022139713107608257,100,28,32,32,0.978125,0.9375
SC-real-41600,41600,3,S2,0.04251406714320183,0.003911167848855257,0.0036768238060176373,3.3640264973655576e-06,32,30,0.06709961565211416,100,21,32,31,0.93125,0.6875
SC-real-41600,41600,0,S5,0.03651904687285423,0.0009275239426642656,0.000916755641810596,7.571561582153663e-07,32,30,0.03184006999479607,100,25,32,32,0.9375,0.84375
SC-real-41600,41600,1,S5,0.042662203311920166,0.0006652746233157814,0.0006597304018214345,5.592258389697236e-07,32,30,0.022829160932451485,100,30,32,32,0.984375,0.9375
SC-real-41600,41600,2,S5,0.029222579672932625,0.00029956785147078335,0.0002988632186315954,2.463094119775633e-07,32,30,0.022139713107608257,100,9,32,32,0.71875,0.34375
SC-real-41600,41600,3,S5,0.24072791635990143,0.005215836688876152,0.004919026512652636,3.444145932007814e-06,32,30,0.06709961565211416,100,22,32,31,0.8671875,0.75
SC-real-44800,44800,0,S2,0.031404849141836166,0.0007549471920356154,0.0007383222109638155,6.023349214956397e-07,32,30,0.025503651509061455,100,32,32,32,1.0,1.0
SC-real-44800,44800,1,S2,0.0314430370926857,0.0004264413728378713,0.00042421885882504284,3.5633007655633264e-07,32,30,0.022507367455400527,100,28,32,30,0.99375,0.96875
SC-real-44800,44800,2,S2,0.018982799723744392,0.00011771347635658458,0.00011759055632865056,1.0142436934756915e-07,32,30,0.020499102550093084,100,17,32,32,0.85,0.625
SC-real-44800,44800,3,S2,0.052342548966407776,0.0043393466621637344,0.004043117631226778,3.9373862819047645e-06,32,30,0.04977559722494334,100,27,32,32,0.953125,0.84375
SC-real-44800,44800,0,S5,0.03480170667171478,0.0005916694644838572,0.0005827228887937963,4.811669214177527e-07,32,30,0.025503651509061455,100,28,32,31,0.96875,0.90625
SC-real-44800,44800,1,S5,0.04186314344406128,0.0003762510314118117,0.0003742482513189316,3.1534210620520753e-07,32,30,0.022507367455400527,100,32,32,32,1.0,1.0
SC-real-44800,44800,2,S5,0.020528094843029976,0.00011495791841298342,0.00011483636626508087,9.504992704023607e-08,32,30,0.020499102550093084,100,30,32,32,0.984375,0.9375
SC-real-44800,44800,3,S5,0.2739682197570801,0.006493592169135809,0.006149524822831154,4.629383511201013e-06,32,30,0.04977559722494334,100,28,32,32,0.953125,0.90625
SC-real-4800,4800,0,S2,0.0494987815618515,0.0018779198871925473,0.0018460062565281987,1.5324222886192729e-06,32,30,0.17390454471111297,100,13,32,30,0.84375,0.46875
SC-real-4800,4800,1,S2,0.10655257105827332,0.0007429303950630128,0.000729936349671334,6.572664688064833e-07,32,30,0.14856471708975733,100,9,32,24,0.840625,0.34375
SC-real-4800,4800,2,S2,0.052724067121744156,0.0002731794666033238,0.00027302285889163613,2.3139865845678287e-07,32,30,0.11800179694779217,100,25,32,32,0.93125,0.84375
SC-real-4800,4800,3,S2,0.0983758196234703,0.005925022065639496,0.005431171040982008,5.326373866409995e-06,32,30,0.12510621814988554,100,7,32,32,0.771875,0.375
SC-real-4800,4800,0,S5,0.05469902977347374,0.0016158611979335546,0.001588904531672597,1.3061743402431603e-06,32,30,0.17390454471111297,100,11,32,31,0.828125,0.34375
SC-real-4800,4800,1,S5,0.046559061855077744,0.0003829546913038939,0.00037088317913003266,3.370767842625355e-07,32,30,0.14856471708975733,100,10,32,16,0.8671875,0.71875
SC-real-4800,4800,2,S5,0.032586775720119476,0.00012881524162366986,0.00012855217210017145,1.198644383748615e-07,32,30,0.11800179694779217,100,26,32,32,0.9296875,0.8125
SC-real-4800,4800,3,S5,0.23543594777584076,0.006146075204014778,0.005533244926482439,4.268152679287596e-06,32,30,0.12510621814988554,100,14,32,32,0.765625,0.5
SC-real-48000,48000,0,S2,0.030716724693775177,0.0008084994624368846,0.0007880091434344649,6.462575470322918e-07,32,30,0.036808048640377816,100,32,32,32,1.0,1.0
SC-real-48000,48000,1,S2,0.024991609156131744,0.00031455783755518496,0.0003118554304819554,2.734241775215196e-07,32,30,0.025437656552530826,100,29,32,31,0.9875,0.9375
SC-real-48000,48000,2,S2,0.016826801002025604,0.00016318833513651043,0.0001627848978387192,1.360779151582392e-07,32,30,0.025517640416510404,100,26,32,32,0.971875,0.875
SC-real-48000,48000,3,S2,0.03941895440220833,0.003459236118942499,0.0032231479417532682,2.910656803578604e-06,32,30,0.06257062889169901,100,21,32,31,0.909375,0.71875
SC-real-48000,48000,0,S5,0.029137885197997093,0.0005584267782978714,0.0005516342935152352,4.4756885131391755e-07,32,30,0.036808048640377816,100,31,32,32,0.9921875,0.96875
SC-real-48000,48000,1,S5,0.04281824454665184,0.0011044165585190058,0.001101940986700356,8.685909733685548e-07,32,30,0.025437656552530826,100,28,32,32,0.96875,0.875
SC-real-48000,48000,2,S5,0.017125066369771957,0.00015313060430344194,0.0001527069543953985,1.2543469551928865e-07,32,30,0.025517640416510404,100,19,32,32,0.859375,0.6875
SC-real-48000,48000,3,S5,0.2460738569498062,0.004886931274086237,0.004520404152572155,2.966181227748166e-06,32,30,0.06257062889169901,100,22,32,32,0.890625,0.6875
SC-real-51200,51200,0,S2,0.03744387999176979,0.0008079937542788684,0.0007805363857187331,6.552362492584507e-07,32,30,0.017487310173455627,100,27,32,32,0.971875,0.90625
SC-real-51200,51200,1,S2,0.027612607926130295,0.00032988499151542783,0.000327551068039611,2.718084886055294e-07,32,30,0.018716094938572497,100,32,32,32,1.0,1.0
SC-real-51200,51200,2,S2,0.021251844242215157,9.580119512975216e-05,9.570717520546168e-05,8.269424256468483e-08,32,30,0.01661862695356831,100,26,32,32,0.953125,0.875
SC-real-51200,51200,3,S2,0.03504038229584694,0.003068632911890745,0.002907263580709696,2.78914785667439e-06,32,30,0.05020448647905141,100,19,32,32,0.884375,0.65625
SC-real-51200,51200,0,S5,0.031238920986652374,0.0005313534056767821,0.0005255950964055955,4.433107676504733e-07,32,30,0.017487310173455627,100,30,32,32,0.984375,0.9375
SC-real-51200,51200,1,S5,0.02428881637752056,0.0002804734103847295,0.0002788925194181502,2.3085129896571743e-07,32,30,0.018716094938572497,100,29,32,29,1.0,1.0
SC-real-51200,51200,2,S5,0.0154617540538311,0.00010831699182745069,0.00010823701450135559,8.650336980053908e-08,32,30,0.01661862695356831,100,29,32,32,0.96875,0.90625
SC-real-51200,51200,3,S5,0.2504141628742218,0.006003522779792547,0.005708795972168446,3.944422587665031e-06,32,30,0.05020448647905141,100,13,32,32,0.78125,0.5625
SC-real-54400,54400,0,S2,0.05470564588904381,0.0028096544556319714,0.002663672436028719,2.114901462846319e-06,32,30,0.02859251283109188,100,1,32,32,0.696875,0.09375
SC-real-54400,54400,1,S2,0.041692089289426804,0.0006704617408104241,0.0006668215501122177,5.684799475602631e-07,32,30,0.04450274272589013,100,25,32,32,0.965625,0.84375
SC-real-54400,54400,2,S2,0.04127936437726021,0.0002732800494413823,0.000273127225227654,2.4738383785916085e-07,32,30,0.061628420818597075,100,10,32,32,0.784375,0.3125
SC-real-54400,54400,3,S2,0.0469500906765461,0.004032686818391085,0.003825567429885268,3.6991091292293277e-06,32,30,0.03842163404449821,100,24,32,31,0.94375,0.8125
SC-real-54400,54400,0,S5,0.04167526960372925,0.0012947025243192911,0.0012842844007536769,1.0421631486678962e-06,32,30,0.02859251283109188,100,28,32,32,0.96875,0.90625
SC-real-54400,54400,1,S5,0.028551649302244186,0.00049117166781798,0.0004890240379609168,4.038832912556245e-07,32,30,0.04450274272589013,100,31,32,32,0.9921875,0.96875
SC-real-54400,54400,2,S5,0.02803657203912735,0.00023361675266642123,0.00023343213251791894,1.9371401549506118e-07,32,30,0.061628420818597075,100,12,32,32,0.7421875,0.40625
SC-real-54400,54400,3,S5,0.17043288052082062,0.004362375475466251,0.004029364790767431,3.182545242452761e-06,32,30,0.03842163404449821,100,23,32,32,0.8984375,0.78125
SC-real-57600,57600,0,S2,0.023200124502182007,0.0007429683464579284,0.0007206668960861862,6.075078431422298e-07,32,30,0.022169724125415086,100,27,32,32,0.984375,0.84375
SC-real-57600,57600,1,S2,0.029375020414590836,0.0004783792537637055,0.00047346160863526165,3.8641741184619605e-07,32,30,0.024539306599181146,100,28,32,29,0.996875,0.96875
SC-real-57600,57600,2,S2,0.02119024284183979,0.00017954410577658564,0.0001794467680156231,1.475582251941887e-07,32,30,0.02059915254591033,100,14,32,32,0.85,0.46875
SC-real-57600,57600,3,S2,0.05083506181836128,0.00420188345015049,0.003928950987756252,3.7761026305815903e-06,32,30,0.07782252686563879,100,24,32,31,0.909375,0.75
SC-real-57600,57600,0,S5,0.02678956836462021,0.000763964606449008,0.0007516348268836737,6.058087365090614e-07,32,30,0.022169724125415086,100,22,32,32,0.921875,0.71875
SC-real-57600,57600,1,S5,0.02693130262196064,0.0004057787882629782,0.00040165652171708643,3.420056771119562e-07,32,30,0.024539306599181146,100,29,32,32,0.96875,0.90625
SC-real-57600,57600,2,S5,0.026106111705303192,0.00011233791883569211,0.00011224579066038132,9.391780508849479e-08,32,30,0.02059915254591033,100,25,32,32,0.9375,0.8125
SC-real-57600,57600,3,S5,0.20293204486370087,0.005326390266418457,0.004931415431201458,3.7549843909800984e-06,32,30,0.07782252686563879,100,26,32,31,0.9140625,0.8125
SC-real-60800,60800,0,S2,0.022448670119047165,0.0005996687104925513,0.0005866027204319835,4.81335462154675e-07,32,30,0.017264055053237824,100,31,32,32,0.996875,0.96875
SC-real-60800,60800,1,S2,0.017462557181715965,0.00022924022050574422,0.00022322141740005463,1.8883837071825837e-07,32,30,0.01719042696407996,100,29,32,31,0.990625,0.96875
SC-real-60800,60800,2,S2,0.01788792759180069,0.0001328318758169189,0.00013261822459753603,1.1160263113652036e-07,32,30,0.012321280203759671,100,25,32,32,0.959375,0.8125
SC-real-60800,60800,3,S2,0.03996206074953079,0.0033218818716704845,0.0031379065476357937,3.1149472761171637e-06,32,30,0.03193161273607984,100,26,32,32,0.953125,0.84375
SC-real-60800,60800,0,S5,0.024157876148819923,0.00043740213732235134,0.0004297691339161247,3.510663759698218e-07,32,30,0.017264055053237824,100,28,32,31,0.96875,0.90625
SC-real-60800,60800,1,S5,0.026678303256630898,0.0003166935930494219,0.0003108166856691241,2.581730598194554e-07,32,30,0.01719042696407996,100,30,32,32,0.984375,0.9375
SC-real-60800,60800,2,S5,0.025486832484602928,0.00014081109839025885,0.00014061974070500582,1.1828497292754037e-07,32,30,0.012321280203759671,100,23,32,32,0.8984375,0.78125
SC-real-60800,60800,3,S5,0.23809713125228882,0.00550349336117506,0.005155889317393303,3.748941708181519e-06,32,30,0.03193161273607984,100,25,32,32,0.9140625,0.8125
SC-real-6400,6400,0,S2,0.0588800348341465,0.0011449961457401514,0.0011004592524841428,9.58580244514451e-07,32,30,0.11127751458436251,100,6,32,31,0.75625,0.28125
SC-real-6400,6400,1,S2,0.11091785877943039,0.0005743029178120196,0.0005631122039631009,5.033730303694028e-07,32,30,0.11493687108159065,100,21,32,29,0.94375,0.8125
SC-real-6400,6400,2,S2,0.061376798897981644,0.0004108419525437057,0.00041021706419996917,3.457668924511381e-07,32,30,0.07040183908771723,100,2,32,32,0.65,0.09375
SC-real-6400,6400,3,S2,0.11936115473508835,0.008024298585951328,0.007413855753839016,7.077023838064633e-06,32,30,0.14796282942872493,100,21,32,31,0.921875,0.78125
SC-real-6400,6400,0,S5,0.04634328559041023,0.0008563383598811924,0.0008253529667854309,7.379749149549752e-07,32,30,0.11127751458436251,100,0,32,29,0.546875,0.0
SC-real-6400,6400,1,S5,0.02897455357015133,0.0002826569543685764,0.0002730275737121701,2.415519588794268e-07,32,30,0.11493687108159065,100,27,32,32,0.953125,0.84375
SC-real-6400,6400,2,S5,0.0331391766667366,0.000283475877949968,0.0002828599535860121,2.3495123002703622e-07,32,30,0.07040183908771723,100,4,32,32,0.5859375,0.15625
SC-real-6400,6400,3,S5,0.265536904335022,0.0077130491845309734,0.006892480421811342,5.6058138397929724e-06,32,30,0.14796282942872493,100,20,32,32,0.859375,0.71875
SC-real-64000,64000,0,S2,0.03081495873630047,0.0012034362880513072,0.0011780328350141644,9.296292660110339e-07,32,30,0.030205952106043696,100,12,32,32,0.859375,0.46875
SC-real-64000,64000,1,S2,0.022430287674069405,0.00028763810405507684,0.0002831093152053654,2.4708461410227756e-07,32,30,0.02708678650087677,100,30,32,32,0.990625,0.9375
SC-real-64000,64000,2,S2,0.03407978639006615,0.0002078254910884425,0.00020766592933796346,1.7425254839054105e-07,32,30,0.016150139549281448,100,9,32,32,0.75,0.34375
SC-real-64000,64000,3,S2,0.04844649136066437,0.004123324062675238,0.003779670689254999,3.627007572504226e-06,32,30,0.06225593424867839,100,22,32,32,0.9125,0.75
SC-real-64000,64000,0,S5,0.02450152300298214,0.0006308330339379609,0.000622745486907661,4.98051747399586e-07,32,30,0.030205952106043696,100,12,32,32,0.828125,0.375
SC-real-64000,64000,1,S5,0.02975064516067505,0.0002701874473132193,0.0002659157325979322,2.3371430302177032e-07,32,30,0.02708678650087677,100,32,32,32,1.0,1.0
SC-real-64000,64000,2,S5,0.03627540543675423,0.00018347323930356652,0.00018317987269256264,1.5157800703491375e-07,32,30,0.016150139549281448,100,9,32,32,0.6875,0.34375
SC-real-64000,64000,3,S5,0.3219192624092102,0.006503889337182045,0.006185607984662056,4.648652520700125e-06,32,30,0.06225593424867839,100,27,32,31,0.9296875,0.84375
SC-real-7200,7200,0,S2,0.08525528758764267,0.0012548796366900206,0.001229854766279459,1.046231091095251e-06,32,30,0.13948840618133546,100,1,32,30,0.625,0.03125
SC-real-7200,7200,1,S2,0.11722926050424576,0.001133661950007081,0.001116727595217526,1.1143126812385162e-06,32,30,0.11500885467976332,100,9,32,30,0.821875,0.5
SC-real-7200,7200,2,S2,0.11316904425621033,0.001230726600624621,0.0012296912027522922,1.0146221711693215e-06,32,30,0.12747062539681792,100,12,32,31,0.81875,0.5625
SC-real-7200,7200,3,S2,0.1887761801481247,0.015090959146618843,0.013293678872287273,1.2023736417177133e-05,32,30,0.1125640507414937,100,7,32,31,0.815625,0.46875
SC-real-7200,7200,0,S5,0.05964032933115959,0.0007191476179286838,0.0007100135553628206,6.080781531636603e-07,32,30,0.13948840618133546,100,9,32,27,0.765625,0.46875
SC-real-7200,7200,1,S5,0.06312064826488495,0.0006343643763102591,0.0006179048796184361,6.23141033884167e-07,32,30,0.11500885467976332,100,29,32,31,0.9765625,0.9375
SC-real-7200,7200,2,S5,0.10702110081911087,0.0010908307740464807,0.0010898272739723325,8.829800890453043e-07,32,30,0.12747062539681792,100,14,32,31,0.84375,0.5625
SC-real-7200,7200,3,S5,0.3437722325325012,0.013483351096510887,0.01168638002127409,9.691460036265198e-06,32,30,0.1125640507414937,100,15,32,32,0.8046875,0.5625
SC-real-8000,8000,0,S2,0.043941713869571686,0.0008922998094931245,0.0008289143443107605,7.608275041093293e-07,32,30,0.1021738850325346,100,28,32,32,0.971875,0.875
SC-real-8000,8000,1,S2,0.1193988248705864,0.0008870682795532048,0.0008834091131575406,7.769685339553689e-07,32,30,0.10651079611387104,100,2,32,2,0.940625,0.8125
SC-real-8000,8000,2,S2,0.056288305670022964,0.00037493539275601506,0.000374446070054546,3.1847008585828007e-07,32,30,0.062018257300369445,100,21,32,32,0.8875,0.71875
SC-real-8000,8000,3,S2,0.10905182361602783,0.010120178572833538,0.00928706955164671,7.935293069749605e-06,32,30,0.18387792019173502,100,2,32,27,0.6,0.09375
SC-real-8000,8000,0,S5,0.042495813220739365,0.0011470302706584334,0.0011224262416362762,9.414569035470777e-07,32,30,0.1021738850325346,100,10,32,32,0.7265625,0.3125
SC-real-8000,8000,1,S5,0.06152425706386566,0.00053218292305246,0.0005293784779496491,4.6296429445646936e-07,32,30,0.10651079611387104,100,1,32,1,0.9296875,0.75
SC-real-8000,8000,2,S5,0.04422133043408394,0.0002193890541093424,0.00021893877419643104,1.8586898420380749e-07,32,30,0.062018257300369445,100,8,32,32,0.6953125,0.25
SC-real-8000,8000,3,S5,0.2719573974609375,0.006972417701035738,0.006362152751535177,4.634653578250436e-06,32,30,0.18387792019173502,100,22,32,32,0.8828125,0.78125
SC-real-9600,9600,0,S2,0.030171124264597893,0.0005254323477856815,0.0004827616212423891,4.427428166309255e-07,32,30,0.08973430180922151,100,21,32,32,0.9375,0.75
SC-real-9600,9600,1,S2,0.11182481795549393,0.0010240937117487192,0.0010097076883539557,8.852812811710464e-07,32,30,0.09722803817130625,100,14,32,20,0.921875,0.75
SC-real-9600,9600,2,S2,0.07140696048736572,0.0005312141729518771,0.0005305615486577153,4.5519195168708393e-07,32,30,0.05321129545103759,100,16,32,32,0.846875,0.5625
SC-real-9600,9600,3,S2,0.08830360323190689,0.0060278004966676235,0.005630222149193287,5.517291356227361e-06,32,30,0.13000641094520687,100,21,32,32,0.9125,0.78125
SC-real-9600,9600,0,S5,0.030217092484235764,0.0007076225592754781,0.0006962448824197054,5.856231268808187e-07,32,30,0.08973430180922151,100,1,32,32,0.65625,0.03125
SC-real-9600,9600,1,S5,0.028208225965499878,0.0002530737838242203,0.0002484617871232331,2.2179496284024935e-07,32,30,0.09722803817130625,100,24,32,26,0.984375,0.9375
SC-real-9600,9600,2,S5,0.0443955697119236,0.000269849639153108,0.00026941116084344685,2.2661514265109872e-07,32,30,0.05321129545103759,100,18,32,32,0.8515625,0.5625
SC-real-9600,9600,3,S5,0.24252891540527344,0.006343945395201445,0.005768880248069763,4.453422661754303e-06,32,30,0.13000641094520687,100,7,32,32,0.671875,0.25
