method,run,episode,replica,success,body_stable,strict_2mm,maximum_endpoint_error_mm,world_drift_mm,world_rotation_rad,slider_travel_mm,raw
Full teacher,R13-01-prepared-source-full-teacher,episode-000.npz,0,False,False,False,39.99999910593033,24.19309690594673,1.133205770942087,2.5135930627584457,runs/g2-local-policy-20260928/R13-01-prepared-source-full-teacher/episode-000.npz
Full teacher,R13-01-prepared-source-full-teacher,episode-000.npz,1,False,False,False,39.99999910593033,30.631566420197487,0.9747419545476506,2.6155803352594376,runs/g2-local-policy-20260928/R13-01-prepared-source-full-teacher/episode-000.npz
Teacher thumb,R13-02-prepared-source-thumb-only,episode-000.npz,0,False,False,False,39.99999910593033,19.49135772883892,1.0223160364602506,38.57389837503433,runs/g2-local-policy-20260928/R13-02-prepared-source-thumb-only/episode-000.npz
Teacher thumb,R13-02-prepared-source-thumb-only,episode-000.npz,1,False,False,False,39.99999910593033,16.214923933148384,1.1936245956568317,31.456146389245987,runs/g2-local-policy-20260928/R13-02-prepared-source-thumb-only/episode-000.npz
Geometry only,R13-03-prepared-source-zero-residual-geometry,episode-000.npz,0,False,True,False,39.99999910593033,1.4780003111809492,0.17124575780390616,12.686053290963173,runs/g2-local-policy-20260928/R13-03-prepared-source-zero-residual-geometry/episode-000.npz
Geometry only,R13-03-prepared-source-zero-residual-geometry,episode-000.npz,1,False,True,False,39.99999910593033,1.511706504970789,0.20648717758433224,11.156832799315453,runs/g2-local-policy-20260928/R13-03-prepared-source-zero-residual-geometry/episode-000.npz
Initial learned offset,R13-04-prepared-source-static-joint-policy,episode-000.npz,0,True,True,False,3.010852262377739,1.2345832074061036,0.07342775311653675,37.06879913806915,runs/g2-local-policy-20260928/R13-04-prepared-source-static-joint-policy/episode-000.npz
Initial learned offset,R13-04-prepared-source-static-joint-policy,episode-000.npz,1,True,True,False,3.1703095883131027,1.2906233314424753,0.07769770517360834,36.991436034440994,runs/g2-local-policy-20260928/R13-04-prepared-source-static-joint-policy/episode-000.npz
Dynamic joint policy,R7-01-joint-S-after-actual-H,episode-000.npz,0,True,True,False,4.104140214622021,2.1449080668389797,0.1928467282249988,36.45101934671402,runs/g2-local-policy-20260928/R7-01-joint-S-after-actual-H/episode-000.npz
Dynamic joint policy,R7-01-joint-S-after-actual-H,episode-000.npz,1,True,True,False,4.442214034497738,2.0375007297843695,0.17283025558998427,36.134399473667145,runs/g2-local-policy-20260928/R7-01-joint-S-after-actual-H/episode-000.npz
Dynamic joint policy,R7-04-H-prepared-S-fresh-single-repeat,episode-000.npz,0,True,True,False,4.101999569684267,2.131077693775296,0.1721967539833963,36.44952178001404,runs/g2-local-policy-20260928/R7-04-H-prepared-S-fresh-single-repeat/episode-000.npz
Dynamic joint policy,R7-04-H-prepared-S-fresh-single-repeat,episode-001.npz,0,True,True,False,4.171791486442089,2.150861080735922,0.16958902711052215,36.420758813619614,runs/g2-local-policy-20260928/R7-04-H-prepared-S-fresh-single-repeat/episode-001.npz
