baseline,checkpoint,complete,continuous_success,drop,endpoint_10mm,endpoint_2mm,endpoints_mm,episode,failure,first_instability_s,gait_arm_retarget,hand_gravity_diagnostic,hand_gravity_motor_feedforward,input_ablation,local_success,physical_translation_alignment,raw,replica,run,scope,slider_travel_mm,task,world_drift_mm,world_rotation_rad,world_stable
,,True,False,False,True,True,,0,world_instability,18.53333282470703,,,,,False,,runs/g2-local-policy-20260928/R1-01-local-fixed-H.npz,0,R1-01,local reset; one acquired source,0.006705522537231445,H,2.294582547619939,0.5127807259559631,False
thumb-only,,True,False,False,False,False,"[24.88132007420063, 0.0, 5.120487883687019, 0.0]",0,world_instability,5.0333333015441895,False,False,False,,False,False,runs/g2-local-policy-20260928/R1-02-thumb-only-S/episode-000.npz,0,R1-02-thumb-only-S,local reset; one acquired source,45.72948068380356,S,19.52439546585083,1.056761622428894,False
,,True,False,,,,,0,invalid environment-origin conversion,,,,,,False,,runs/g2-local-policy-20260928/R1-03-parallel-repeat-H/episode-000.npz,0,R1-03-parallel-repeat-H,coordinate-bug diagnostic,,H,,,
,,True,False,,,,,0,invalid environment-origin conversion,,,,,,False,,runs/g2-local-policy-20260928/R1-03-parallel-repeat-H/episode-000.npz,1,R1-03-parallel-repeat-H,coordinate-bug diagnostic,,H,,,
,,False,False,,,,,1,interrupted after origin bug found; raw incomplete,,,,,,False,,,0,R1-03-parallel-repeat-H,coordinate-bug diagnostic,,H,,,
,,False,False,,,,,1,interrupted after origin bug found; raw incomplete,,,,,,False,,,1,R1-03-parallel-repeat-H,coordinate-bug diagnostic,,H,,,
fixed,,True,False,False,True,True,,0,world_instability,18.53333282470703,False,False,False,,False,False,runs/g2-local-policy-20260928/R1-04-corrected-parallel-H/episode-000.npz,0,R1-04-corrected-parallel-H,local reset; one acquired source,0.006705522537231445,H,2.294582547619939,0.5127807259559631,False
fixed,,True,False,False,True,True,,0,world_instability,16.933332443237305,False,False,False,,False,False,runs/g2-local-policy-20260928/R1-04-corrected-parallel-H/episode-000.npz,1,R1-04-corrected-parallel-H,local reset; one acquired source,0.013463199138641357,H,2.586345188319683,0.5592820048332214,False
learned,/data/research/artgym-g2-local-policy-20260928/runs/g2-local-policy-20260928/B4-S-joint-path/checkpoint-00025.pth,True,False,False,True,False,"[3.4182886593043804, 0.0644288957118988, 3.349634353071451, 0.19452348351478577]",0,,-1.0,False,True,True,,True,False,runs/g2-local-policy-20260928/R10-01-gravity-on-motor-feedforward-S/episode-000.npz,0,R10-01-gravity-on-motor-feedforward-S,local reset; one acquired source,37.001658231019974,S,2.6584365405142307,0.108522929251194,True
learned,/data/research/artgym-g2-local-policy-20260928/runs/g2-local-policy-20260928/B4-S-joint-path/checkpoint-00025.pth,True,False,False,True,False,"[3.404926508665085, 4.470348358154297e-05, 3.461001208052039, 0.00012665987014770508]",0,,-1.0,False,True,True,,True,False,runs/g2-local-policy-20260928/R10-01-gravity-on-motor-feedforward-S/episode-000.npz,1,R10-01-gravity-on-motor-feedforward-S,local reset; one acquired source,36.92703694105148,S,2.6641455478966236,0.10635913163423538,True
learned,/data/research/artgym-g2-local-policy-20260928/runs/g2-local-policy-20260928/A1-H-pilot/checkpoint-00010.pth,True,False,False,True,True,,0,,-1.0,False,False,False,,True,False,runs/g2-local-policy-20260928/R2-01-fresh-learned-H/episode-000.npz,0,R2-01-fresh-learned-H,local reset; one acquired source,0.05050003528594971,H,0.5232452531345189,0.028573941439390182,True
learned,/data/research/artgym-g2-local-policy-20260928/runs/g2-local-policy-20260928/A1-H-pilot/checkpoint-00010.pth,True,False,False,True,True,,0,,-1.0,False,False,False,,True,False,runs/g2-local-policy-20260928/R2-01-fresh-learned-H/episode-000.npz,1,R2-01-fresh-learned-H,local reset; one acquired source,0.06018206477165222,H,0.5424751434475183,0.04054327309131622,True
learned,/data/research/artgym-g2-local-policy-20260928/runs/g2-local-policy-20260928/A1-H-pilot/checkpoint-00010.pth,True,False,False,True,True,,1,,-1.0,False,False,False,,True,False,runs/g2-local-policy-20260928/R2-01-fresh-learned-H/episode-001.npz,0,R2-01-fresh-learned-H,local reset; one acquired source,0.03392249345779419,H,0.5205943016335368,0.02434314414858818,True
learned,/data/research/artgym-g2-local-policy-20260928/runs/g2-local-policy-20260928/A1-H-pilot/checkpoint-00010.pth,True,False,False,True,True,,1,,-1.0,False,False,False,,True,False,runs/g2-local-policy-20260928/R2-01-fresh-learned-H/episode-001.npz,1,R2-01-fresh-learned-H,local reset; one acquired source,0.06018206477165222,H,0.5424751434475183,0.04054327309131622,True
,,False,False,,,,,0,measurement_gate_missing_before_learner: Whole-thumb clearance below declared margin: thumb_escape_hold,,,,,,False,,runs/g2-local-policy-20260928/R2-02-continuous-learned-H/partial-trace.npz,0,R2-02-continuous-learned-H,continuous acquisition aborted,,H,,,
learned,/data/research/artgym-g2-local-policy-20260928/runs/g2-local-policy-20260928/A1-H-main/checkpoint-00010.pth,True,False,False,False,False,"[39.99999910593033, 0.0, 6.708639673888683, 25.156207382678986]",0,world_instability,4.900000095367432,False,False,False,,False,False,runs/g2-local-policy-20260928/R2-03-H-to-S-thumb-composite/episode-000.npz,0,R2-03-H-to-S-thumb-composite,local reset; one acquired source,37.40845248103142,S,18.46696250140667,0.9639573097229004,False
,,True,False,,,,,0,operation_not_requested,,False,False,False,,,False,runs/g2-local-policy-20260928/R2-04-continuous-H-diagnostics/trace.npz,0,R2-04-continuous-H-diagnostics,continuous table acquisition through H; Snotrequested,,H,0.6196601569902321,0.015540319196150856,True
full-teacher,,True,False,False,False,False,"[35.74121743440628, 4.620930179953575, 35.3567935526371, 4.656584933400154]",0,world_instability,0.699999988079071,False,False,False,,False,False,runs/g2-local-policy-20260928/R2-05-full-teacher-S/episode-000.npz,0,R2-05-full-teacher-S,local reset; one acquired source,4.656584933400154,S,43.99394989013672,3.1308367252349854,False
learned-static,/data/research/artgym-g2-local-policy-20260928/runs/g2-local-policy-20260928/A1-H-main/checkpoint-00010.pth,True,False,False,True,True,,0,,-1.0,False,False,False,,True,False,runs/g2-local-policy-20260928/R3-01-static-H-ablation/episode-000.npz,0,R3-01-static-H-ablation,local reset; one acquired source,0.12009590864181519,H,0.6816576351411641,0.02567366510629654,True
learned,/data/research/artgym-g2-local-policy-20260928/runs/g2-local-policy-20260928/A1-H-main/checkpoint-00010.pth,True,False,False,False,False,"[10.000001639127731, 50.00000074505806, 10.000001639127731, 50.00000074505806]",0,preparation_failed,-1.0,False,False,False,,False,False,runs/g2-local-policy-20260928/R3-02-closed-preparation-H-support/episode-000.npz,0,R3-02-closed-preparation-H-support,local reset; one acquired source,2.60770320892334e-05,S,1.442661159671843,0.08560609817504883,True
learned-static,/data/research/artgym-g2-local-policy-20260928/runs/g2-local-policy-20260928/A1-H-main/checkpoint-00010.pth,True,False,False,False,False,"[39.99999910593033, 0.0, 5.269155837595463, 0.0]",0,world_instability,4.900000095367432,False,False,False,,False,False,runs/g2-local-policy-20260928/R3-03-static-H-support-S/episode-000.npz,0,R3-03-static-H-support-S,local reset; one acquired source,38.68952393531799,S,17.949173226952553,0.9885013699531555,False
learned-static,/data/research/artgym-g2-local-policy-20260928/runs/g2-local-policy-20260928/A1-H-main/checkpoint-00010.pth,True,False,False,False,False,"[39.99999910593033, 1.4901161193847656e-05, 39.99999910593033, 0.0]",0,world_instability,0.4333333373069763,False,False,False,,False,False,runs/g2-local-policy-20260928/R3-04-first-stroke-q4-correction/episode-000.npz,0,R3-04-first-stroke-q4-correction,local reset; one acquired source,0.7184818387031555,S,28.602177277207375,0.9020192623138428,False
learned-static,/data/research/artgym-g2-local-policy-20260928/runs/g2-local-policy-20260928/A1-H-main/checkpoint-00010.pth,True,False,False,False,False,"[39.99999910593033, 0.0, 39.99999910593033, 0.0]",0,endpoint_failure,-1.0,False,False,False,,False,False,runs/g2-local-policy-20260928/R3-05-thumb-material-path-static-support/episode-000.npz,0,R3-05-thumb-material-path-static-support,local reset; one acquired source,12.388678267598152,S,2.2210078313946724,0.08528303354978561,True
learned,/data/research/artgym-g2-local-policy-20260928/runs/g2-local-policy-20260928/A1-H-main/checkpoint-00010.pth,True,False,True,False,False,"[39.99999910593033, 0.0, 8.62242840230465, 48.62242192029953]",0,world_instability,11.0,False,False,False,,False,False,runs/g2-local-policy-20260928/R3-06-thumb-path-dynamic-H-support/episode-000.npz,0,R3-06-thumb-path-dynamic-H-support,local reset; one acquired source,50.00000074505806,S,301.504909992218,3.118455410003662,False
learned,/data/research/artgym-g2-local-policy-20260928/runs/g2-local-policy-20260928/B4-S-joint-path/checkpoint-00010.pth,True,False,False,False,False,"[33.15490484237671, 6.8373363465070724, 33.16309675574303, 6.839185953140259]",0,world_instability,2.9000000953674316,False,False,False,,False,False,runs/g2-local-policy-20260928/R4-01-fresh-joint-S/episode-000.npz,0,R4-01-fresh-joint-S,local reset; one acquired source,17.120061442255974,S,46.595800668001175,3.1165571212768555,False
learned,/data/research/artgym-g2-local-policy-20260928/runs/g2-local-policy-20260928/B4-S-joint-path/checkpoint-00010.pth,True,False,False,False,False,"[32.87377208471298, 7.535403594374657, 30.632730573415756, 9.958310052752495]",0,world_instability,2.9000000953674316,False,False,False,,False,False,runs/g2-local-policy-20260928/R4-01-fresh-joint-S/episode-000.npz,1,R4-01-fresh-joint-S,local reset; one acquired source,18.730223178863525,S,44.25754398107529,3.1377570629119873,False
learned,/data/research/artgym-g2-local-policy-20260928/runs/g2-local-policy-20260928/B4-S-joint-path/checkpoint-00010.pth,True,False,False,False,False,"[39.99999910593033, 3.725290298461914e-06, 39.99999910593033, 3.725290298461914e-06]",1,world_instability,3.0,False,False,False,,False,False,runs/g2-local-policy-20260928/R4-01-fresh-joint-S/episode-001.npz,0,R4-01-fresh-joint-S,local reset; one acquired source,21.587399765849113,S,37.17518225312233,2.5057125091552734,False
learned,/data/research/artgym-g2-local-policy-20260928/runs/g2-local-policy-20260928/B4-S-joint-path/checkpoint-00010.pth,True,False,False,False,False,"[38.89498859643936, 1.1083148419857025, 38.88101130723953, 1.1285655200481415]",1,world_instability,2.7666666507720947,False,False,False,,False,False,runs/g2-local-policy-20260928/R4-01-fresh-joint-S/episode-001.npz,1,R4-01-fresh-joint-S,local reset; one acquired source,16.856826841831207,S,37.587396800518036,3.0733141899108887,False
,/data/research/artgym-g2-local-policy-20260928/runs/g2-local-policy-20260928/B4-S-joint-path/checkpoint-00025.pth,True,False,,False,False,"[37.2025603055954, 2.527153119444847, 38.685725033283234, 0.7032416760921478]",0,operation_pose_escape,,False,False,False,,,False,runs/g2-local-policy-20260928/R4-02-continuous-joint-S-cp25/trace.npz,0,R4-02-continuous-joint-S-cp25,continuous table acquisition and operation,27.03691041097045,S,42.420176569802145,3.0965393796621687,False
,/data/research/artgym-g2-local-policy-20260928/runs/g2-local-policy-20260928/B4-S-joint-path/checkpoint-00025.pth,True,False,,False,False,"[40.0, 0.0, 40.0, 0.0]",0,operation_pose_escape,,False,False,False,,,False,runs/g2-local-policy-20260928/R4-03-continuous-S-quaternion-compat/trace.npz,0,R4-03-continuous-S-quaternion-compat,continuous table acquisition and operation,18.207475543022156,S,44.444080741093366,2.983191461048123,False
learned,/data/research/artgym-g2-local-policy-20260928/runs/g2-local-policy-20260928/B4-S-joint-path/checkpoint-00025.pth,True,False,False,False,False,"[39.99999910593033, 3.725290298461914e-06, 39.99999910593033, 0.0]",0,world_instability,2.866666555404663,False,False,False,,False,False,runs/g2-local-policy-20260928/R5-01-fresh-joint-cp25/episode-000.npz,0,R5-01-fresh-joint-cp25,local reset; one acquired source,22.05849066376686,S,38.09187933802605,3.095693588256836,False
learned,/data/research/artgym-g2-local-policy-20260928/runs/g2-local-policy-20260928/B4-S-joint-path/checkpoint-00025.pth,True,False,False,False,False,"[39.99999910593033, 0.0, 39.99999910593033, 0.00010058283805847168]",0,world_instability,2.866666555404663,False,False,False,,False,False,runs/g2-local-policy-20260928/R5-01-fresh-joint-cp25/episode-000.npz,1,R5-01-fresh-joint-cp25,local reset; one acquired source,25.243574753403664,S,40.12380912899971,3.096661329269409,False
fixed,,True,False,False,False,False,"[39.99999910593033, 0.0, 39.99999910593033, 0.0]",0,world_instability,2.633333444595337,False,False,False,,False,False,runs/g2-local-policy-20260928/R5-02-replay-cp25-env5/episode-000.npz,0,R5-02-replay-cp25-env5,local reset; one acquired source,22.1942700445652,S,39.39163312315941,3.0126020908355713,False
fixed,,True,False,False,False,False,"[39.99999910593033, 1.9490048289299011, 38.035862147808075, 1.9912999123334885]",0,world_instability,2.6666667461395264,False,False,False,,False,False,runs/g2-local-policy-20260928/R5-02-replay-cp25-env5/episode-000.npz,1,R5-02-replay-cp25-env5,local reset; one acquired source,19.506223499774933,S,35.894207656383514,3.0789482593536377,False
fixed,,True,False,False,False,False,"[6.657668389379978, 1.4901161193847656e-05, 39.99999910593033, 3.725290298461914e-06]",0,world_instability,2.0999999046325684,False,False,False,,False,False,runs/g2-local-policy-20260928/R6-01-replay-contact-normal/episode-000.npz,0,R6-01-replay-contact-normal,local reset; one acquired source,33.472415059804916,S,16.73242263495922,1.0768874883651733,False
fixed,,True,False,False,False,False,"[39.99999910593033, 0.0, 39.99999910593033, 0.0]",0,world_instability,2.133333444595337,False,False,False,,False,False,runs/g2-local-policy-20260928/R6-01-replay-contact-normal/episode-000.npz,1,R6-01-replay-contact-normal,local reset; one acquired source,28.712935745716095,S,29.31411750614643,1.6808723211288452,False
fixed,,True,False,False,False,False,"[39.99999910593033, 3.725290298461914e-06, 39.99999910593033, 3.725290298461914e-06]",0,world_instability,2.4666666984558105,False,False,False,,False,False,runs/g2-local-policy-20260928/R6-02-replay-contact-point/episode-000.npz,0,R6-02-replay-contact-point,local reset; one acquired source,27.120433747768402,S,37.92684152722359,3.0547218322753906,False
fixed,,True,False,False,True,False,"[1.311114989221096, 0.0008828938007354736, 3.0422299169003963, 0.0]",0,world_instability,4.366666793823242,False,False,False,,False,False,runs/g2-local-policy-20260928/R6-02-replay-contact-point/episode-000.npz,1,R6-02-replay-contact-point,local reset; one acquired source,42.23951697349548,S,11.065284721553326,0.9984557032585144,False
learned,/data/research/artgym-g2-local-policy-20260928/runs/g2-local-policy-20260928/B4-S-joint-path/checkpoint-00025.pth,True,False,False,True,False,"[4.104139283299446, 0.002808868885040283, 4.043117165565491, 0.00036135315895080566]",0,,-1.0,False,False,False,,True,False,runs/g2-local-policy-20260928/R7-01-joint-S-after-actual-H/episode-000.npz,0,R7-01-joint-S-after-actual-H,local reset; one acquired source,36.45101934671402,S,2.1449082996696234,0.19284674525260925,True
learned,/data/research/artgym-g2-local-policy-20260928/runs/g2-local-policy-20260928/B4-S-joint-path/checkpoint-00025.pth,True,False,False,True,False,"[4.442213103175163, 0.00030174851417541504, 4.345309920608997, 0.00021606683731079102]",0,,-1.0,False,False,False,,True,False,runs/g2-local-policy-20260928/R7-01-joint-S-after-actual-H/episode-000.npz,1,R7-01-joint-S-after-actual-H,local reset; one acquired source,36.134399473667145,S,2.0375007297843695,0.1728302538394928,True
,/data/research/artgym-g2-local-policy-20260928/runs/g2-local-policy-20260928/B4-S-joint-path/checkpoint-00025.pth,True,True,,True,False,"[4.145194273442031, 0.0010244548320770264, 4.0863314270973214, 2.9802322387695312e-05]",0,,,False,False,False,,,False,runs/g2-local-policy-20260928/R7-03-continuous-learned-H-then-joint-S/trace.npz,0,R7-03-continuous-learned-H-then-joint-S,continuous table acquisition and operation,36.408270709216595,S,2.1151794407986637,0.17207741857648912,True
learned,/data/research/artgym-g2-local-policy-20260928/runs/g2-local-policy-20260928/B4-S-joint-path/checkpoint-00025.pth,True,False,False,True,False,"[4.101998638361692, 0.0016391277313232422, 4.04623756185174, 0.0001825392246246338]",0,,-1.0,False,False,False,,True,False,runs/g2-local-policy-20260928/R7-04-H-prepared-S-fresh-single-repeat/episode-000.npz,0,R7-04-H-prepared-S-fresh-single-repeat,local reset; one acquired source,36.44952178001404,S,2.131077693775296,0.17219674587249756,True
learned,/data/research/artgym-g2-local-policy-20260928/runs/g2-local-policy-20260928/B4-S-joint-path/checkpoint-00025.pth,True,False,False,True,False,"[4.1717905551195145, 0.0009648501873016357, 4.090663976967335, 0.00046938657760620117]",1,,-1.0,False,False,False,,True,False,runs/g2-local-policy-20260928/R7-04-H-prepared-S-fresh-single-repeat/episode-001.npz,0,R7-04-H-prepared-S-fresh-single-repeat,local reset; one acquired source,36.420758813619614,S,2.150861080735922,0.1695890575647354,True
learned,/data/research/artgym-g2-local-policy-20260928/runs/g2-local-policy-20260928/B4-S-joint-path/checkpoint-00025.pth,True,False,False,True,False,"[3.2994886860251427, 0.4389248788356781, 3.445640904828906, 0.29206275939941406]",0,,-1.0,False,False,False,fixed-body-live-slider,True,False,runs/g2-local-policy-20260928/R8-01-fixed-body-live-slider/episode-000.npz,0,R8-01-fixed-body-live-slider,local reset; one acquired source,37.14470565319061,S,1.9937921315431595,0.11991322040557861,True
learned,/data/research/artgym-g2-local-policy-20260928/runs/g2-local-policy-20260928/B4-S-joint-path/checkpoint-00025.pth,True,False,False,True,False,"[4.395652562379837, 7.450580596923828e-05, 4.314790479838848, 3.725290298461914e-06]",0,,-1.0,False,False,False,fixed-body-live-slider,True,False,runs/g2-local-policy-20260928/R8-01-fixed-body-live-slider/episode-000.npz,1,R8-01-fixed-body-live-slider,local reset; one acquired source,36.13654151558876,S,2.141141565516591,0.18505127727985382,True
learned,/data/research/artgym-g2-local-policy-20260928/runs/g2-local-policy-20260928/B4-S-joint-path/checkpoint-00025.pth,True,False,False,False,False,"[39.99999910593033, 0.0, 39.99999910593033, 3.725290298461914e-06]",0,world_instability,3.633333444595337,False,False,False,fixed-body-proprio-slider,False,False,runs/g2-local-policy-20260928/R8-02-fixed-body-proprio-slider/episode-000.npz,0,R8-02-fixed-body-proprio-slider,local reset; one acquired source,29.850618913769722,S,31.361587345600128,2.1614019870758057,False
learned,/data/research/artgym-g2-local-policy-20260928/runs/g2-local-policy-20260928/B4-S-joint-path/checkpoint-00025.pth,True,False,False,True,False,"[4.418439231812954, 0.00043213367462158203, 4.394012503325939, 0.0]",0,,-1.0,False,False,False,fixed-body-proprio-slider,True,False,runs/g2-local-policy-20260928/R8-02-fixed-body-proprio-slider/episode-000.npz,1,R8-02-fixed-body-proprio-slider,local reset; one acquired source,36.07722371816635,S,2.09060194902122,0.18636992573738098,True
learned,/data/research/artgym-g2-local-policy-20260928/runs/g2-local-policy-20260928/B4-S-joint-path/checkpoint-00025.pth,True,False,False,False,False,"[3.8383861538022757, 0.0, 39.99999910593033, 0.0]",0,world_instability,1.0333333015441895,False,True,False,,False,False,runs/g2-local-policy-20260928/R8-03-hand-gravity-on/episode-000.npz,0,R8-03-hand-gravity-on,local reset; one acquired source,36.41780465841293,S,15.901263803243637,1.057671308517456,False
learned,/data/research/artgym-g2-local-policy-20260928/runs/g2-local-policy-20260928/B4-S-joint-path/checkpoint-00025.pth,True,False,False,False,False,"[39.99999910593033, 0.0, 39.99999910593033, 0.0]",0,world_instability,1.0333333015441895,False,True,False,,False,False,runs/g2-local-policy-20260928/R8-03-hand-gravity-on/episode-000.npz,1,R8-03-hand-gravity-on,local reset; one acquired source,31.396515667438507,S,31.314611434936523,1.675682783126831,False
,,False,False,,,,,0,measurement_gate_missing_before_learner: Required support contact not sustained: held_translation_next8_support_hold digit 2,,,,,,False,,runs/g2-local-policy-20260928/R9-01-retarget-arm-seen-placement01/partial-trace.npz,0,R9-01-retarget-arm-seen-placement01,continuous acquisition aborted,,H,,,
,,False,False,,,,,0,measurement_gate_missing_before_learner: One-shot alignment outside declared small-error bounds,,,,,,False,,runs/g2-local-policy-20260928/R9-02-retarget-arm-seen-placement00/partial-trace.npz,0,R9-02-retarget-arm-seen-placement00,continuous acquisition aborted,,H,,,
,/data/research/artgym-g2-local-policy-20260928/runs/g2-local-policy-20260928/B4-S-joint-path/checkpoint-00025.pth,True,True,,True,False,"[4.145194273442031, 0.0010244548320770264, 4.0863314270973214, 2.9802322387695312e-05]",0,,,False,False,False,,,False,runs/g2-local-policy-20260928/R9-03-frozen-fixed-continuous-repeat/trace.npz,0,R9-03-frozen-fixed-continuous-repeat,continuous table acquisition and operation,36.408270709216595,S,2.1151794407986637,0.17207741857648912,True
