trial,kind,group,status,physical_execution,actual_tabletop_route,lift_success,flip_success,last_scored_gait,last_scored_gait_pass,last_passed_gait,g1_original_plan_gate_passed,observed_thumb_free_stable_hold,observed_thumb_free_supports,final_gait_world_translation_mm,final_gait_world_rotation_rad,final_gait_contacts_thumb_index_middle_ring_pinky,first_world_instability_s,first_low_after_lift_s,entered_policy,operation_steps,policy_action_mode,unchanged_policy_actions,static_hold_scored_seconds,static_hold_fixed_world_stable,static_hold_world_drift_mm,static_hold_world_rotation_rad,basic_10mm,strict_2mm,operation_fixed_world_stable,slider_travel_mm,endpoint_max_errors_mm,operation_drop,operation_world_drift_mm,operation_world_rotation_rad,operation_hand_drift_mm,operation_hand_rotation_rad,required_operation_success,endpoint_and_retention_cycles,continuous_whole_success,abort_phase,abort_reason,raw_failure_class,caution
R1-01-ring-interior-support,development,B,ended,True,True,,True,ring_under_body,False,ring_corner_clearance,False,False,[],5.54285657168226,0.2580504628988611,"[1.0, 0.3, 0.43333333333333335, 0.7833333333333333, 1.0]",39.666668735444546,,False,0,not_executed,,,,,,,,,,,,,,,,,,False,gait_ring_under_body,Gait fixed-reference stability failed: ring_under_body,ValueError,No policy evaluation; not a teacher/student failure
R1-02a-middle-interior-slide,development,B,ended,True,True,True,True,middle_slide_hold_1,True,middle_slide_hold_1,False,False,[],1.5844605837293002,0.038359625580780925,"[1.0, 0.0, 1.0, 1.0, 1.0]",,,False,0,not_executed,,,,,,,,,,,,,,,,,,False,,,operation_not_requested,No policy evaluation; not a teacher/student failure
R1-03-original-support-thumb-clear12,development,B,ended,True,True,,True,thumb_unload_thumb,False,thumb_baseline_hold,False,False,[],55.73630979763265,2.8184820344997723,"[0.6, 0.8333333333333334, 0.6333333333333333, 0.6333333333333333, 0.5333333333333333]",34.63333513960242,,False,0,not_executed,,,,,,,,,,,,,,,,,,False,gait_thumb_unload_thumb,Gait fixed-reference stability failed: thumb_unload_thumb,ValueError,No policy evaluation; not a teacher/student failure
R1-04-middle-forward-clearance,development,B,ended,True,True,True,True,middle_establish_interior_hold,True,middle_establish_interior_hold,False,False,[],4.338720348142299,0.1302923244482898,"[1.0, 0.0, 1.0, 1.0, 1.0]",,,False,0,not_executed,,,,,,,,,,,,,,,,,,False,,,operation_not_requested,No policy evaluation; not a teacher/student failure
R1-05-candidate1-four-digit-acquisition,development,B,ended,True,True,True,True,new_acquisition_hold,True,new_acquisition_hold,False,False,[],0.45422715916601664,0.003020697116204274,"[1.0, 0.0, 1.0, 1.0, 0.0]",,,False,0,not_executed,,,,,,,,,,,,,,,,,,False,,,operation_not_requested,No policy evaluation; not a teacher/student failure
R1-06-left-middle-ring-unload,development,B,ended,True,True,True,True,ring_unloaded_hold,True,ring_unloaded_hold,False,False,[],5.185873321451658,0.12101525071689721,"[1.0, 0.0, 1.0, 0.0, 1.0]",,,False,0,not_executed,,,,,,,,,,,,,,,,,,False,,,operation_not_requested,No policy evaluation; not a teacher/student failure
R1-07-candidate1-index-bottom,development,B,ended,True,True,True,True,index_bottom_establish_hold,True,index_bottom_establish_hold,False,False,[],0.6067356158599346,0.004791726493156972,"[1.0, 1.0, 1.0, 1.0, 0.0]",,,False,0,not_executed,,,,,,,,,,,,,,,,,,False,,,operation_not_requested,No policy evaluation; not a teacher/student failure
R1-08-left-middle-assembly-roll30,development,B,ended,True,True,True,True,middle_establish_interior_hold,True,middle_establish_interior_hold,False,False,[],4.338720348142299,0.1302923244482898,"[1.0, 0.0, 1.0, 1.0, 1.0]",,,False,0,not_executed,,,,,,,,,,,,,,,,,,False,,,operation_not_requested,No policy evaluation; not a teacher/student failure
R1-09-roll30-thumb-release,development,B,ended,True,True,,True,unload_thumb,False,baseline_hold,False,False,[],1.6512824082533133,0.25558902996646615,"[0.6, 0.0, 1.0, 1.0, 0.3]",48.700002539902925,,False,0,not_executed,,,,,,,,,,,,,,,,,,False,gait_unload_thumb,Gait fixed-reference stability failed: unload_thumb,ValueError,No policy evaluation; not a teacher/student failure
R1-10-roll30-fixed-goal-alignment,development,B,ended,True,True,True,True,unloaded_hold,True,unloaded_hold,True,True,"[[""middle"", ""ring""]]",1.8714435605500737,0.22955022434397626,"[0.0, 0.0, 1.0, 1.0, 0.0]",,,False,0,not_executed,,,,,,,,,,,,,,,,,,False,,,lost_after_lift,No policy evaluation; not a teacher/student failure
R1-11-supported-wrist-roll25,development,B,ended,True,True,,True,supported_wrist_roll_8,False,supported_wrist_roll_7,True,True,"[[""middle"", ""ring""]]",2.23827730006072,0.2760616671054202,"[0.0, 0.0, 1.0, 1.0, 0.0]",55.60000289976597,,False,0,not_executed,,,,,,,,,,,,,,,,,,False,gait_supported_wrist_roll_8,Gait fixed-reference stability failed: supported_wrist_roll_8,ValueError,No policy evaluation; not a teacher/student failure
R1-12-released-index-third-support,development,B,ended,True,True,,True,index_new_support_hold,False,index_establish_bottom,True,True,"[[""middle"", ""ring""], [""middle"", ""ring""], [""middle"", ""ring""]]",3.3344716426733516,0.2108689030444124,"[0.0, 0.0, 1.0, 1.0, 0.0]",,,False,0,not_executed,,,,,,,,,,,,,,,,,,False,gait_index_new_support_hold,New contact not established for entire hold: index_new_support_hold,ValueError,No policy evaluation; not a teacher/student failure
R1-13-candidate2-refined-acquisition,development,B,ended,True,True,True,True,candidate2_flipped_hold,True,candidate2_flipped_hold,False,False,[],0.22179852610526085,0.0031529523044553174,"[1.0, 0.0, 1.0, 1.0, 0.0]",,,False,0,not_executed,,,,,,,,,,,,,,,,,,False,,,operation_not_requested,No policy evaluation; not a teacher/student failure
R1-14-index-distal-only-support,development,B,ended,True,True,,True,index_distal_establish,False,unloaded_hold,True,True,"[[""middle"", ""ring""]]",1.925330838957173,0.254017182319252,"[0.0, 0.36666666666666664, 1.0, 1.0, 0.0]",53.76666947081685,,False,0,not_executed,,,,,,,,,,,,,,,,,,False,gait_index_distal_establish,Gait fixed-reference stability failed: index_distal_establish,ValueError,No policy evaluation; not a teacher/student failure
R1-15-align-then-index-distal,development,B,ended,True,True,,True,index_distal_support_hold,False,index_distal_establish,True,True,"[[""middle"", ""ring""], [""middle"", ""ring""], [""middle"", ""ring""]]",3.1627185684280863,0.11789595246529849,"[0.0, 0.0, 1.0, 1.0, 0.0]",,,False,0,not_executed,,,,,,,,,,,,,,,,,,False,gait_index_distal_support_hold,Required support contact not sustained: index_distal_support_hold digit 1,ValueError,No policy evaluation; not a teacher/student failure
R1-16-aligned-replanned-index,development,B,ended,True,True,True,True,index_distal_support_hold,True,index_distal_support_hold,True,True,"[[""middle"", ""ring""], [""middle"", ""ring""], [""index"", ""middle"", ""ring""]]",3.0884620695501455,0.13063703735177085,"[0.0, 1.0, 1.0, 1.0, 0.0]",,,False,0,not_executed,,,,,,,,,,,,,,,,,,False,,,lost_after_lift,No policy evaluation; not a teacher/student failure
R2-01-three-support-wrist15,development,B,ended,True,True,,True,supported_wrist_roll_hold,False,supported_wrist_roll_6,True,True,"[[""middle"", ""ring""], [""middle"", ""ring""], [""index"", ""middle"", ""ring""], [""middle"", ""ring""]]",2.961118297072117,0.1832609747809194,"[0.0, 0.0, 1.0, 1.0, 0.0]",,,False,0,not_executed,,,,,,,,,,,,,,,,,,False,gait_supported_wrist_roll_hold,Required support contact not sustained: supported_wrist_roll_hold digit 1,ValueError,No policy evaluation; not a teacher/student failure
R2-02-wrist15-index-reseat,development,B,ended,True,True,True,True,post_wrist_index_distal_support_hold,True,post_wrist_index_distal_support_hold,True,True,"[[""middle"", ""ring""], [""middle"", ""ring""], [""index"", ""middle"", ""ring""], [""middle"", ""ring""], [""index"", ""middle"", ""ring""]]",3.312435895998353,0.18858392544444602,"[0.0, 1.0, 1.0, 1.0, 0.0]",,,False,0,not_executed,,,,,,,,,,,,,,,,,,False,,,lost_after_lift,No policy evaluation; not a teacher/student failure
R2-03-wrist15-normal-feedback,development,B,ended,True,True,True,True,supported_wrist_roll_hold,True,supported_wrist_roll_hold,True,True,"[[""middle"", ""ring""], [""middle"", ""ring""], [""index"", ""middle"", ""ring""], [""index"", ""middle"", ""ring""]]",3.207552221770736,0.1855343631414179,"[0.0, 0.9666666666666667, 1.0, 1.0, 0.0]",,,False,0,not_executed,,,,,,,,,,,,,,,,,,False,,,lost_after_lift,No policy evaluation; not a teacher/student failure
R2-04-reseated-wrist-next15,development,B,ended,True,True,,True,wrist_segment2_2,False,wrist_segment2_1,True,True,"[[""middle"", ""ring""], [""middle"", ""ring""], [""index"", ""middle"", ""ring""], [""middle"", ""ring""], [""index"", ""middle"", ""ring""]]",3.3633207057888317,0.26498517387230824,"[0.0, 0.4666666666666667, 1.0, 1.0, 0.0]",66.76667014881968,,False,0,not_executed,,,,,,,,,,,,,,,,,,False,gait_wrist_segment2_2,Gait fixed-reference stability failed: wrist_segment2_2,ValueError,No policy evaluation; not a teacher/student failure
R2-05-segment2-normal-feedback,development,B,ended,True,True,,True,wrist_segment2_4,False,wrist_segment2_3,True,True,"[[""middle"", ""ring""], [""middle"", ""ring""], [""index"", ""middle"", ""ring""], [""middle"", ""ring""], [""index"", ""middle"", ""ring""]]",5.383903780498386,0.5677682305874141,"[0.0, 0.6666666666666666, 1.0, 1.0, 0.0]",67.83333687111735,,False,0,not_executed,,,,,,,,,,,,,,,,,,False,gait_wrist_segment2_4,Gait fixed-reference stability failed: wrist_segment2_4,ValueError,No policy evaluation; not a teacher/student failure
R2-06-A-supported55-teacher,development,A,ended,True,False,,,,,,False,False,[],,,,,,False,0,not_executed,,,,,,,,,,,,,,,,,,False,,,preset_candidate_hold_failed_before_policy,Independent preset A; no acquisition
R2-07-feedback-wrist15-alignment,development,B,ended,True,True,,True,wrist15_aligned_three_support_hold,False,wrist15_fixed_goal_align,True,True,"[[""middle"", ""ring""], [""middle"", ""ring""], [""index"", ""middle"", ""ring""], [""index"", ""middle"", ""ring""]]",4.44963970439567,0.08218063656694287,"[0.0, 0.0, 1.0, 1.0, 0.0]",,,False,0,not_executed,,,,,,,,,,,,,,,,,,False,gait_wrist15_aligned_three_support_hold,Required support contact not sustained: wrist15_aligned_three_support_hold digit 1,ValueError,No policy evaluation; not a teacher/student failure
R2-08-pinky-fourth-support,development,B,ended,True,True,,True,pinky_four_support_hold,False,pinky_side_close,True,True,"[[""middle"", ""ring""], [""middle"", ""ring""], [""index"", ""middle"", ""ring""], [""index"", ""middle"", ""ring""], [""middle"", ""ring"", ""pinky""]]",3.354110965856934,0.21108910770516773,"[0.0, 0.0, 1.0, 1.0, 1.0]",,,False,0,not_executed,,,,,,,,,,,,,,,,,,False,gait_pinky_four_support_hold,Required support contact not sustained: pinky_four_support_hold digit 1,ValueError,No policy evaluation; not a teacher/student failure
R2-09-A-functional-actual-settle,development,A,ended,False,False,,,,,,,False,[],,,,,,False,0,not_executed,,,,,,,,,,,,,,,,,,False,,,,Independent preset A; no acquisition
R2-10-A-functional-actual-settle-core70,development,A,ended,True,False,,,,,,False,False,[],,,,,,True,600,full,True,,,,,True,True,True,39.86271005123854,"[0.8149300329387197, 0.0, 0.23950306698680007, 0.0]",False,4.5203844285608605,0.2266056815287532,4.465752205889347,0.22713552196529257,True,2,False,,,,Independent preset A; no acquisition
R2-11-toward-functional-axis10,development,B,ended,True,True,,True,toward_functional10_2,False,toward_functional10_1,True,True,"[[""middle"", ""ring""], [""middle"", ""ring""], [""index"", ""middle"", ""ring""], [""index"", ""middle"", ""ring""]]",3.3583133150323676,0.2735898771528105,"[0.0, 0.2, 1.0, 1.0, 0.0]",64.53333669900894,,False,0,not_executed,,,,,,,,,,,,,,,,,,False,gait_toward_functional10_2,Gait fixed-reference stability failed: toward_functional10_2,ValueError,No policy evaluation; not a teacher/student failure
R2-12-candidate2-held-translation4,development,B,ended,True,True,True,True,held_translation_support_hold,True,held_translation_support_hold,False,False,[],0.6857197285656349,0.03741019891139658,"[1.0, 0.0, 1.0, 1.0, 0.0]",,,False,0,not_executed,,,,,,,,,,,,,,,,,,False,,,operation_not_requested,No policy evaluation; not a teacher/student failure
R2-13-candidate2-held-next8,development,B,ended,True,True,True,True,held_translation_next8_support_hold,True,held_translation_next8_support_hold,False,False,[],4.143287365584904,0.08355063397608871,"[1.0, 0.0, 1.0, 1.0, 0.0]",,,False,0,not_executed,,,,,,,,,,,,,,,,,,False,,,operation_not_requested,No policy evaluation; not a teacher/student failure
R2-14-candidate2-held-rotate10,development,B,ended,True,True,True,True,held_after12_rotation10_support_hold,True,held_after12_rotation10_support_hold,False,False,[],4.282485513760921,0.13689894608342904,"[1.0, 0.0, 1.0, 1.0, 0.0]",,,False,0,not_executed,,,,,,,,,,,,,,,,,,False,,,operation_not_requested,No policy evaluation; not a teacher/student failure
R2-15-A-functional-forward20-terminal,development,A,ended,True,False,,,,,,False,False,[],,,,12.400000646710396,,True,600,full,True,,,,,True,True,False,39.84134690836072,"[0.8254730701446542, 0.0, 0.2131205610930928, 0.0]",False,4.145659650660459,0.26505819950125303,4.382472728219352,0.2659004067148962,False,2,False,,,operation_unstable_drift,Independent preset A; no acquisition
R2-16-candidate2-pinky-bottom-support,development,B,ended,True,True,True,True,pinky_four_support_hold,True,pinky_four_support_hold,False,False,[],4.281673573223962,0.14549836652387396,"[1.0, 0.0, 1.0, 1.0, 1.0]",,,False,0,not_executed,,,,,,,,,,,,,,,,,,False,,,operation_not_requested,No policy evaluation; not a teacher/student failure
R3-01-candidate2-held-next-rotation10,development,B,ended,True,True,True,True,held_next_rotation10_support_hold,True,held_next_rotation10_support_hold,False,False,[],4.677679483915874,0.2261697432702049,"[1.0, 0.0, 1.0, 1.0, 0.0]",,,False,0,not_executed,,,,,,,,,,,,,,,,,,False,,,operation_not_requested,No policy evaluation; not a teacher/student failure
R3-02-candidate2-four-held-next10,development,B,ended,True,True,,True,four_held_next10_support_hold,False,four_held_next10_5,False,False,[],8.834966801321476,0.24390779856409606,"[1.0, 0.0, 0.0, 1.0, 0.6666666666666666]",,,False,0,not_executed,,,,,,,,,,,,,,,,,,False,gait_four_held_next10_support_hold,Required support contact not sustained: four_held_next10_support_hold digit 2,ValueError,No policy evaluation; not a teacher/student failure
R3-03-candidate2-held-world-alignment,development,B,ended,True,True,True,True,held_aligned_support_hold,True,held_aligned_support_hold,False,False,[],5.175334133717905,0.03557493236149062,"[1.0, 0.0, 1.0, 1.0, 0.0]",,,False,0,not_executed,,,,,,,,,,,,,,,,,,False,,,operation_not_requested,No policy evaluation; not a teacher/student failure
R3-04-candidate2-middle-normal-feedback,development,B,ended,True,True,,True,four_held_next10_support_hold,False,four_held_next10_5,False,False,[],8.857815367406028,0.2420304191570461,"[1.0, 0.0, 0.0, 1.0, 0.7333333333333333]",,,False,0,not_executed,,,,,,,,,,,,,,,,,,False,gait_four_held_next10_support_hold,Required support contact not sustained: four_held_next10_support_hold digit 2,ValueError,No policy evaluation; not a teacher/student failure
R3-05-candidate2-aligned-next9,development,B,ended,True,True,True,True,aligned_next9_support_hold,True,aligned_next9_support_hold,False,False,[],6.889407541821232,0.16019218766591325,"[1.0, 0.0, 1.0, 1.0, 0.0]",,,False,0,not_executed,,,,,,,,,,,,,,,,,,False,,,operation_not_requested,No policy evaluation; not a teacher/student failure
R3-06-candidate2-middle-object-feedback,development,B,ended,True,True,,True,four_held_next10_support_hold,False,four_held_next10_5,False,False,[],8.789319247261101,0.23904203183374131,"[1.0, 0.0, 0.0, 1.0, 0.8]",,,False,0,not_executed,,,,,,,,,,,,,,,,,,False,gait_four_held_next10_support_hold,Required support contact not sustained: four_held_next10_support_hold digit 2,ValueError,No policy evaluation; not a teacher/student failure
R3-07-candidate2-index-bottom-rrt,development,B,ended,True,True,True,True,index_four_support_hold,True,index_four_support_hold,False,False,[],5.061374493323566,0.031820393727580394,"[1.0, 1.0, 1.0, 1.0, 0.0]",,,False,0,not_executed,,,,,,,,,,,,,,,,,,False,,,operation_not_requested,No policy evaluation; not a teacher/student failure
R3-08-candidate2-middle-object-cap12,development,B,ended,True,True,,True,four_held_next10_support_hold,False,four_held_next10_5,False,False,[],8.886544725557854,0.24160722924035039,"[1.0, 0.0, 0.9666666666666667, 1.0, 0.5666666666666667]",,,False,0,not_executed,,,,,,,,,,,,,,,,,,False,gait_four_held_next10_support_hold,Required support contact not sustained: four_held_next10_support_hold digit 4,ValueError,No policy evaluation; not a teacher/student failure
R3-09-candidate2-index-plus-pinky,development,B,ended,True,True,True,True,pinky_four_support_hold,True,pinky_four_support_hold,False,False,[],5.019742617041918,0.035021873217375876,"[1.0, 1.0, 1.0, 1.0, 1.0]",,,False,0,not_executed,,,,,,,,,,,,,,,,,,False,,,operation_not_requested,No policy evaluation; not a teacher/student failure
R3-10-candidate2-four-support-thumb-escape,development,B,ended,True,True,,True,thumb_escape_move,False,thumb_escape_baseline_hold,False,False,[],12.350390397889342,0.2345443396392893,"[0.9666666666666667, 1.0, 0.5333333333333333, 1.0, 0.8333333333333334]",65.03333672508597,,False,0,not_executed,,,,,,,,,,,,,,,,,,False,gait_thumb_escape_move,Gait fixed-reference stability failed: thumb_escape_move,ValueError,No policy evaluation; not a teacher/student failure
R3-11-candidate2-thumb-ring-depreload,development,B,ended,True,True,,True,thumb_escape_hold,False,thumb_escape_ring_depreload_move,False,True,"[[""index"", ""middle"", ""pinky""]]",5.617920212113598,0.06098261748307189,"[0.0, 1.0, 1.0, 0.0, 1.0]",,,False,0,not_executed,,,,,,,,,,,,,,,,,,False,gait_thumb_escape_hold,Required support contact not sustained: thumb_escape_hold digit 3,ValueError,No policy evaluation; not a teacher/student failure
R3-12-candidate2-contact-corridor-teacher,development,B,ended,True,True,True,True,thumb_slider_contact_hold,True,thumb_slider_contact_hold,True,True,"[[""index"", ""middle"", ""pinky""], [""index"", ""middle"", ""pinky""], [""index"", ""middle"", ""pinky""]]",5.676763649285448,0.09136644635697737,"[1.0, 1.0, 1.0, 0.0, 1.0]",77.63333738222718,,True,600,full,True,,,,,False,False,False,0.9369440376758575,"[39.95717033743858, 0.8565783500671387, 39.08359721302986, 0.9369440376758575]",False,39.34839001799033,3.07338185810418,39.34842067772123,3.0734396234208408,False,0,False,,,operation_pose_escape,Development run; not independent validation
R3-13-candidate2-no-policy-hold20,development,B,ended,True,True,True,True,thumb_slider_contact_hold,True,thumb_slider_contact_hold,True,True,"[[""index"", ""middle"", ""pinky""], [""index"", ""middle"", ""pinky""], [""index"", ""middle"", ""pinky""]]",5.676763649285448,0.09136644635697737,"[1.0, 1.0, 1.0, 0.0, 1.0]",79.70000415667892,,False,0,not_executed,,20.0,False,2.4197943439288694,0.550263979928474,,,,,,,,,,,,,False,,,operation_not_requested,No policy evaluation; not a teacher/student failure
R3-14-candidate2-thumb-only-teacher,development,B,ended,True,True,True,True,thumb_slider_contact_hold,True,thumb_slider_contact_hold,True,True,"[[""index"", ""middle"", ""pinky""], [""index"", ""middle"", ""pinky""], [""index"", ""middle"", ""pinky""]]",5.676763649285448,0.09136644635697737,"[1.0, 1.0, 1.0, 0.0, 1.0]",82.03333761170506,,True,600,thumb-only,False,,,,,False,False,False,41.9886065647006,"[26.70271225273609, 0.0, 1.9599678553640851, 0.0]",False,19.98070423060292,0.9788012470336174,19.977949094744066,0.9787956878031299,False,1,False,,,operation_endpoint_error,Action-component ablation; not unchanged full teacher
R3-15-A-functional-current-wrist,development,A,ended,True,False,,,,,,False,False,[],,,,,,True,600,full,True,,,,,True,True,True,40.01196566969156,"[0.8098459430038938, 0.0, 0.06777463480830276, 0.0]",False,4.4502200896355015,0.23963228381833102,4.481921910731175,0.24040761359075322,True,2,False,,,,Independent preset A; no acquisition
R3-16-candidate2-middle-position-hold,development,B,ended,True,True,,True,slider_support_feedback_hold22,False,thumb_slider_contact_hold,True,True,"[[""index"", ""middle"", ""pinky""], [""index"", ""middle"", ""pinky""], [""index"", ""middle"", ""pinky""]]",7.493006366850034,0.6010178072864766,"[0.990909090909091, 1.0, 0.9681818181818181, 0.0, 1.0]",77.50000404193997,,False,0,not_executed,,,,,,,,,,,,,,,,,,False,gait_slider_support_feedback_hold22,Gait fixed-reference stability failed: slider_support_feedback_hold22,ValueError,No policy evaluation; not a teacher/student failure
