time_seconds,slider_m,goal_m,error_mm,body_drift_m,body_rotation_rad
0.0,-0.03267037,0.0073254183,-39.99579,0.0006181893,0.025572019
0.03333333333333333,-0.032598674,0.0073254183,-39.92409,0.00077224674,0.03307011
0.06666666666666667,-0.031908073,0.0073254183,-39.23349,0.00092569593,0.039231464
0.1,-0.030536436,0.0073254183,-37.861855,0.0011674042,0.04710323
0.13333333333333333,-0.028239317,0.0073254183,-35.564735,0.0015287725,0.056591332
0.16666666666666666,-0.024986222,0.0073254183,-32.31164,0.0019258908,0.068270326
0.2,-0.02087726,0.0073254183,-28.202679,0.0022440928,0.07918058
0.23333333333333334,-0.016142149,0.0073254183,-23.467567,0.0023525602,0.085478894
0.26666666666666666,-0.011140594,0.0073254183,-18.466013,0.0022320405,0.085644715
0.3,-0.00618359,0.0073254183,-13.509008,0.0018940688,0.08076015
0.3333333333333333,-0.0014808716,0.0073254183,-8.80629,0.001417364,0.07263713
0.36666666666666664,0.0027995973,0.0073254183,-4.5258207,0.0009889064,0.061055984
0.4,0.0063304356,0.0073254183,-0.99498266,0.00089103717,0.05019259
0.43333333333333335,0.00797975,0.0073254183,0.6543314,0.00096390955,0.03982711
0.4666666666666667,0.0077898945,0.0073254183,0.46447617,0.0009187071,0.038517285
0.5,0.007677745,0.0073254183,0.35232678,0.0009313976,0.03676514
0.5333333333333333,0.007773299,0.0073254183,0.44788048,0.00097433076,0.03464893
0.5666666666666667,0.007903837,0.0073254183,0.5784184,0.0010229193,0.032735687
0.6,0.0079230415,0.0073254183,0.59762317,0.0010550739,0.031383347
0.6333333333333333,0.00789407,0.0073254183,0.5686516,0.0010598098,0.030681837
0.6666666666666666,0.007853843,0.0073254183,0.528425,0.001045533,0.030839419
0.7,0.00784388,0.0073254183,0.5184617,0.001027854,0.03075188
0.7333333333333333,0.0077800085,0.0073254183,0.4545902,0.0010037953,0.030572962
0.7666666666666667,0.0077001834,0.0073254183,0.37476513,0.0009768355,0.030481687
0.8,0.0076075713,0.0073254183,0.282153,0.00095054135,0.030570881
0.8333333333333334,0.0075475415,0.0073254183,0.22212324,0.0009307767,0.03036243
0.8666666666666667,0.0074718427,0.0073254183,0.1464244,0.0009120451,0.03035017
0.9,0.0073969173,0.0073254183,0.071499035,0.0008990137,0.030232238
0.9333333333333333,0.007314793,0.0073254183,-0.010625459,0.0008913244,0.030130943
0.9666666666666667,0.007253988,0.0073254183,-0.07143012,0.0008877996,0.03026184
1.0,0.007178324,0.0073254183,-0.14709449,0.00088392576,0.030493837
1.0333333333333334,0.00710772,0.0073254183,-0.21769851,0.0008833062,0.030661603
1.0666666666666667,0.0070247804,0.0073254183,-0.3006379,0.0008816377,0.030903356
1.1,0.0069471183,0.0073254183,-0.37829998,0.00087829115,0.031114135
1.1333333333333333,0.006861491,0.0073254183,-0.46392715,0.0008743523,0.031357504
1.1666666666666667,0.0067812502,0.0073254183,-0.54416806,0.00087156007,0.03143389
1.2,0.0067038555,0.0073254183,-0.62156284,0.00086676463,0.03155036
1.2333333333333334,0.006610666,0.0073254183,-0.7147524,0.0008599767,0.031644855
1.2666666666666666,0.0065468024,0.0073254183,-0.77861595,0.00086022366,0.031406116
1.3,0.00645733,0.0073254183,-0.8680881,0.00085557153,0.0314021
1.3333333333333333,0.0063871327,0.0073254183,-0.9382856,0.00085380743,0.03128752
1.3666666666666667,0.006303498,0.0073254183,-1.0219202,0.0008517845,0.031273454
1.4,0.0062470585,0.0073254183,-1.0783598,0.0008566916,0.031178597
1.4333333333333333,0.006177841,0.0073254183,-1.147577,0.0008613791,0.031159831
1.4666666666666666,0.0061133886,0.0073254183,-1.2120297,0.00086882734,0.03100101
1.5,0.006055549,0.0073254183,-1.2698696,0.0008763326,0.03096205
1.5333333333333334,0.005988971,0.0073254183,-1.3364475,0.000881444,0.031022718
1.5666666666666667,0.0059157596,0.0073254183,-1.4096587,0.00088419835,0.031118969
1.6,0.005864512,0.0073254183,-1.4609061,0.0008885505,0.031047449
1.6333333333333333,0.005811503,0.0073254183,-1.5139152,0.0008937899,0.031162152
1.6666666666666667,0.005779693,0.0073254183,-1.5457253,0.0009005873,0.03089493
1.7,0.005724502,0.0073254183,-1.6009165,0.0009049077,0.031043787
1.7333333333333334,0.005657973,0.0073254183,-1.6674455,0.0009074537,0.031088328
1.7666666666666666,0.0055986634,0.0073254183,-1.7267549,0.0009124641,0.031094922
1.8,0.0055726087,0.0073254183,-1.7528096,0.0009187937,0.031104248
1.8333333333333333,0.0055177878,0.0073254183,-1.8076305,0.0009250219,0.031106915
1.8666666666666667,0.005474096,0.0073254183,-1.8513222,0.0009322681,0.031134851
1.9,0.005429767,0.0073254183,-1.8956512,0.0009374327,0.031050093
1.9333333333333333,0.0054185702,0.0073254183,-1.9068481,0.00094561983,0.0309389
1.9666666666666666,0.0053931237,0.0073254183,-1.9322946,0.0009525224,0.030788245
2.0,0.0053770067,0.0073254183,-1.9484116,0.00095993525,0.030832216
2.033333333333333,0.00535866,0.0073254183,-1.9667581,0.00096446666,0.03085063
2.066666666666667,0.0053425077,0.0073254183,-1.9829105,0.0009679186,0.030789044
2.1,0.0052797548,0.0073254183,-2.0456636,0.000966977,0.030995894
2.1333333333333333,0.0052104727,0.0073254183,-2.1149457,0.0009660925,0.031044057
2.1666666666666665,0.005176547,0.0073254183,-2.1488714,0.00096444285,0.03099832
2.2,0.005155618,0.0073254183,-2.1698005,0.0009644444,0.030886294
2.2333333333333334,0.0051590702,0.0073254183,-2.166348,0.00097136106,0.031000964
2.2666666666666666,0.0051197414,0.0073254183,-2.2056768,0.00097409234,0.030891342
2.3,0.0050699045,0.0073254183,-2.255514,0.000973651,0.031026246
2.3333333333333335,0.0050595296,0.0073254183,-2.2658887,0.0009738303,0.03119316
2.3666666666666667,0.005068974,0.0073254183,-2.2564442,0.0009767526,0.031074302
2.4,0.0050663357,0.0073254183,-2.2590826,0.0009802737,0.03105165
2.433333333333333,0.0050552413,0.0073254183,-2.270177,0.000984003,0.031114848
2.466666666666667,0.005052054,0.0073254183,-2.2733645,0.0009866717,0.03111311
2.5,0.005056421,0.0073254183,-2.2689974,0.000989164,0.03107884
2.533333333333333,0.005057798,0.0073254183,-2.2676206,0.0009921899,0.031209335
2.566666666666667,0.0050530843,0.0073254183,-2.2723339,0.0009951653,0.031157376
2.6,0.005050917,0.0073254183,-2.274501,0.0009967233,0.031177958
2.6333333333333333,0.0050501586,0.0073254183,-2.2752597,0.0009986568,0.03111324
2.6666666666666665,0.005038838,0.0073254183,-2.2865803,0.0009995259,0.031150898
2.7,0.004966105,0.0073254183,-2.3593135,0.0009971601,0.031312224
2.7333333333333334,0.004944052,0.0073254183,-2.3813663,0.0009961956,0.031292085
2.7666666666666666,0.0049346117,0.0073254183,-2.3908067,0.000997369,0.03140619
2.8,0.004923613,0.0073254183,-2.4018054,0.0009995567,0.03133201
2.8333333333333335,0.0049108453,0.0073254183,-2.414573,0.0010020324,0.031239325
2.8666666666666667,0.004913187,0.0073254183,-2.4122312,0.0010043827,0.03136682
2.9,0.004917935,0.0073254183,-2.4074833,0.0010062698,0.03134757
2.933333333333333,0.0049238317,0.0073254183,-2.4015865,0.0010082752,0.031323064
2.966666666666667,0.004928765,0.0073254183,-2.3966534,0.0010096772,0.03131356
3.0,0.0049332753,0.0073254183,-2.392143,0.001010303,0.031326946
3.033333333333333,0.0049363878,0.0073254183,-2.3890305,0.0010102915,0.031303257
3.066666666666667,0.004942702,0.0073254183,-2.3827162,0.0010102226,0.031281322
3.1,0.004947544,0.0073254183,-2.3778741,0.0010114624,0.03125344
3.1333333333333333,0.0049517783,0.0073254183,-2.37364,0.0010127962,0.031192448
3.1666666666666665,0.004956161,0.0073254183,-2.3692572,0.0010141145,0.031188993
3.2,0.0049588094,0.0073254183,-2.3666089,0.0010155155,0.03110163
3.2333333333333334,0.0049627656,0.0073254183,-2.3626528,0.0010167784,0.031084647
3.2666666666666666,0.004966986,0.0073254183,-2.3584323,0.0010187409,0.031051949
3.3,0.0049718437,0.0073254183,-2.3535745,0.0010197407,0.0310096
3.3333333333333335,0.004973958,0.0073254183,-2.3514605,0.0010205571,0.0309531
3.3666666666666667,0.004976397,0.0073254183,-2.3490214,0.0010205796,0.030962745
3.4,0.0049792244,0.0073254183,-2.3461938,0.0010208819,0.03091107
3.433333333333333,0.0049800877,0.0073254183,-2.3453305,0.0010210624,0.030899154
3.466666666666667,0.0049408306,0.0073254183,-2.3845878,0.0010182962,0.031054698
3.5,0.0049018124,0.0073254183,-2.423606,0.0010144629,0.031117493
3.533333333333333,0.0048866384,0.0073254183,-2.4387798,0.0010113629,0.031214872
3.566666666666667,0.0048863827,0.0073254183,-2.4390357,0.0010112257,0.03115485
3.6,0.0049008145,0.0073254183,-2.4246037,0.0010124884,0.031130722
3.6333333333333333,0.0048996443,0.0073254183,-2.425774,0.0010140702,0.03107235
3.6666666666666665,0.0049024164,0.0073254183,-2.423002,0.0010143516,0.031064194
3.7,0.004906098,0.0073254183,-2.4193203,0.0010143087,0.031103184
3.7333333333333334,0.0049132947,0.0073254183,-2.4121237,0.0010147155,0.031082122
3.7666666666666666,0.0049195155,0.0073254183,-2.4059029,0.0010160703,0.031014344
3.8,0.0049244775,0.0073254183,-2.4009407,0.0010167357,0.031017618
3.8333333333333335,0.0049289702,0.0073254183,-2.3964481,0.0010179441,0.030988606
3.8666666666666667,0.0049351514,0.0073254183,-2.390267,0.0010188808,0.03096767
3.9,0.004940872,0.0073254183,-2.3845463,0.0010189753,0.030920058
3.933333333333333,0.0049446337,0.0073254183,-2.3807845,0.0010197648,0.030894715
3.966666666666667,0.0049480237,0.0073254183,-2.3773947,0.0010205908,0.030836087
4.0,0.0049502263,0.0073254183,-2.375192,0.0010203491,0.030807761
4.033333333333333,0.0049551083,0.0073254183,-2.37031,0.0010213889,0.030746821
4.066666666666666,0.0049593775,0.0073254183,-2.366041,0.0010214391,0.030732151
4.1,0.004962681,0.0073254183,-2.3627374,0.0010222053,0.030680763
4.133333333333334,0.0049645943,0.0073254183,-2.360824,0.0010218695,0.0307105
4.166666666666667,0.0049667647,0.0073254183,-2.3586535,0.0010214319,0.030673264
4.2,0.0049714576,0.0073254183,-2.3539608,0.0010207584,0.030678725
4.233333333333333,0.00497129,0.0073254183,-2.3541284,0.0010196823,0.030657195
4.266666666666667,0.004973866,0.0073254183,-2.3515522,0.001018718,0.030647768
4.3,0.0049769934,0.0073254183,-2.348425,0.0010174585,0.03059132
4.333333333333333,0.0049790153,0.0073254183,-2.346403,0.0010167499,0.030601522
4.366666666666666,0.004980502,0.0073254183,-2.344916,0.0010160373,0.030610166
4.4,0.004983976,0.0073254183,-2.3414423,0.0010161585,0.03056966
4.433333333333334,0.0049843444,0.0073254183,-2.341074,0.0010161613,0.030556386
4.466666666666667,0.0049865064,0.0073254183,-2.3389118,0.0010172911,0.0305261
4.5,0.0049882713,0.0073254183,-2.337147,0.0010182388,0.030497408
4.533333333333333,0.004989231,0.0073254183,-2.3361874,0.0010190652,0.030479075
4.566666666666666,0.004988813,0.0073254183,-2.3366055,0.0010199053,0.03049583
4.6,0.004992568,0.0073254183,-2.3328505,0.0010208554,0.030466774
4.633333333333334,0.0049925908,0.0073254183,-2.3328276,0.0010215243,0.030438676
4.666666666666667,0.0049948907,0.0073254183,-2.3305275,0.0010219953,0.030429542
4.7,0.004995436,0.0073254183,-2.3299823,0.0010225421,0.030415183
4.733333333333333,0.0049977293,0.0073254183,-2.327689,0.0010224598,0.030441856
4.766666666666667,0.0049996283,0.0073254183,-2.32579,0.0010226958,0.030395506
4.8,0.005000147,0.0073254183,-2.3252714,0.0010231412,0.030347114
4.833333333333333,0.005001873,0.0073254183,-2.3235455,0.0010228462,0.030358825
4.866666666666666,0.004998419,0.0073254183,-2.3269994,0.001022477,0.0303315
4.9,0.005003618,0.0073254183,-2.3218002,0.0010231178,0.030249836
4.933333333333334,0.0050035785,0.0073254183,-2.3218398,0.001023324,0.030292792
4.966666666666667,0.0050060367,0.0073254183,-2.3193815,0.0010239854,0.030279567
5.0,0.0041718483,-0.03267458,36.846428,0.0009977873,0.03102955
5.033333333333333,0.0020377298,-0.03267458,34.71231,0.0009794581,0.032616425
5.066666666666666,-0.0012945427,-0.03267458,31.38004,0.0012062052,0.035292238
5.1,-0.0055891816,-0.03267458,27.0854,0.0016999147,0.037693348
5.133333333333334,-0.010296669,-0.03267458,22.377913,0.002260709,0.040286772
5.166666666666667,-0.015333892,-0.03267458,17.34069,0.0027366725,0.044409826
5.2,-0.020404644,-0.03267458,12.269937,0.0030110849,0.047167905
5.233333333333333,-0.025158357,-0.03267458,7.516224,0.0030397628,0.048322134
5.266666666666667,-0.029425902,-0.03267458,3.2486784,0.002854705,0.046823233
5.3,-0.03246309,-0.03267458,0.21149218,0.0026322454,0.045254584
5.333333333333333,-0.03267459,-0.03267458,-7.4505806e-06,0.0026670604,0.047225293
5.366666666666666,-0.03267459,-0.03267458,-7.4505806e-06,0.0027911146,0.04721645
5.4,-0.03267459,-0.03267458,-7.4505806e-06,0.0029467312,0.04546759
5.433333333333334,-0.03267459,-0.03267458,-7.4505806e-06,0.0031442198,0.043309715
5.466666666666667,-0.03267459,-0.03267458,-7.4505806e-06,0.003331135,0.042320993
5.5,-0.03267459,-0.03267458,-7.4505806e-06,0.0034494225,0.043238968
5.533333333333333,-0.03267459,-0.03267458,-7.4505806e-06,0.0035041596,0.044747524
5.566666666666666,-0.03267459,-0.03267458,-7.4505806e-06,0.0035492275,0.04739216
5.6,-0.03267459,-0.03267458,-7.4505806e-06,0.0036011594,0.051422264
5.633333333333334,-0.03267459,-0.03267458,-7.4505806e-06,0.0036780837,0.054646447
5.666666666666667,-0.03267459,-0.03267458,-7.4505806e-06,0.003766974,0.057739057
5.7,-0.03267459,-0.03267458,-7.4505806e-06,0.0038505248,0.059283193
5.733333333333333,-0.03267459,-0.03267458,-7.4505806e-06,0.003920353,0.06022621
5.766666666666667,-0.03267459,-0.03267458,-7.4505806e-06,0.0039903405,0.06080909
5.8,-0.03267459,-0.03267458,-7.4505806e-06,0.0040538157,0.061377272
5.833333333333333,-0.03267459,-0.03267458,-7.4505806e-06,0.0041154157,0.061197177
5.866666666666666,-0.03267459,-0.03267458,-7.4505806e-06,0.004145459,0.061022133
5.9,-0.03267459,-0.03267458,-7.4505806e-06,0.004166564,0.06053725
5.933333333333334,-0.03267459,-0.03267458,-7.4505806e-06,0.0041673034,0.06039881
5.966666666666667,-0.03267459,-0.03267458,-7.4505806e-06,0.0041623455,0.060444236
6.0,-0.03267459,-0.03267458,-7.4505806e-06,0.0041652545,0.06052141
6.033333333333333,-0.03267459,-0.03267458,-7.4505806e-06,0.0041821045,0.06061636
6.066666666666666,-0.03267459,-0.03267458,-7.4505806e-06,0.0042184824,0.06052975
6.1,-0.03267459,-0.03267458,-7.4505806e-06,0.0042648367,0.06077731
6.133333333333334,-0.03267459,-0.03267458,-7.4505806e-06,0.0043195155,0.060673162
6.166666666666667,-0.03267459,-0.03267458,-7.4505806e-06,0.0043697734,0.060710672
6.2,-0.03267459,-0.03267458,-7.4505806e-06,0.004410648,0.060787104
6.233333333333333,-0.03267459,-0.03267458,-7.4505806e-06,0.0044398555,0.060766194
6.266666666666667,-0.03267459,-0.03267458,-7.4505806e-06,0.004453679,0.060660318
6.3,-0.03267459,-0.03267458,-7.4505806e-06,0.004460861,0.060741488
6.333333333333333,-0.03267459,-0.03267458,-7.4505806e-06,0.0044576246,0.06095943
6.366666666666666,-0.03267459,-0.03267458,-7.4505806e-06,0.0044530653,0.06102019
6.4,-0.03267459,-0.03267458,-7.4505806e-06,0.004446512,0.06117771
6.433333333333334,-0.03267459,-0.03267458,-7.4505806e-06,0.0044385227,0.06121621
6.466666666666667,-0.03267459,-0.03267458,-7.4505806e-06,0.0044332882,0.061247364
6.5,-0.03267459,-0.03267458,-7.4505806e-06,0.004430952,0.061246373
6.533333333333333,-0.03267459,-0.03267458,-7.4505806e-06,0.004428285,0.06115925
6.566666666666666,-0.03267459,-0.03267458,-7.4505806e-06,0.004425163,0.061098576
6.6,-0.03267459,-0.03267458,-7.4505806e-06,0.004422644,0.060910888
6.633333333333334,-0.03267459,-0.03267458,-7.4505806e-06,0.004413138,0.06075829
6.666666666666667,-0.03267459,-0.03267458,-7.4505806e-06,0.0043998393,0.06071973
6.7,-0.03267459,-0.03267458,-7.4505806e-06,0.0043833256,0.06052577
6.733333333333333,-0.03267459,-0.03267458,-7.4505806e-06,0.0043617603,0.060332205
6.766666666666667,-0.03267459,-0.03267458,-7.4505806e-06,0.0043428764,0.060205206
6.8,-0.03267459,-0.03267458,-7.4505806e-06,0.004326711,0.060042515
6.833333333333333,-0.03267459,-0.03267458,-7.4505806e-06,0.0043120994,0.059826158
6.866666666666666,-0.03267459,-0.03267458,-7.4505806e-06,0.004298091,0.05974673
6.9,-0.03267459,-0.03267458,-7.4505806e-06,0.004286361,0.05956219
6.933333333333334,-0.03267459,-0.03267458,-7.4505806e-06,0.004277527,0.059386846
6.966666666666667,-0.03267459,-0.03267458,-7.4505806e-06,0.0042753224,0.058806963
7.0,-0.03267459,-0.03267458,-7.4505806e-06,0.0042804526,0.0585973
7.033333333333333,-0.03267459,-0.03267458,-7.4505806e-06,0.0042830245,0.058361772
7.066666666666666,-0.03267459,-0.03267458,-7.4505806e-06,0.004284024,0.058118522
7.1,-0.03267459,-0.03267458,-7.4505806e-06,0.004281882,0.058083076
7.133333333333334,-0.03267459,-0.03267458,-7.4505806e-06,0.0042790496,0.057943195
7.166666666666667,-0.03267459,-0.03267458,-7.4505806e-06,0.0042747674,0.057942167
7.2,-0.03267459,-0.03267458,-7.4505806e-06,0.0042796466,0.057889454
7.233333333333333,-0.03267459,-0.03267458,-7.4505806e-06,0.004280904,0.057903938
7.266666666666667,-0.03267459,-0.03267458,-7.4505806e-06,0.0042847847,0.057818703
7.3,-0.03267459,-0.03267458,-7.4505806e-06,0.004287713,0.057730556
7.333333333333333,-0.03267459,-0.03267458,-7.4505806e-06,0.004308825,0.057154365
7.366666666666666,-0.03267459,-0.03267458,-7.4505806e-06,0.004332043,0.05691543
7.4,-0.03267459,-0.03267458,-7.4505806e-06,0.0043344917,0.056786828
7.433333333333334,-0.03267459,-0.03267458,-7.4505806e-06,0.004336068,0.056681957
7.466666666666667,-0.03267459,-0.03267458,-7.4505806e-06,0.0043372074,0.056628093
7.5,-0.03267459,-0.03267458,-7.4505806e-06,0.004336543,0.05667329
7.533333333333333,-0.03267459,-0.03267458,-7.4505806e-06,0.0043384945,0.056581803
7.566666666666666,-0.03267459,-0.03267458,-7.4505806e-06,0.004338804,0.056529682
7.6,-0.03267459,-0.03267458,-7.4505806e-06,0.004338453,0.056543414
7.633333333333334,-0.03267459,-0.03267458,-7.4505806e-06,0.0043372875,0.056489382
7.666666666666667,-0.03267459,-0.03267458,-7.4505806e-06,0.0043349066,0.056478593
7.7,-0.03267459,-0.03267458,-7.4505806e-06,0.004339347,0.05647893
7.733333333333333,-0.03267459,-0.03267458,-7.4505806e-06,0.0043407516,0.056484293
7.766666666666667,-0.03267459,-0.03267458,-7.4505806e-06,0.0043419,0.056350775
7.8,-0.03267459,-0.03267458,-7.4505806e-06,0.0043351427,0.05619464
7.833333333333333,-0.03267459,-0.03267458,-7.4505806e-06,0.0043265596,0.05592114
7.866666666666666,-0.03267459,-0.03267458,-7.4505806e-06,0.0043204166,0.055698495
7.9,-0.03267459,-0.03267458,-7.4505806e-06,0.004311965,0.055619534
7.933333333333334,-0.03267459,-0.03267458,-7.4505806e-06,0.0043172324,0.055488415
7.966666666666667,-0.03267459,-0.03267458,-7.4505806e-06,0.0043109353,0.05535173
8.0,-0.03267459,-0.03267458,-7.4505806e-06,0.0043086936,0.055176526
8.033333333333333,-0.03267459,-0.03267458,-7.4505806e-06,0.00430549,0.05516526
8.066666666666666,-0.03267459,-0.03267458,-7.4505806e-06,0.004304664,0.0550433
8.1,-0.03267459,-0.03267458,-7.4505806e-06,0.0043018647,0.05503375
8.133333333333333,-0.03267459,-0.03267458,-7.4505806e-06,0.0042990595,0.054882914
8.166666666666666,-0.03267459,-0.03267458,-7.4505806e-06,0.004288657,0.054774944
8.2,-0.03267459,-0.03267458,-7.4505806e-06,0.004281389,0.054390673
8.233333333333333,-0.03267459,-0.03267458,-7.4505806e-06,0.004269203,0.054256983
8.266666666666667,-0.03267459,-0.03267458,-7.4505806e-06,0.004259583,0.054145537
8.3,-0.03267459,-0.03267458,-7.4505806e-06,0.004257881,0.054143187
8.333333333333334,-0.03267459,-0.03267458,-7.4505806e-06,0.004251376,0.054159287
8.366666666666667,-0.03267459,-0.03267458,-7.4505806e-06,0.004248629,0.05409838
8.4,-0.03267459,-0.03267458,-7.4505806e-06,0.004243821,0.05407663
8.433333333333334,-0.03267459,-0.03267458,-7.4505806e-06,0.00424284,0.053897105
8.466666666666667,-0.03267459,-0.03267458,-7.4505806e-06,0.00424349,0.053752374
8.5,-0.03267459,-0.03267458,-7.4505806e-06,0.004246078,0.053687323
8.533333333333333,-0.03267459,-0.03267458,-7.4505806e-06,0.0042481613,0.053330667
8.566666666666666,-0.03267459,-0.03267458,-7.4505806e-06,0.0042444537,0.053131342
8.6,-0.03267459,-0.03267458,-7.4505806e-06,0.0042380234,0.053037193
8.633333333333333,-0.03267459,-0.03267458,-7.4505806e-06,0.004229345,0.0529504
8.666666666666666,-0.03267459,-0.03267458,-7.4505806e-06,0.004222988,0.05299998
8.7,-0.03267459,-0.03267458,-7.4505806e-06,0.00421459,0.05278581
8.733333333333333,-0.03267459,-0.03267458,-7.4505806e-06,0.0042038783,0.052750252
8.766666666666667,-0.03267459,-0.03267458,-7.4505806e-06,0.0042011277,0.052815106
8.8,-0.03267459,-0.03267458,-7.4505806e-06,0.0042018215,0.052716527
8.833333333333334,-0.03267459,-0.03267458,-7.4505806e-06,0.0042002727,0.05269254
8.866666666666667,-0.03267459,-0.03267458,-7.4505806e-06,0.004200389,0.052679885
8.9,-0.03267459,-0.03267458,-7.4505806e-06,0.0041988813,0.052559305
8.933333333333334,-0.03267459,-0.03267458,-7.4505806e-06,0.0041954936,0.052499034
8.966666666666667,-0.03267459,-0.03267458,-7.4505806e-06,0.004192908,0.05211405
9.0,-0.03267459,-0.03267458,-7.4505806e-06,0.004183757,0.05206124
9.033333333333333,-0.03267459,-0.03267458,-7.4505806e-06,0.0041772956,0.05176226
9.066666666666666,-0.03267459,-0.03267458,-7.4505806e-06,0.0041708606,0.05165207
9.1,-0.03267459,-0.03267458,-7.4505806e-06,0.0041643297,0.051626462
9.133333333333333,-0.03267459,-0.03267458,-7.4505806e-06,0.004154105,0.051508475
9.166666666666666,-0.03267459,-0.03267458,-7.4505806e-06,0.004152571,0.051526196
9.2,-0.03267459,-0.03267458,-7.4505806e-06,0.004148771,0.05150941
9.233333333333333,-0.03267459,-0.03267458,-7.4505806e-06,0.004141551,0.051473275
9.266666666666667,-0.03267459,-0.03267458,-7.4505806e-06,0.0041302363,0.051315866
9.3,-0.03267459,-0.03267458,-7.4505806e-06,0.0041225906,0.05130722
9.333333333333334,-0.03267459,-0.03267458,-7.4505806e-06,0.0041219783,0.05119163
9.366666666666667,-0.03267459,-0.03267458,-7.4505806e-06,0.004117324,0.051242586
9.4,-0.03267459,-0.03267458,-7.4505806e-06,0.0041097538,0.05110223
9.433333333333334,-0.03267459,-0.03267458,-7.4505806e-06,0.0041058017,0.050985157
9.466666666666667,-0.03267459,-0.03267458,-7.4505806e-06,0.0040949024,0.050822563
9.5,-0.03267459,-0.03267458,-7.4505806e-06,0.004087051,0.050741285
9.533333333333333,-0.03267459,-0.03267458,-7.4505806e-06,0.004081207,0.050714877
9.566666666666666,-0.03267459,-0.03267458,-7.4505806e-06,0.0040759034,0.050684296
9.6,-0.03267459,-0.03267458,-7.4505806e-06,0.0040745437,0.050680224
9.633333333333333,-0.03267459,-0.03267458,-7.4505806e-06,0.00406768,0.050532296
9.666666666666666,-0.03267459,-0.03267458,-7.4505806e-06,0.0040611024,0.050426748
9.7,-0.03267459,-0.03267458,-7.4505806e-06,0.0040563196,0.050386652
9.733333333333333,-0.03267459,-0.03267458,-7.4505806e-06,0.0040578754,0.04999249
9.766666666666667,-0.03267459,-0.03267458,-7.4505806e-06,0.0040528267,0.049786225
9.8,-0.03267459,-0.03267458,-7.4505806e-06,0.0040511433,0.04966953
9.833333333333334,-0.03267459,-0.03267458,-7.4505806e-06,0.0040520453,0.04963909
9.866666666666667,-0.03267459,-0.03267458,-7.4505806e-06,0.00404684,0.049641546
9.9,-0.03267459,-0.03267458,-7.4505806e-06,0.0040426026,0.04964176
9.933333333333334,-0.03267459,-0.03267458,-7.4505806e-06,0.004038885,0.04957428
9.966666666666667,-0.03267459,-0.03267458,-7.4505806e-06,0.004042422,0.049634404
10.0,-0.03267459,0.0073254183,-40.000008,0.0040413775,0.05009362
10.033333333333333,-0.03267459,0.0073254183,-40.000008,0.0040252246,0.051292486
10.066666666666666,-0.03267459,0.0073254183,-40.000008,0.0039919335,0.052908435
10.1,-0.03267459,0.0073254183,-40.000008,0.003928767,0.05449152
10.133333333333333,-0.03267459,0.0073254183,-40.000008,0.0038258675,0.05539963
10.166666666666666,-0.03267459,0.0073254183,-40.000008,0.0036824243,0.055367224
10.2,-0.032674555,0.0073254183,-39.999973,0.003528199,0.054858584
10.233333333333333,-0.032441042,0.0073254183,-39.76646,0.003394374,0.05549313
10.266666666666667,-0.031470817,0.0073254183,-38.796234,0.0032819656,0.062281962
10.3,-0.02949128,0.0073254183,-36.816696,0.0031907223,0.07836316
10.333333333333334,-0.026203657,0.0073254183,-33.52907,0.0031057603,0.10347967
10.366666666666667,-0.021852145,0.0073254183,-29.177563,0.0031340895,0.110456854
10.4,-0.012695503,0.0073254183,-20.020922,0.0028241498,0.1090049
10.433333333333334,-0.007433905,0.0073254183,-14.759322,0.0022497934,0.10348945
10.466666666666667,-0.0027706593,0.0073254183,-10.096078,0.0015468288,0.09738078
10.5,0.001404029,0.0073254183,-5.9213896,0.00092105055,0.0921515
10.533333333333333,0.0051351483,0.0073254183,-2.19027,0.00078189396,0.08712488
10.566666666666666,0.008259576,0.0073254183,0.9341575,0.0012336675,0.082712136
10.6,0.009717351,0.0073254183,2.3919325,0.0014197624,0.07728328
10.633333333333333,0.009469078,0.0073254183,2.1436596,0.001165293,0.060125932
10.666666666666666,0.009272473,0.0073254183,1.9470546,0.0009648867,0.03538371
10.7,0.009294689,0.0073254183,1.9692705,0.0010255828,0.032965474
10.733333333333333,0.009293014,0.0073254183,1.9675959,0.0010905445,0.03137401
10.766666666666667,0.009231578,0.0073254183,1.9061593,0.0010983755,0.030774405
10.8,0.009191477,0.0073254183,1.8660585,0.0010715621,0.030498527
10.833333333333334,0.009143988,0.0073254183,1.8185694,0.0010422803,0.03047771
10.866666666666667,0.009146554,0.0073254183,1.8211361,0.0010196408,0.030429605
10.9,0.009126051,0.0073254183,1.8006331,0.0010030812,0.030368494
10.933333333333334,0.0090985475,0.0073254183,1.7731292,0.0009914596,0.030465959
10.966666666666667,0.009076469,0.0073254183,1.7510504,0.0009812617,0.030455073
11.0,0.009050848,0.0073254183,1.7254297,0.0009743332,0.03027581
11.033333333333333,0.008988608,0.0073254183,1.6631894,0.00096172246,0.030225404
11.066666666666666,0.008918078,0.0073254183,1.5926594,0.0009484364,0.030190567
11.1,0.0088516455,0.0073254183,1.5262272,0.00093470665,0.0301535
11.133333333333333,0.008778191,0.0073254183,1.4527729,0.00092292187,0.030248648
11.166666666666666,0.008697164,0.0073254183,1.371746,0.0009094762,0.030451525
11.2,0.008612352,0.0073254183,1.2869341,0.0008959243,0.030750748
11.233333333333333,0.008525236,0.0073254183,1.1998173,0.0008813246,0.031034958
11.266666666666667,0.008434959,0.0073254183,1.1095405,0.0008699516,0.031417485
11.3,0.00835168,0.0073254183,1.0262616,0.0008604465,0.031699117
11.333333333333334,0.008262063,0.0073254183,0.9366451,0.00085607124,0.031993806
11.366666666666667,0.008170083,0.0073254183,0.8446649,0.0008465257,0.032335993
11.4,0.008085796,0.0073254183,0.7603774,0.0008406507,0.03242641
11.433333333333334,0.007987094,0.0073254183,0.6616758,0.00082692195,0.03257545
11.466666666666667,0.007905513,0.0073254183,0.58009475,0.000821382,0.032554537
11.5,0.007798151,0.0073254183,0.4727328,0.0008106409,0.03274248
11.533333333333333,0.0077055288,0.0073254183,0.38011047,0.000803202,0.032764852
11.566666666666666,0.0076117683,0.0073254183,0.28635,0.00079624186,0.032842
11.6,0.0075124484,0.0073254183,0.18703006,0.000792942,0.032856196
11.633333333333333,0.0074187694,0.0073254183,0.09335112,0.0007912543,0.03292098
11.666666666666666,0.0073273494,0.0073254183,0.0019310974,0.0007937773,0.032953873
11.7,0.0072293207,0.0073254183,-0.09609759,0.0007941161,0.03303961
11.733333333333333,0.0071360394,0.0073254183,-0.18937886,0.00079534756,0.033114087
11.766666666666667,0.0070476755,0.0073254183,-0.27774274,0.0007972575,0.03313816
11.8,0.006958427,0.0073254183,-0.3669914,0.00079865276,0.03323992
11.833333333333334,0.006869927,0.0073254183,-0.45549124,0.00080228434,0.033276677
11.866666666666667,0.0067864573,0.0073254183,-0.53896105,0.0008065621,0.03328182
11.9,0.0067056944,0.0073254183,-0.6197239,0.0008126917,0.03330579
11.933333333333334,0.006634691,0.0073254183,-0.6907275,0.0008208776,0.033333354
11.966666666666667,0.0065599964,0.0073254183,-0.76542187,0.0008289524,0.03341925
12.0,0.0064901696,0.0073254183,-0.8352487,0.00083839847,0.03347737
12.033333333333333,0.00642559,0.0073254183,-0.8998285,0.00084701274,0.03351812
12.066666666666666,0.0063636363,0.0073254183,-0.9617819,0.0008549575,0.033558033
12.1,0.006304225,0.0073254183,-1.0211934,0.00086343806,0.03355741
12.133333333333333,0.006252109,0.0073254183,-1.0733092,0.00087090436,0.033526815
12.166666666666666,0.006206925,0.0073254183,-1.1184933,0.00087749615,0.033561483
12.2,0.006157047,0.0073254183,-1.1683712,0.00088313,0.033552423
12.233333333333333,0.006109988,0.0073254183,-1.2154305,0.00088779675,0.03353477
12.266666666666667,0.0060664117,0.0073254183,-1.2590065,0.0008911929,0.033530712
12.3,0.006029884,0.0073254183,-1.2955344,0.0008946087,0.033529192
12.333333333333334,0.0059968787,0.0073254183,-1.3285396,0.00089794234,0.033505935
12.366666666666667,0.005954941,0.0073254183,-1.3704774,0.0009009958,0.03348082
12.4,0.005932381,0.0073254183,-1.3930374,0.00090451026,0.033406533
12.433333333333334,0.0059037055,0.0073254183,-1.4217128,0.000908606,0.033406857
12.466666666666667,0.0058782836,0.0073254183,-1.4471346,0.00091216527,0.03338489
12.5,0.005858875,0.0073254183,-1.4665434,0.00091506075,0.033390075
12.533333333333333,0.0058451267,0.0073254183,-1.4802916,0.00091856177,0.033320837
12.566666666666666,0.005823731,0.0073254183,-1.5016873,0.00092029566,0.033371877
12.6,0.005810962,0.0073254183,-1.5144563,0.0009231267,0.033334102
12.633333333333333,0.0057950616,0.0073254183,-1.5303566,0.0009261656,0.033334296
12.666666666666666,0.005794944,0.0073254183,-1.5304745,0.00093071774,0.03324325
12.7,0.0058018994,0.0073254183,-1.5235189,0.00093465747,0.033214398
12.733333333333333,0.0058066957,0.0073254183,-1.5187227,0.0009388112,0.033093773
12.766666666666667,0.005813394,0.0073254183,-1.512024,0.0009431522,0.03303192
12.8,0.0058188937,0.0073254183,-1.5065247,0.00094664865,0.032940216
12.833333333333334,0.0058239587,0.0073254183,-1.5014596,0.0009496328,0.03289313
12.866666666666667,0.0058288705,0.0073254183,-1.4965478,0.0009519462,0.032807507
12.9,0.005836075,0.0073254183,-1.4893432,0.00095610495,0.03279635
12.933333333333334,0.005842037,0.0073254183,-1.4833813,0.0009596791,0.03269147
12.966666666666667,0.005800413,0.0073254183,-1.5250053,0.0009587458,0.032822575
13.0,0.0057496885,0.0073254183,-1.5757298,0.0009562304,0.03285305
13.033333333333333,0.005725099,0.0073254183,-1.6003195,0.00095421745,0.03292348
13.066666666666666,0.0057130335,0.0073254183,-1.6123848,0.0009552039,0.032883223
13.1,0.0056992946,0.0073254183,-1.6261237,0.0009569162,0.032888386
13.133333333333333,0.0057078614,0.0073254183,-1.6175569,0.0009608329,0.032765776
13.166666666666666,0.0057207453,0.0073254183,-1.604673,0.0009648242,0.03274974
13.2,0.0057246815,0.0073254183,-1.6007367,0.00096764107,0.032605305
13.233333333333333,0.0057315426,0.0073254183,-1.5938756,0.00096937025,0.032619648
13.266666666666667,0.0057411646,0.0073254183,-1.5842538,0.0009717458,0.03260161
13.3,0.005747369,0.0073254183,-1.5780493,0.00097318593,0.032572422
13.333333333333334,0.005757476,0.0073254183,-1.5679421,0.00097507,0.032523762
13.366666666666667,0.005764688,0.0073254183,-1.5607303,0.0009769129,0.032448802
13.4,0.0057712393,0.0073254183,-1.554179,0.0009783286,0.032401137
13.433333333333334,0.0057794503,0.0073254183,-1.545968,0.0009801147,0.032301605
13.466666666666667,0.0057854443,0.0073254183,-1.539974,0.0009822416,0.03223824
13.5,0.0057920064,0.0073254183,-1.5334119,0.000984536,0.03215093
13.533333333333333,0.0057974705,0.0073254183,-1.5279478,0.0009864788,0.032054596
13.566666666666666,0.0058017527,0.0073254183,-1.5236657,0.0009884189,0.031990692
13.6,0.0058062007,0.0073254183,-1.5192176,0.0009901607,0.03193845
13.633333333333333,0.0057471073,0.0073254183,-1.578311,0.0009856615,0.032099795
13.666666666666666,0.00570135,0.0073254183,-1.6240683,0.0009810401,0.032105837
13.7,0.0056828917,0.0073254183,-1.6425266,0.0009779279,0.032154676
13.733333333333333,0.0056771385,0.0073254183,-1.6482798,0.0009758603,0.03216142
13.766666666666667,0.0056639896,0.0073254183,-1.6614287,0.00097483216,0.03216672
13.8,0.0056777713,0.0073254183,-1.647647,0.0009753259,0.032129973
13.833333333333334,0.0056875786,0.0073254183,-1.6378397,0.0009757151,0.032026622
13.866666666666667,0.005691684,0.0073254183,-1.6337345,0.0009765872,0.031990632
13.9,0.0056995233,0.0073254183,-1.625895,0.0009771853,0.03196131
13.933333333333334,0.0057088556,0.0073254183,-1.6165627,0.0009786465,0.0318942
13.966666666666667,0.00571806,0.0073254183,-1.6073585,0.0009801863,0.031863306
14.0,0.0057285856,0.0073254183,-1.5968326,0.0009824443,0.031808212
14.033333333333333,0.005738748,0.0073254183,-1.5866705,0.0009843266,0.031782568
14.066666666666666,0.005745647,0.0073254183,-1.5797713,0.0009865249,0.03168437
14.1,0.0057550874,0.0073254183,-1.570331,0.00098785,0.03165448
14.133333333333333,0.0057637123,0.0073254183,-1.561706,0.0009886089,0.031622257
14.166666666666666,0.0057735397,0.0073254183,-1.5518787,0.0009896187,0.031559344
14.2,0.0057813236,0.0073254183,-1.5440947,0.0009901794,0.031483024
14.233333333333333,0.0057885107,0.0073254183,-1.5369077,0.0009906997,0.031448003
14.266666666666667,0.0057970406,0.0073254183,-1.5283777,0.0009906352,0.031379182
14.3,0.0058040195,0.0073254183,-1.5213988,0.000991239,0.031317953
14.333333333333334,0.00580961,0.0073254183,-1.5158085,0.0009906758,0.031289615
14.366666666666667,0.0058171637,0.0073254183,-1.5082545,0.0009905868,0.031238599
14.4,0.005823684,0.0073254183,-1.5017344,0.0009902186,0.031191766
14.433333333333334,0.0058296015,0.0073254183,-1.4958167,0.0009897079,0.031168072
14.466666666666667,0.005836464,0.0073254183,-1.4889543,0.0009896313,0.031147966
14.5,0.005842971,0.0073254183,-1.4824471,0.0009896999,0.03112305
14.533333333333333,0.0058488073,0.0073254183,-1.476611,0.0009908476,0.031075025
14.566666666666666,0.005855374,0.0073254183,-1.4700443,0.0009918172,0.031075204
14.6,0.0058613126,0.0073254183,-1.4641057,0.0009934404,0.030997159
14.633333333333333,0.0058653676,0.0073254183,-1.4600507,0.000995153,0.03098477
14.666666666666666,0.005873633,0.0073254183,-1.4517852,0.0009967283,0.030920684
14.7,0.0058793426,0.0073254183,-1.4460757,0.0009985195,0.030871334
14.733333333333333,0.0058862786,0.0073254183,-1.4391397,0.0009999678,0.030891651
14.766666666666667,0.00589012,0.0073254183,-1.4352984,0.0010006516,0.030867651
14.8,0.005896026,0.0073254183,-1.4293925,0.0010019023,0.030803144
14.833333333333334,0.0059027686,0.0073254183,-1.4226497,0.0010018657,0.030789698
14.866666666666667,0.005905785,0.0073254183,-1.4196332,0.0010025309,0.030695673
14.9,0.005909891,0.0073254183,-1.4155275,0.0010029775,0.030680584
14.933333333333334,0.0059136655,0.0073254183,-1.4117528,0.001003744,0.03061874
14.966666666666667,0.0059196935,0.0073254183,-1.4057248,0.0010047191,0.030633396
15.0,0.005101236,-0.03267458,37.775818,0.0009557467,0.031801667
15.033333333333333,0.0030735643,-0.03267458,35.748146,0.000882745,0.034055013
15.066666666666666,-0.00018241754,-0.03267458,32.492165,0.0009407578,0.036786187
15.1,-0.004287517,-0.03267458,28.387064,0.0013732075,0.03904207
15.133333333333333,-0.008809206,-0.03267458,23.865376,0.0019477702,0.041278556
15.166666666666666,-0.013349466,-0.03267458,19.325115,0.0024640784,0.04471462
15.2,-0.01765755,-0.03267458,15.017031,0.0028239565,0.048198093
15.233333333333333,-0.021724425,-0.03267458,10.950155,0.003009307,0.05013209
15.266666666666667,-0.02554422,-0.03267458,7.13036,0.003021259,0.050633583
15.3,-0.029114624,-0.03267458,3.5599563,0.002870079,0.04993266
15.333333333333334,-0.032477655,-0.03267458,0.1969263,0.0026384704,0.04412368
15.366666666666667,-0.03267459,-0.03267458,-7.4505806e-06,0.0026854011,0.043037485
15.4,-0.03267459,-0.03267458,-7.4505806e-06,0.0027917756,0.0424496
15.433333333333334,-0.03267459,-0.03267458,-7.4505806e-06,0.002908088,0.04116294
15.466666666666667,-0.03267459,-0.03267458,-7.4505806e-06,0.003047606,0.040321164
15.5,-0.03267459,-0.03267458,-7.4505806e-06,0.00318466,0.040437024
15.533333333333333,-0.03267459,-0.03267458,-7.4505806e-06,0.0032827742,0.041939314
15.566666666666666,-0.03267459,-0.03267458,-7.4505806e-06,0.0033482385,0.044378888
15.6,-0.03267459,-0.03267458,-7.4505806e-06,0.0033935062,0.047572568
15.633333333333333,-0.03267459,-0.03267458,-7.4505806e-06,0.0034589241,0.05052684
15.666666666666666,-0.03267459,-0.03267458,-7.4505806e-06,0.0035192056,0.05299511
15.7,-0.03267459,-0.03267458,-7.4505806e-06,0.0035818014,0.054187894
15.733333333333333,-0.03267459,-0.03267458,-7.4505806e-06,0.003638725,0.054930106
15.766666666666667,-0.03267459,-0.03267458,-7.4505806e-06,0.0036945082,0.055327345
15.8,-0.03267459,-0.03267458,-7.4505806e-06,0.003757954,0.05588841
15.833333333333334,-0.03267459,-0.03267458,-7.4505806e-06,0.0038130735,0.056374546
15.866666666666667,-0.03267459,-0.03267458,-7.4505806e-06,0.0038525206,0.057101455
15.9,-0.03267459,-0.03267458,-7.4505806e-06,0.0038749152,0.057593305
15.933333333333334,-0.03267459,-0.03267458,-7.4505806e-06,0.0038805327,0.05815443
15.966666666666667,-0.03267459,-0.03267458,-7.4505806e-06,0.0038777455,0.0584945
16.0,-0.03267459,-0.03267458,-7.4505806e-06,0.003885785,0.058564477
16.033333333333335,-0.03267459,-0.03267458,-7.4505806e-06,0.003912912,0.058511365
16.066666666666666,-0.03267459,-0.03267458,-7.4505806e-06,0.0039553433,0.05839108
16.1,-0.03267459,-0.03267458,-7.4505806e-06,0.0040077455,0.058056634
16.133333333333333,-0.03267459,-0.03267458,-7.4505806e-06,0.0040621283,0.057807796
16.166666666666668,-0.03267459,-0.03267458,-7.4505806e-06,0.004111461,0.057620004
16.2,-0.03267459,-0.03267458,-7.4505806e-06,0.00414255,0.057530068
16.233333333333334,-0.03267459,-0.03267458,-7.4505806e-06,0.0041509066,0.05737987
16.266666666666666,-0.03267459,-0.03267458,-7.4505806e-06,0.0041427733,0.05737309
16.3,-0.03267459,-0.03267458,-7.4505806e-06,0.004117571,0.05732904
16.333333333333332,-0.03267459,-0.03267458,-7.4505806e-06,0.004080001,0.057310138
16.366666666666667,-0.03267459,-0.03267458,-7.4505806e-06,0.0040390156,0.057251442
16.4,-0.03267459,-0.03267458,-7.4505806e-06,0.003995682,0.05678408
16.433333333333334,-0.03267459,-0.03267458,-7.4505806e-06,0.0039584376,0.056164786
16.466666666666665,-0.03267459,-0.03267458,-7.4505806e-06,0.003929759,0.05545741
16.5,-0.03267459,-0.03267458,-7.4505806e-06,0.0039106864,0.05478498
16.533333333333335,-0.03267459,-0.03267458,-7.4505806e-06,0.003897623,0.05422293
16.566666666666666,-0.03267459,-0.03267458,-7.4505806e-06,0.0038965773,0.0535826
16.6,-0.03267459,-0.03267458,-7.4505806e-06,0.0039051177,0.053135935
16.633333333333333,-0.03267459,-0.03267458,-7.4505806e-06,0.003908984,0.0526725
16.666666666666668,-0.03267459,-0.03267458,-7.4505806e-06,0.003900178,0.05234254
16.7,-0.03267459,-0.03267458,-7.4505806e-06,0.0038757715,0.05208765
16.733333333333334,-0.03267459,-0.03267458,-7.4505806e-06,0.0038471648,0.051858824
16.766666666666666,-0.03267459,-0.03267458,-7.4505806e-06,0.003818538,0.051909804
16.8,-0.03267459,-0.03267458,-7.4505806e-06,0.003798764,0.051629156
16.833333333333332,-0.03267459,-0.03267458,-7.4505806e-06,0.0037874072,0.051462483
16.866666666666667,-0.03267459,-0.03267458,-7.4505806e-06,0.0037814416,0.051441234
16.9,-0.03267459,-0.03267458,-7.4505806e-06,0.003778987,0.051539794
16.933333333333334,-0.03267459,-0.03267458,-7.4505806e-06,0.0037850798,0.05167476
16.966666666666665,-0.03267459,-0.03267458,-7.4505806e-06,0.003791805,0.051806252
17.0,-0.03267459,-0.03267458,-7.4505806e-06,0.0037986916,0.05199021
17.033333333333335,-0.03267459,-0.03267458,-7.4505806e-06,0.0037975134,0.052162744
17.066666666666666,-0.03267459,-0.03267458,-7.4505806e-06,0.0037978382,0.052392825
17.1,-0.03267459,-0.03267458,-7.4505806e-06,0.003799622,0.05261059
17.133333333333333,-0.03267459,-0.03267458,-7.4505806e-06,0.0037999449,0.05258504
17.166666666666668,-0.03267459,-0.03267458,-7.4505806e-06,0.0037999332,0.052622728
17.2,-0.03267459,-0.03267458,-7.4505806e-06,0.0037949656,0.05252366
17.233333333333334,-0.03267459,-0.03267458,-7.4505806e-06,0.0037906715,0.052380014
17.266666666666666,-0.03267459,-0.03267458,-7.4505806e-06,0.0037838027,0.05210412
17.3,-0.03267459,-0.03267458,-7.4505806e-06,0.0037736448,0.051985268
17.333333333333332,-0.03267459,-0.03267458,-7.4505806e-06,0.003761894,0.05189755
17.366666666666667,-0.03267459,-0.03267458,-7.4505806e-06,0.0037499948,0.051742192
17.4,-0.03267459,-0.03267458,-7.4505806e-06,0.0037415272,0.0515175
17.433333333333334,-0.03267459,-0.03267458,-7.4505806e-06,0.0037299264,0.05155571
17.466666666666665,-0.03267459,-0.03267458,-7.4505806e-06,0.0037206423,0.051303
17.5,-0.03267459,-0.03267458,-7.4505806e-06,0.0037117812,0.05118215
17.533333333333335,-0.03267459,-0.03267458,-7.4505806e-06,0.003700815,0.05116343
17.566666666666666,-0.03267459,-0.03267458,-7.4505806e-06,0.0036897012,0.050948765
17.6,-0.03267459,-0.03267458,-7.4505806e-06,0.0036792671,0.0507826
17.633333333333333,-0.03267459,-0.03267458,-7.4505806e-06,0.003666014,0.050724406
17.666666666666668,-0.03267459,-0.03267458,-7.4505806e-06,0.0036541754,0.05066253
17.7,-0.03267459,-0.03267458,-7.4505806e-06,0.003645679,0.050674915
17.733333333333334,-0.03267459,-0.03267458,-7.4505806e-06,0.0036400424,0.05067116
17.766666666666666,-0.03267459,-0.03267458,-7.4505806e-06,0.0036334842,0.050851237
17.8,-0.03267459,-0.03267458,-7.4505806e-06,0.0036277336,0.050711647
17.833333333333332,-0.03267459,-0.03267458,-7.4505806e-06,0.0036210148,0.050679572
17.866666666666667,-0.03267459,-0.03267458,-7.4505806e-06,0.0036182213,0.050737977
17.9,-0.03267459,-0.03267458,-7.4505806e-06,0.0036121777,0.050737396
17.933333333333334,-0.03267459,-0.03267458,-7.4505806e-06,0.0036076955,0.05089038
17.966666666666665,-0.03267459,-0.03267458,-7.4505806e-06,0.0036013378,0.050679304
18.0,-0.03267459,-0.03267458,-7.4505806e-06,0.0035990174,0.050658267
18.033333333333335,-0.03267459,-0.03267458,-7.4505806e-06,0.0035934094,0.050721906
18.066666666666666,-0.03267459,-0.03267458,-7.4505806e-06,0.0035867873,0.050805848
18.1,-0.03267459,-0.03267458,-7.4505806e-06,0.0035869447,0.050877213
18.133333333333333,-0.03267459,-0.03267458,-7.4505806e-06,0.0035866273,0.0509706
18.166666666666668,-0.03267459,-0.03267458,-7.4505806e-06,0.0035890273,0.051012147
18.2,-0.03267459,-0.03267458,-7.4505806e-06,0.0035892848,0.0509222
18.233333333333334,-0.03267459,-0.03267458,-7.4505806e-06,0.0035916222,0.050883085
18.266666666666666,-0.03267459,-0.03267458,-7.4505806e-06,0.0035888576,0.05098331
18.3,-0.03267459,-0.03267458,-7.4505806e-06,0.0035862604,0.051014137
18.333333333333332,-0.03267459,-0.03267458,-7.4505806e-06,0.0035832375,0.051002417
18.366666666666667,-0.03267459,-0.03267458,-7.4505806e-06,0.003580915,0.05092506
18.4,-0.03267459,-0.03267458,-7.4505806e-06,0.003578141,0.05097235
18.433333333333334,-0.03267459,-0.03267458,-7.4505806e-06,0.0035773292,0.050984174
18.466666666666665,-0.03267459,-0.03267458,-7.4505806e-06,0.0035778643,0.050973378
18.5,-0.03267459,-0.03267458,-7.4505806e-06,0.0035767402,0.051021542
18.533333333333335,-0.03267459,-0.03267458,-7.4505806e-06,0.0035765918,0.05099852
18.566666666666666,-0.03267459,-0.03267458,-7.4505806e-06,0.0035762459,0.051012564
18.6,-0.03267459,-0.03267458,-7.4505806e-06,0.003572389,0.05099932
18.633333333333333,-0.03267459,-0.03267458,-7.4505806e-06,0.003566128,0.050948225
18.666666666666668,-0.03267459,-0.03267458,-7.4505806e-06,0.0035598038,0.050925996
18.7,-0.03267459,-0.03267458,-7.4505806e-06,0.0035619945,0.050839096
18.733333333333334,-0.03267459,-0.03267458,-7.4505806e-06,0.0035623894,0.050794248
18.766666666666666,-0.03267459,-0.03267458,-7.4505806e-06,0.0035547072,0.050758597
18.8,-0.03267459,-0.03267458,-7.4505806e-06,0.0035552846,0.05074812
18.833333333333332,-0.03267459,-0.03267458,-7.4505806e-06,0.003553157,0.05068646
18.866666666666667,-0.03267459,-0.03267458,-7.4505806e-06,0.0035533856,0.05071654
18.9,-0.03267459,-0.03267458,-7.4505806e-06,0.0035480831,0.050669394
18.933333333333334,-0.03267459,-0.03267458,-7.4505806e-06,0.0035452785,0.050567362
18.966666666666665,-0.03267459,-0.03267458,-7.4505806e-06,0.0035481034,0.050540317
19.0,-0.03267459,-0.03267458,-7.4505806e-06,0.003546233,0.050584495
19.033333333333335,-0.03267459,-0.03267458,-7.4505806e-06,0.003546575,0.05057917
19.066666666666666,-0.03267459,-0.03267458,-7.4505806e-06,0.0035468366,0.05057981
19.1,-0.03267459,-0.03267458,-7.4505806e-06,0.00354487,0.05048838
19.133333333333333,-0.03267459,-0.03267458,-7.4505806e-06,0.0035325352,0.050567757
19.166666666666668,-0.03267459,-0.03267458,-7.4505806e-06,0.0035319205,0.050386675
19.2,-0.03267459,-0.03267458,-7.4505806e-06,0.0035336423,0.050299108
19.233333333333334,-0.03267459,-0.03267458,-7.4505806e-06,0.003534995,0.050319433
19.266666666666666,-0.03267459,-0.03267458,-7.4505806e-06,0.003533773,0.050339393
19.3,-0.03267459,-0.03267458,-7.4505806e-06,0.0035329375,0.050249968
19.333333333333332,-0.03267459,-0.03267458,-7.4505806e-06,0.0035308206,0.050216693
19.366666666666667,-0.03267459,-0.03267458,-7.4505806e-06,0.00352436,0.050216846
19.4,-0.03267459,-0.03267458,-7.4505806e-06,0.0035060083,0.049932912
19.433333333333334,-0.03267459,-0.03267458,-7.4505806e-06,0.003492836,0.049773403
19.466666666666665,-0.03267459,-0.03267458,-7.4505806e-06,0.003479021,0.04968736
19.5,-0.03267459,-0.03267458,-7.4505806e-06,0.0034801832,0.04961146
19.533333333333335,-0.03267459,-0.03267458,-7.4505806e-06,0.003484968,0.049648885
19.566666666666666,-0.03267459,-0.03267458,-7.4505806e-06,0.0034846365,0.04962886
19.6,-0.03267459,-0.03267458,-7.4505806e-06,0.0034872084,0.049663432
19.633333333333333,-0.03267459,-0.03267458,-7.4505806e-06,0.003489827,0.049572937
19.666666666666668,-0.03267459,-0.03267458,-7.4505806e-06,0.0034932424,0.049588695
19.7,-0.03267459,-0.03267458,-7.4505806e-06,0.003494761,0.049643874
19.733333333333334,-0.03267459,-0.03267458,-7.4505806e-06,0.0034955733,0.049615476
19.766666666666666,-0.03267459,-0.03267458,-7.4505806e-06,0.0034986648,0.049634054
19.8,-0.03267459,-0.03267458,-7.4505806e-06,0.0035001968,0.049602333
19.833333333333332,-0.03267459,-0.03267458,-7.4505806e-06,0.003503581,0.049623944
19.866666666666667,-0.03267459,-0.03267458,-7.4505806e-06,0.003505082,0.049589828
19.9,-0.03267459,-0.03267458,-7.4505806e-06,0.0035065787,0.049545478
19.933333333333334,-0.03267459,-0.03267458,-7.4505806e-06,0.003508154,0.04960066
19.966666666666665,-0.03267459,-0.03267458,-7.4505806e-06,0.0035093997,0.04960078
