geometry,split,source,attempted,static_valid,selected,policy_evaluated,backend
W110,dev-attempts,0,64,61,32,False,RTX4090 preparation
W110,dev-attempts,1,64,60,32,False,RTX4090 preparation
W110,dev-attempts,2,64,61,32,False,RTX4090 preparation
W110,dev-attempts,3,64,33,32,False,RTX4090 preparation
W110,train-attempts,0,512,495,256,False,RTX4090 preparation
W110,train-attempts,1,512,489,256,False,RTX4090 preparation
W110,train-attempts,2,512,487,256,False,RTX4090 preparation
W110,train-attempts,3,512,263,256,False,RTX4090 preparation
W115,final-attempts,0,128,124,64,False,RTX4090 preparation
W115,final-attempts,1,128,125,64,False,RTX4090 preparation
W115,final-attempts,2,128,123,64,False,RTX4090 preparation
W115,final-attempts,3,128,59,59,False,RTX4090 preparation
W115_T110,final-attempts,0,128,117,64,False,RTX4090 preparation
W115_T110,final-attempts,1,128,121,64,False,RTX4090 preparation
W115_T110,final-attempts,2,128,114,64,False,RTX4090 preparation
W115_T110,final-attempts,3,128,54,54,False,RTX4090 preparation
W120,dev-attempts,0,64,62,32,False,RTX4090 preparation
W120,dev-attempts,1,64,59,32,False,RTX4090 preparation
W120,dev-attempts,2,64,61,32,False,RTX4090 preparation
W120,dev-attempts,3,64,33,32,False,RTX4090 preparation
W120,train-attempts,0,512,494,256,False,RTX4090 preparation
W120,train-attempts,1,512,488,256,False,RTX4090 preparation
W120,train-attempts,2,512,487,256,False,RTX4090 preparation
W120,train-attempts,3,512,261,256,False,RTX4090 preparation
baseline,dev-attempts,0,64,63,32,False,RTX4090 preparation
baseline,dev-attempts,1,64,60,32,False,RTX4090 preparation
baseline,dev-attempts,2,64,61,32,False,RTX4090 preparation
baseline,dev-attempts,3,64,60,32,False,RTX4090 preparation
baseline,train-attempts,0,512,498,256,False,RTX4090 preparation
baseline,train-attempts,1,512,490,256,False,RTX4090 preparation
baseline,train-attempts,2,512,487,256,False,RTX4090 preparation
baseline,train-attempts,3,512,488,256,False,RTX4090 preparation
