model,protocol,source,phase,sampled_times,n_initial_states,latent_mse,raw_mean_mse,clipped_action_mse,target_mse_rad2
SA-real-35200,S2,0,close,15,32,0.019652956041196983,0.0001780406520992983,0.0001614533760099827,1.6191609901738958e-07
SA-real-35200,S2,0,open,15,32,0.027882714569568635,0.0009131059118468936,0.0009050571665284224,7.193881079577598e-07
SA-real-35200,S2,1,close,15,32,0.02095811888575554,0.00011881036346797677,0.00011839185159866853,1.0033835238232313e-07
SA-real-35200,S2,1,open,15,32,0.02664026462783416,0.0004971438883027683,0.0004869361864014839,4.1744774440151865e-07
SA-real-35200,S2,2,close,15,32,0.025427028040091195,7.884903243393637e-05,7.884903243393637e-05,7.146085584016267e-08
SA-real-35200,S2,2,open,15,32,0.028234177517394224,0.00017257091434051594,0.00017234231442368278,1.561468034575834e-07
SA-real-35200,S2,3,close,15,32,0.06576806909094254,0.0055606707814149555,0.005216518862289377,5.407196854889662e-06
SA-real-35200,S2,3,open,15,32,0.07035708539187908,0.008381002749471615,0.007325104414485395,6.1870929130236615e-06
SA-real-35200,S5,0,close,14,32,0.03195757631744657,0.00014350944807769598,0.00014267381915747786,1.4831746345375256e-07
SA-real-35200,S5,0,open,16,32,0.01878021116135642,0.0005049425662946305,0.0004965378070664883,3.9903370385729886e-07
SA-real-35200,S5,1,close,14,32,0.02207099599763751,7.129839364746918e-05,7.101242928391522e-05,6.842967640149514e-08
SA-real-35200,S5,1,open,16,32,0.022784459113609046,0.0005299850299707032,0.0005204862218306516,4.2963072344193165e-07
SA-real-35200,S5,2,close,14,32,0.038715797875608714,7.784155682851892e-05,7.777738392178435e-05,7.825041478274183e-08
SA-real-35200,S5,2,open,16,32,0.01183219876838848,0.00012274257414901513,0.0001226245744874177,9.926797028825263e-08
SA-real-35200,S5,3,close,14,32,0.34548421257308554,0.009022116394979613,0.008485972681748015,6.450106021865005e-06
SA-real-35200,S5,3,open,16,32,0.12332897304440849,0.0030527501403412316,0.0028326650826784316,2.145097896644188e-06
SA-real-38400,S2,0,close,15,32,0.02298376758893331,0.000275682255354089,0.00025973601829415807,2.4183047410512395e-07
SA-real-38400,S2,0,open,15,32,0.04345645693441232,0.0013618746141825491,0.0013531863296520896,1.0623292875303983e-06
SA-real-38400,S2,1,close,15,32,0.04862460947285096,0.0005926494062199102,0.0005907442989458408,4.6402501681086504e-07
SA-real-38400,S2,1,open,15,32,0.06535273864865303,0.0017059542597659553,0.0016906223652767948,1.471116500321538e-06
SA-real-38400,S2,2,close,15,32,0.05393781860669454,0.00035856940327600264,0.00035856940327600264,2.790080678494178e-07
SA-real-38400,S2,2,open,15,32,0.04466243659456571,0.0005511678333277814,0.0005503155354138774,4.5589878349498274e-07
SA-real-38400,S2,3,close,15,32,0.06660556805630526,0.0053895511121178664,0.004892142846559485,4.9112497511790325e-06
SA-real-38400,S2,3,open,15,32,0.03500191997736692,0.0029949548460232716,0.002775335633972039,2.4133238942643703e-06
SA-real-38400,S5,0,close,14,32,0.03401179824556623,0.0001530849509176083,0.0001526670670760463,1.5881656979997517e-07
SA-real-38400,S5,0,open,16,32,0.029102270840667188,0.0010151665946978028,0.001003441089324042,7.878419960860583e-07
SA-real-38400,S5,1,close,14,32,0.02438623584540827,7.883181933721062e-05,7.846861522661388e-05,7.341738239574624e-08
SA-real-38400,S5,1,open,16,32,0.045645181089639664,0.0012237823739269515,0.0012164511836090242,1.0231440503716271e-06
SA-real-38400,S5,2,close,14,32,0.023804999089666774,4.9475746371691844e-05,4.938647868714595e-05,4.494659019574751e-08
SA-real-38400,S5,2,open,16,32,0.01968939823564142,0.0002825319111252611,0.0002822781311806466,2.1467193489499437e-07
SA-real-38400,S5,3,close,14,32,0.4182605682207005,0.007873148823689138,0.007341394516905504,5.109237601378222e-06
SA-real-38400,S5,3,open,16,32,0.13842413137899712,0.004028680396004347,0.0037874746085435618,2.6474269247955817e-06
SC-real-35200,S2,0,close,15,32,0.029521162683765093,0.00034273244212575565,0.00030988395374151876,3.0150318863775283e-07
SC-real-35200,S2,0,open,15,32,0.03533106471101443,0.0009675378115692486,0.0009573741748075312,7.787576767744516e-07
SC-real-35200,S2,1,close,15,32,0.03582830410450697,0.0002672624325593157,0.00026619407484152667,2.1799093303798144e-07
SC-real-35200,S2,1,open,15,32,0.02760185884932677,0.0006874820561885523,0.0006845851993906156,5.478918062351568e-07
SC-real-35200,S2,2,close,15,32,0.03485263499120871,0.00015464463310005765,0.00015464463310005765,1.380636938108637e-07
SC-real-35200,S2,2,open,15,32,0.03175004059448838,0.00015850612398935482,0.00015820970002096147,1.3973969667328371e-07
SC-real-35200,S2,3,close,15,32,0.18315029740333558,0.014504834171384573,0.01295602450457712,1.2413597446917872e-05
SC-real-35200,S2,3,open,15,32,0.09172787237912416,0.007672151837808391,0.006587977195158601,5.614087259194396e-06
SC-real-35200,S5,0,close,14,32,0.06265717265861374,0.00029081281406563776,0.00029039606540339136,2.9711640893635506e-07
SC-real-35200,S5,0,open,16,32,0.027689954731613398,0.001117904937473213,0.0011082885380346852,8.406152858242422e-07
SC-real-35200,S5,1,close,14,32,0.026457966904022863,8.902957285629652e-05,8.865858970758771e-05,8.307091306899597e-08
SC-real-35200,S5,1,open,16,32,0.03317416139179841,0.0009354692492706818,0.000933068314452612,7.235293890683892e-07
SC-real-35200,S5,2,close,14,32,0.045451750712735314,9.993946618383884e-05,9.986040510869185e-05,9.684893420569551e-08
SC-real-35200,S5,2,open,16,32,0.013905698870075867,0.00019299341010992066,0.0001928965039041941,1.505449880312426e-07
SC-real-35200,S5,3,close,14,32,0.43983896768518854,0.015029317603745897,0.013479876864169325,1.0582308976024382e-05
SC-real-35200,S5,3,open,16,32,0.1349976126512047,0.003754020830456284,0.0033589996073715156,2.5760085229364904e-06
SC-real-38400,S2,0,close,15,32,0.035463802392284076,0.00030472572010088094,0.00028604839705318835,2.7780286255089474e-07
SC-real-38400,S2,0,open,15,32,0.03953656330704689,0.0011545564358433089,0.0011324385452705125,9.227638381995955e-07
SC-real-38400,S2,1,close,15,32,0.056003469073524076,0.0007687791490752716,0.0007667139845580096,5.967181535263914e-07
SC-real-38400,S2,1,open,15,32,0.0840242974460125,0.0021488808447126455,0.002120064944998982,1.8223438800646363e-06
SC-real-38400,S2,2,close,15,32,0.03259029525021712,0.0002212803912698291,0.0002212803912698291,1.7275775405778403e-07
SC-real-38400,S2,2,open,15,32,0.03012908479819695,0.0004388344968901947,0.0004382614599307999,3.497512577628944e-07
SC-real-38400,S2,3,close,15,32,0.0539970068881909,0.004059065344821041,0.00375268137237678,3.831477355712802e-06
SC-real-38400,S2,3,open,15,32,0.02898728825772802,0.002420294509890179,0.002259261824656278,1.9822439772572884e-06
SC-real-38400,S5,0,close,14,32,0.0522288874323879,0.00023870632919299948,0.00023791972853359766,2.409738100490293e-07
SC-real-38400,S5,0,open,16,32,0.025733753747772425,0.0009296899079345167,0.0009087341877602739,7.12910207312234e-07
SC-real-38400,S5,1,close,14,32,0.028874204427536045,9.357540173888472e-05,9.322049118054565e-05,8.572151471193073e-08
SC-real-38400,S5,1,open,16,32,0.0759017962263897,0.0021046033348284254,0.002092904256642214,1.7135500902654144e-06
SC-real-38400,S5,2,close,14,32,0.019596238088394915,4.0913250164261884e-05,4.0840912853517306e-05,3.827517515629454e-08
SC-real-38400,S5,2,open,16,32,0.02019900787854567,0.0003296237036920502,0.0003294710513728205,2.4762010131240686e-07
SC-real-38400,S5,3,close,14,32,0.31283261014946867,0.00648952297134591,0.006004259248064565,3.907711792245598e-06
SC-real-38400,S5,3,open,16,32,0.12513880341430195,0.0029110654759278987,0.002711516328417929,1.8831562389465262e-06
