geometry,model,protocol,source,n,success,rate,wilson95,body_stable,body_rate,body_wilson95,stable_endpoint_failures,max_drift_m,max_rotation_rad,median_travel_fraction,median_first_arrival_s,success_and_full_stability,success_and_full_stability_rate,success_and_full_stability_wilson95,median_mean_abs_slider_error_m
L110,student,F,0,128,128,1.0,"[0.9708630437264931, 1.0]",121,0.9453125,"[0.8914150997002549, 0.9732597986186532]",0,0.02955373004078865,1.8446569442749023,1.0,1.8333333333333333,121,0.9453125,"[0.8914150997002549, 0.9732597986186532]",0.007470819167792797
L110,student,F,1,128,128,1.0,"[0.9708630437264931, 1.0]",77,0.6015625,"[0.5149824068759312, 0.6822241488810128]",0,0.007078490685671568,0.38801267743110657,1.0,1.8333333333333333,77,0.6015625,"[0.5149824068759312, 0.6822241488810128]",0.009548729751259089
L110,student,F,2,128,128,1.0,"[0.9708630437264931, 1.0]",123,0.9609375,"[0.911812979233165, 0.9832013892021959]",0,0.025864586234092712,1.815287470817566,1.0,2.066666666666667,123,0.9609375,"[0.911812979233165, 0.9832013892021959]",0.009344589430838823
L110,student,S2,0,128,120,0.9375,"[0.8815120889557433, 0.9679930743049383]",126,0.984375,"[0.9448190233201845, 0.9957045502898558]",6,0.007681815419346094,0.4173864722251892,1.0,0.7333333333333333,120,0.9375,"[0.8815120889557433, 0.9679930743049383]",0.006936937803402543
L110,student,S2,1,128,76,0.59375,"[0.5071398426419367, 0.6748969780567808]",100,0.78125,"[0.702015703045537, 0.8440947590506156]",24,0.006512611173093319,0.263074666261673,1.0,0.7,76,0.59375,"[0.5071398426419367, 0.6748969780567808]",0.00923031335696578
L110,student,S2,2,128,94,0.734375,"[0.6518470619103682, 0.8032449898364256]",128,1.0,"[0.9708630437264931, 1.0]",34,0.0048721469938755035,0.1797035187482834,1.0,1.0333333333333334,94,0.734375,"[0.6518470619103682, 0.8032449898364256]",0.009144252166152
L110,student,S5,0,128,72,0.5625,"[0.47598101173634433, 0.6453768687294674]",125,0.9765625,"[0.9333562549485696, 0.9919975836032443]",53,0.007800968363881111,0.3645034432411194,1.0,0.7333333333333333,72,0.5625,"[0.47598101173634433, 0.6453768687294674]",0.002885150141082704
L110,student,S5,1,128,16,0.125,"[0.07842644638761767, 0.19342627081751254]",114,0.890625,"[0.8247655486183249, 0.933721204292998]",98,0.006516486871987581,0.268731951713562,1.0,0.7,16,0.125,"[0.07842644638761767, 0.19342627081751254]",0.003966569667682052
L110,student,S5,2,128,20,0.15625,"[0.10348354800906778, 0.22904810942896825]",127,0.9921875,"[0.957073740561141, 0.9986195681071258]",107,0.022579459473490715,2.150092601776123,1.0,1.0333333333333334,20,0.15625,"[0.10348354800906778, 0.22904810942896825]",0.004091938026249409
L110,teacher,F,0,128,128,1.0,"[0.9708630437264931, 1.0]",127,0.9921875,"[0.957073740561141, 0.9986195681071258]",0,0.03051295503973961,1.6122643947601318,1.0,1.8333333333333333,127,0.9921875,"[0.957073740561141, 0.9986195681071258]",0.007490325719118118
L110,teacher,F,1,128,128,1.0,"[0.9708630437264931, 1.0]",124,0.96875,"[0.922402368738641, 0.9877817347549464]",0,0.007484701927751303,0.28790467977523804,1.0,1.8333333333333333,124,0.96875,"[0.922402368738641, 0.9877817347549464]",0.00917587336152792
L110,teacher,F,2,128,128,1.0,"[0.9708630437264931, 1.0]",65,0.5078125,"[0.4222472292547872, 0.5929225058034393]",0,0.047269102185964584,2.5315489768981934,1.0,2.066666666666667,65,0.5078125,"[0.4222472292547872, 0.5929225058034393]",0.00879784720018506
L110,teacher,S2,0,128,127,0.9921875,"[0.957073740561141, 0.9986195681071258]",127,0.9921875,"[0.957073740561141, 0.9986195681071258]",0,0.03772393986582756,2.222956657409668,1.0,0.8666666666666667,127,0.9921875,"[0.957073740561141, 0.9986195681071258]",0.006946688052266836
L110,teacher,S2,1,128,125,0.9765625,"[0.9333562549485696, 0.9919975836032443]",128,1.0,"[0.9708630437264931, 1.0]",3,0.006559899542480707,0.2443636655807495,1.0,0.7,125,0.9765625,"[0.9333562549485696, 0.9919975836032443]",0.009022673591971397
L110,teacher,S2,2,128,118,0.921875,"[0.8621530681952115, 0.9570126249490171]",127,0.9921875,"[0.957073740561141, 0.9986195681071258]",9,0.02422255277633667,1.6301110982894897,1.0,1.0333333333333334,118,0.921875,"[0.8621530681952115, 0.9570126249490171]",0.008820406161248684
L110,teacher,S5,0,128,127,0.9921875,"[0.957073740561141, 0.9986195681071258]",127,0.9921875,"[0.957073740561141, 0.9986195681071258]",0,0.036771249026060104,2.145808219909668,1.0,0.8666666666666667,127,0.9921875,"[0.957073740561141, 0.9986195681071258]",0.0025446934159845114
L110,teacher,S5,1,128,128,1.0,"[0.9708630437264931, 1.0]",128,1.0,"[0.9708630437264931, 1.0]",0,0.0063300784677267075,0.23542244732379913,1.0,0.7,128,1.0,"[0.9708630437264931, 1.0]",0.003308414830826223
L110,teacher,S5,2,128,127,0.9921875,"[0.957073740561141, 0.9986195681071258]",127,0.9921875,"[0.957073740561141, 0.9986195681071258]",0,0.010544060729444027,0.26458048820495605,1.0,1.0333333333333334,127,0.9921875,"[0.957073740561141, 0.9986195681071258]",0.0033584273187443614
L120,student,F,0,128,127,0.9921875,"[0.957073740561141, 0.9986195681071258]",121,0.9453125,"[0.8914150997002549, 0.9732597986186532]",0,0.03825661912560463,2.4011800289154053,1.0,1.8333333333333333,121,0.9453125,"[0.8914150997002549, 0.9732597986186532]",0.007506967056542635
L120,student,F,1,128,128,1.0,"[0.9708630437264931, 1.0]",78,0.609375,"[0.52284648182013, 0.6895298089950402]",0,0.007374810520559549,0.3682886064052582,1.0,1.8333333333333333,78,0.609375,"[0.52284648182013, 0.6895298089950402]",0.009632036555558443
L120,student,F,2,128,128,1.0,"[0.9708630437264931, 1.0]",121,0.9453125,"[0.8914150997002549, 0.9732597986186532]",0,0.04210376739501953,2.1099019050598145,1.0,2.066666666666667,121,0.9453125,"[0.8914150997002549, 0.9732597986186532]",0.00943228555843234
L120,student,S2,0,128,116,0.90625,"[0.8432700274269236, 0.9455561956008522]",126,0.984375,"[0.9448190233201845, 0.9957045502898558]",10,0.0330432765185833,2.4011800289154053,1.0,0.7333333333333333,116,0.90625,"[0.8432700274269236, 0.9455561956008522]",0.006931547308340669
L120,student,S2,1,128,73,0.5703125,"[0.4837393288504064, 0.6527882866736316]",107,0.8359375,"[0.762181923962932, 0.8901166835408055]",34,0.0065901088528335094,0.268087774515152,1.0,0.7,73,0.5703125,"[0.4837393288504064, 0.6527882866736316]",0.009261258877813816
L120,student,S2,2,128,88,0.6875,"[0.6027289441827989, 0.7613446972146362]",127,0.9921875,"[0.957073740561141, 0.9986195681071258]",39,0.029568884521722794,1.7454569339752197,1.0,1.0333333333333334,88,0.6875,"[0.6027289441827989, 0.7613446972146362]",0.009189548436552286
L120,student,S5,0,128,60,0.46875,"[0.38447476772704176, 0.5548462920400525]",123,0.9609375,"[0.911812979233165, 0.9832013892021959]",63,0.0330432765185833,2.4011800289154053,1.0,0.7333333333333333,60,0.46875,"[0.38447476772704176, 0.5548462920400525]",0.002948474488221109
L120,student,S5,1,128,11,0.0859375,"[0.04866313137138695, 0.14734091054261092]",111,0.8671875,"[0.7975798330550484, 0.9153977146815951]",100,0.006682731676846743,0.2732066214084625,1.0,0.7,11,0.0859375,"[0.04866313137138695, 0.14734091054261092]",0.004023426910862327
L120,student,S5,2,128,14,0.109375,"[0.06627879570700203, 0.1752344513816752]",128,1.0,"[0.9708630437264931, 1.0]",114,0.009217890910804272,0.23024116456508636,1.0,1.0333333333333334,14,0.109375,"[0.06627879570700203, 0.1752344513816752]",0.0041222909931093454
L120,teacher,F,0,128,128,1.0,"[0.9708630437264931, 1.0]",127,0.9921875,"[0.957073740561141, 0.9986195681071258]",0,0.034548304975032806,2.0715858936309814,1.0,1.8333333333333333,127,0.9921875,"[0.957073740561141, 0.9986195681071258]",0.007502366788685322
L120,teacher,F,1,128,128,1.0,"[0.9708630437264931, 1.0]",122,0.953125,"[0.9015024775490588, 0.9783421558280758]",0,0.007630045525729656,0.28276532888412476,1.0,1.8333333333333333,122,0.953125,"[0.9015024775490588, 0.9783421558280758]",0.009219008032232523
L120,teacher,F,2,128,128,1.0,"[0.9708630437264931, 1.0]",70,0.546875,"[0.4605263667221737, 0.630492043627185]",0,0.04247305169701576,2.455226421356201,1.0,2.066666666666667,70,0.546875,"[0.4605263667221737, 0.630492043627185]",0.008804649580270052
L120,teacher,S2,0,128,126,0.984375,"[0.9448190233201845, 0.9957045502898558]",127,0.9921875,"[0.957073740561141, 0.9986195681071258]",1,0.036413490772247314,2.427483558654785,1.0,0.8666666666666667,126,0.984375,"[0.9448190233201845, 0.9957045502898558]",0.006956965895369649
L120,teacher,S2,1,128,119,0.9296875,"[0.8717651965063957, 0.9625702316960594]",126,0.984375,"[0.9448190233201845, 0.9957045502898558]",7,0.0066662984900176525,0.2575165629386902,1.0,0.7,119,0.9296875,"[0.8717651965063957, 0.9625702316960594]",0.009061950724571943
L120,teacher,S2,2,128,119,0.9296875,"[0.8717651965063957, 0.9625702316960594]",128,1.0,"[0.9708630437264931, 1.0]",9,0.004939923528581858,0.18220654129981995,1.0,1.0666666666666667,119,0.9296875,"[0.8717651965063957, 0.9625702316960594]",0.00877434853464365
L120,teacher,S5,0,128,127,0.9921875,"[0.957073740561141, 0.9986195681071258]",128,1.0,"[0.9708630437264931, 1.0]",1,0.005975787062197924,0.21691253781318665,1.0,0.8666666666666667,127,0.9921875,"[0.957073740561141, 0.9986195681071258]",0.0025712461210787296
L120,teacher,S5,1,128,127,0.9921875,"[0.957073740561141, 0.9986195681071258]",127,0.9921875,"[0.957073740561141, 0.9986195681071258]",0,0.006588469259440899,0.2529893219470978,1.0,0.7,127,0.9921875,"[0.957073740561141, 0.9986195681071258]",0.0033326667034998536
L120,teacher,S5,2,128,128,1.0,"[0.9708630437264931, 1.0]",128,1.0,"[0.9708630437264931, 1.0]",0,0.005039918702095747,0.17526447772979736,1.0,1.0666666666666667,128,1.0,"[0.9708630437264931, 1.0]",0.0033605596981942654
L80,student,F,0,128,128,1.0,"[0.9708630437264931, 1.0]",114,0.890625,"[0.8247655486183249, 0.933721204292998]",0,0.04393374174833298,2.511173725128174,0.9809352457523346,1.8333333333333333,114,0.890625,"[0.8247655486183249, 0.933721204292998]",0.007925482001155615
L80,student,F,1,128,128,1.0,"[0.9708630437264931, 1.0]",103,0.8046875,"[0.7275592800992111, 0.8640603871716207]",0,0.007308413740247488,0.3792232871055603,1.0,1.8333333333333333,103,0.8046875,"[0.7275592800992111, 0.8640603871716207]",0.008909344207495451
L80,student,F,2,128,128,1.0,"[0.9708630437264931, 1.0]",118,0.921875,"[0.8621530681952115, 0.9570126249490171]",0,0.03581833839416504,2.324277400970459,0.9495733771473169,2.1,118,0.921875,"[0.8621530681952115, 0.9570126249490171]",0.009326848667114973
L80,student,S2,0,128,8,0.0625,"[0.03200692569506177, 0.11848791104425674]",122,0.953125,"[0.9015024775490588, 0.9783421558280758]",114,0.04269307851791382,2.2215731143951416,0.9862496051937342,1.0333333333333334,8,0.0625,"[0.03200692569506177, 0.11848791104425674]",0.007277654018253088
L80,student,S2,1,128,109,0.8515625,"[0.7797727087736918, 0.9028653688464988]",124,0.96875,"[0.922402368738641, 0.9877817347549464]",15,0.005483489483594894,0.2946739196777344,1.0,0.7333333333333333,109,0.8515625,"[0.7797727087736918, 0.9028653688464988]",0.008593706879764795
L80,student,S2,2,128,1,0.0078125,"[0.0013804318928742967, 0.04292625943885903]",128,1.0,"[0.9708630437264931, 1.0]",127,0.006020722445100546,0.2268107682466507,0.9506620466709137,2.8,1,0.0078125,"[0.0013804318928742967, 0.04292625943885903]",0.008756047114729881
L80,student,S5,0,128,78,0.609375,"[0.52284648182013, 0.6895298089950402]",123,0.9609375,"[0.911812979233165, 0.9832013892021959]",45,0.037095118314027786,2.315659761428833,0.9872728958725929,1.0333333333333334,78,0.609375,"[0.52284648182013, 0.6895298089950402]",0.0030277373734861612
L80,student,S5,1,128,88,0.6875,"[0.6027289441827989, 0.7613446972146362]",128,1.0,"[0.9708630437264931, 1.0]",40,0.00564470374956727,0.2397608458995819,1.0,0.7333333333333333,88,0.6875,"[0.6027289441827989, 0.7613446972146362]",0.003538192482665181
L80,student,S5,2,128,0,0.0,"[0.0, 0.02913695627350686]",127,0.9921875,"[0.957073740561141, 0.9986195681071258]",127,0.024603623896837234,1.7167505025863647,0.9490942116826773,5.766666666666667,0,0.0,"[0.0, 0.02913695627350686]",0.004400725942105055
L80,teacher,F,0,128,128,1.0,"[0.9708630437264931, 1.0]",126,0.984375,"[0.9448190233201845, 0.9957045502898558]",0,0.0302815493196249,2.2131848335266113,0.9798678103834391,1.8333333333333333,126,0.984375,"[0.9448190233201845, 0.9957045502898558]",0.0076321689411997795
L80,teacher,F,1,128,128,1.0,"[0.9708630437264931, 1.0]",111,0.8671875,"[0.7975798330550484, 0.9153977146815951]",0,0.0063321879133582115,0.27125245332717896,0.9957419242709875,1.8333333333333333,111,0.8671875,"[0.7975798330550484, 0.9153977146815951]",0.008781110402196646
L80,teacher,F,2,128,128,1.0,"[0.9708630437264931, 1.0]",120,0.9375,"[0.8815120889557433, 0.9679930743049383]",0,0.04275371506810188,2.3863492012023926,0.9646762162446976,2.066666666666667,120,0.9375,"[0.8815120889557433, 0.9679930743049383]",0.008776807691901922
L80,teacher,S2,0,128,125,0.9765625,"[0.9333562549485696, 0.9919975836032443]",126,0.984375,"[0.9448190233201845, 0.9957045502898558]",1,0.037736210972070694,2.220594882965088,0.9726748801767826,1.1,125,0.9765625,"[0.9333562549485696, 0.9919975836032443]",0.007273203926160932
L80,teacher,S2,1,128,122,0.953125,"[0.9015024775490588, 0.9783421558280758]",128,1.0,"[0.9708630437264931, 1.0]",6,0.005870959255844355,0.24592159688472748,0.9897447191178799,0.7333333333333333,122,0.953125,"[0.9015024775490588, 0.9783421558280758]",0.00862146494910121
L80,teacher,S2,2,128,62,0.484375,"[0.3995229802596979, 0.5701375496238493]",127,0.9921875,"[0.957073740561141, 0.9986195681071258]",65,0.027147721499204636,1.826979160308838,0.9651110041886568,1.3333333333333333,62,0.484375,"[0.3995229802596979, 0.5701375496238493]",0.008586559910327196
L80,teacher,S5,0,128,124,0.96875,"[0.922402368738641, 0.9877817347549464]",126,0.984375,"[0.9448190233201845, 0.9957045502898558]",2,0.022484367713332176,1.6661951541900635,0.9715714491903782,1.1,124,0.96875,"[0.922402368738641, 0.9877817347549464]",0.0030090243089944124
L80,teacher,S5,1,128,120,0.9375,"[0.8815120889557433, 0.9679930743049383]",128,1.0,"[0.9708630437264931, 1.0]",8,0.005898898467421532,0.23396849632263184,0.9848080109804869,0.7333333333333333,120,0.9375,"[0.8815120889557433, 0.9679930743049383]",0.003619271097704768
L80,teacher,S5,2,128,37,0.2890625,"[0.21758399767802758, 0.3728331557498582]",128,1.0,"[0.9708630437264931, 1.0]",91,0.005142547190189362,0.18961679935455322,0.9630531072616577,1.3333333333333333,37,0.2890625,"[0.21758399767802758, 0.3728331557498582]",0.003833452006801963
L90,student,F,0,128,128,1.0,"[0.9708630437264931, 1.0]",107,0.8359375,"[0.762181923962932, 0.8901166835408055]",0,0.03781716898083687,2.6382625102996826,0.9810937102884054,1.8333333333333333,107,0.8359375,"[0.762181923962932, 0.8901166835408055]",0.007907692808657885
L90,student,F,1,128,128,1.0,"[0.9708630437264931, 1.0]",109,0.8515625,"[0.7797727087736918, 0.9028653688464988]",0,0.0071170818991959095,0.40916067361831665,1.0,1.8333333333333333,109,0.8515625,"[0.7797727087736918, 0.9028653688464988]",0.00885640550404787
L90,student,F,2,128,128,1.0,"[0.9708630437264931, 1.0]",123,0.9609375,"[0.911812979233165, 0.9832013892021959]",0,0.034583136439323425,2.230149030685425,0.9523510467261076,2.1,123,0.9609375,"[0.911812979233165, 0.9832013892021959]",0.009302409365773201
L90,student,F,3,13,12,0.9230769230769231,"[0.6668604907890129, 0.9862895787574429]",0,0.0,"[0.0, 0.22809537235418867]",0,0.02181200124323368,1.5701828002929688,1.0,1.8833333333333333,0,0.0,"[0.0, 0.22809537235418867]",0.03672023117542267
L90,student,S2,0,128,17,0.1328125,"[0.08460228531840494, 0.2024201669449517]",119,0.9296875,"[0.8717651965063957, 0.9625702316960594]",102,0.0382714718580246,2.316939353942871,0.9865466970950365,1.0333333333333334,17,0.1328125,"[0.08460228531840494, 0.2024201669449517]",0.007233113050460815
L90,student,S2,1,128,118,0.921875,"[0.8621530681952115, 0.9570126249490171]",127,0.9921875,"[0.957073740561141, 0.9986195681071258]",9,0.005418333690613508,0.25291964411735535,1.0,0.7333333333333333,118,0.921875,"[0.8621530681952115, 0.9570126249490171]",0.008599402382969856
L90,student,S2,2,128,0,0.0,"[0.0, 0.02913695627350686]",128,1.0,"[0.9708630437264931, 1.0]",128,0.0050373016856610775,0.19745512306690216,0.9521032217890024,2.8,0,0.0,"[0.0, 0.02913695627350686]",0.00880754180252552
L90,student,S2,3,13,0,0.0,"[0.0, 0.22809537235418867]",0,0.0,"[0.0, 0.22809537235418867]",0,0.048397451639175415,1.6801644563674927,1.0,0.9,0,0.0,"[0.0, 0.22809537235418867]",0.016384217888116837
L90,student,S5,0,128,83,0.6484375,"[0.5624978389203771, 0.7257271271859257]",122,0.953125,"[0.9015024775490588, 0.9783421558280758]",39,0.03586498275399208,2.638913154602051,0.9878791868686676,1.0333333333333334,83,0.6484375,"[0.5624978389203771, 0.7257271271859257]",0.0029809634434059262
L90,student,S5,1,128,82,0.640625,"[0.5545225368033367, 0.7185326942447395]",128,1.0,"[0.9708630437264931, 1.0]",46,0.005772354081273079,0.23471899330615997,0.9983158204704523,0.7333333333333333,82,0.640625,"[0.5545225368033367, 0.7185326942447395]",0.0034812373341992497
L90,student,S5,2,128,0,0.0,"[0.0, 0.02913695627350686]",126,0.984375,"[0.9448190233201845, 0.9957045502898558]",126,0.030910883098840714,2.104557514190674,0.9506671689450741,5.766666666666667,0,0.0,"[0.0, 0.02913695627350686]",0.00431282795034349
L90,student,S5,3,13,0,0.0,"[0.0, 0.22809537235418867]",0,0.0,"[0.0, 0.22809537235418867]",0,0.059591181576251984,2.4674923419952393,1.0,0.8833333333333333,0,0.0,"[0.0, 0.22809537235418867]",0.00931253470480442
L90,teacher,F,0,128,128,1.0,"[0.9708630437264931, 1.0]",127,0.9921875,"[0.957073740561141, 0.9986195681071258]",0,0.0065512219443917274,0.2628549039363861,0.981502840295434,1.8333333333333333,127,0.9921875,"[0.957073740561141, 0.9986195681071258]",0.007619553478434682
L90,teacher,F,1,128,128,1.0,"[0.9708630437264931, 1.0]",107,0.8359375,"[0.762181923962932, 0.8901166835408055]",0,0.006231728475540876,0.27477893233299255,0.9940487798303366,1.8333333333333333,107,0.8359375,"[0.762181923962932, 0.8901166835408055]",0.008741497993469238
L90,teacher,F,2,128,128,1.0,"[0.9708630437264931, 1.0]",121,0.9453125,"[0.8914150997002549, 0.9732597986186532]",0,0.03559856861829758,2.2413980960845947,0.9674867615103722,2.066666666666667,121,0.9453125,"[0.8914150997002549, 0.9732597986186532]",0.008828479330986738
L90,teacher,F,3,13,13,1.0,"[0.7719046276458112, 1.0]",12,0.9230769230769231,"[0.6668604907890129, 0.9862895787574429]",0,0.01634827069938183,0.8876279592514038,0.987410731613636,1.9,12,0.9230769230769231,"[0.6668604907890129, 0.9862895787574429]",0.030742423608899117
L90,teacher,S2,0,128,128,1.0,"[0.9708630437264931, 1.0]",128,1.0,"[0.9708630437264931, 1.0]",0,0.006275391671806574,0.23261986672878265,0.9747491218149662,1.0666666666666667,128,1.0,"[0.9708630437264931, 1.0]",0.007222739746794105
L90,teacher,S2,1,128,126,0.984375,"[0.9448190233201845, 0.9957045502898558]",128,1.0,"[0.9708630437264931, 1.0]",2,0.005594898946583271,0.24807770550251007,0.9886575862765312,0.7333333333333333,126,0.984375,"[0.9448190233201845, 0.9957045502898558]",0.00866613071411848
L90,teacher,S2,2,128,80,0.625,"[0.5386400519080908, 0.7040757090235324]",127,0.9921875,"[0.957073740561141, 0.9986195681071258]",47,0.025026991963386536,1.5960595607757568,0.9652502834796906,1.3333333333333333,80,0.625,"[0.5386400519080908, 0.7040757090235324]",0.008641868829727173
L90,teacher,S2,3,13,0,0.0,"[0.0, 0.22809537235418867]",12,0.9230769230769231,"[0.6668604907890129, 0.9862895787574429]",12,0.02281321957707405,1.176830768585205,1.0,0.8,0,0.0,"[0.0, 0.22809537235418867]",0.01037499401718378
L90,teacher,S5,0,128,125,0.9765625,"[0.9333562549485696, 0.9919975836032443]",125,0.9765625,"[0.9333562549485696, 0.9919975836032443]",0,0.03963377699255943,2.6420178413391113,0.9747822768986225,1.0666666666666667,125,0.9765625,"[0.9333562549485696, 0.9919975836032443]",0.0029704004991799593
L90,teacher,S5,1,128,123,0.9609375,"[0.911812979233165, 0.9832013892021959]",128,1.0,"[0.9708630437264931, 1.0]",5,0.005854014772921801,0.222188800573349,0.9826513938605785,0.7333333333333333,123,0.9609375,"[0.911812979233165, 0.9832013892021959]",0.0035865154350176454
L90,teacher,S5,2,128,55,0.4296875,"[0.34721171332636835, 0.5162606711495936]",128,1.0,"[0.9708630437264931, 1.0]",73,0.005106410011649132,0.1955670714378357,0.9647810831665993,1.3333333333333333,55,0.4296875,"[0.34721171332636835, 0.5162606711495936]",0.003816857119090855
L90,teacher,S5,3,13,0,0.0,"[0.0, 0.22809537235418867]",13,1.0,"[0.7719046276458112, 1.0]",13,0.008029170334339142,0.22900032997131348,0.9877612814307213,0.8,0,0.0,"[0.0, 0.22809537235418867]",0.004320165142416954
T110,student,F,0,128,128,1.0,"[0.9708630437264931, 1.0]",120,0.9375,"[0.8815120889557433, 0.9679930743049383]",0,0.03449969366192818,2.781318426132202,1.0,1.8333333333333333,120,0.9375,"[0.8815120889557433, 0.9679930743049383]",0.007343754405155778
T110,student,F,1,128,128,1.0,"[0.9708630437264931, 1.0]",118,0.921875,"[0.8621530681952115, 0.9570126249490171]",0,0.006479213479906321,0.3598949611186981,1.0,1.8333333333333333,118,0.921875,"[0.8621530681952115, 0.9570126249490171]",0.009062891826033592
T110,student,F,2,128,128,1.0,"[0.9708630437264931, 1.0]",123,0.9609375,"[0.911812979233165, 0.9832013892021959]",0,0.035604704171419144,2.2247514724731445,1.0,2.1,123,0.9609375,"[0.911812979233165, 0.9832013892021959]",0.008890852332115173
T110,student,F,3,97,95,0.979381443298969,"[0.9279124175258443, 0.9943273148977335]",78,0.8041237113402062,"[0.7142162230627449, 0.870860596431783]",0,0.062479231506586075,2.3705942630767822,1.0,1.8333333333333333,78,0.8041237113402062,"[0.7142162230627449, 0.870860596431783]",0.007823350839316845
T110,student,S2,0,128,121,0.9453125,"[0.8914150997002549, 0.9732597986186532]",124,0.96875,"[0.922402368738641, 0.9877817347549464]",3,0.030997492372989655,1.6451666355133057,1.0,0.8666666666666667,121,0.9453125,"[0.8914150997002549, 0.9732597986186532]",0.006824243813753128
T110,student,S2,1,128,119,0.9296875,"[0.8717651965063957, 0.9625702316960594]",126,0.984375,"[0.9448190233201845, 0.9957045502898558]",7,0.006267528980970383,0.26579853892326355,1.0,0.7,119,0.9296875,"[0.8717651965063957, 0.9625702316960594]",0.00880900165066123
T110,student,S2,2,128,107,0.8359375,"[0.762181923962932, 0.8901166835408055]",126,0.984375,"[0.9448190233201845, 0.9957045502898558]",19,0.03705591708421707,2.141713857650757,1.0,1.0666666666666667,107,0.8359375,"[0.762181923962932, 0.8901166835408055]",0.008696518838405609
T110,student,S2,3,97,60,0.6185567010309279,"[0.5191274393745469, 0.7089533546656928]",85,0.8762886597938144,"[0.7961126092514339, 0.9277959979197616]",25,0.058771029114723206,2.95312237739563,1.0,0.7,60,0.6185567010309279,"[0.5191274393745469, 0.7089533546656928]",0.006538980174809694
T110,student,S5,0,128,121,0.9453125,"[0.8914150997002549, 0.9732597986186532]",123,0.9609375,"[0.911812979233165, 0.9832013892021959]",2,0.036091696470975876,2.56963849067688,1.0,0.8666666666666667,121,0.9453125,"[0.8914150997002549, 0.9732597986186532]",0.00257666630204767
T110,student,S5,1,128,121,0.9453125,"[0.8914150997002549, 0.9732597986186532]",126,0.984375,"[0.9448190233201845, 0.9957045502898558]",5,0.006209331098943949,0.26172754168510437,1.0,0.7,121,0.9453125,"[0.8914150997002549, 0.9732597986186532]",0.0032805997179821134
T110,student,S5,2,128,115,0.8984375,"[0.833975136696391, 0.9396813512731583]",127,0.9921875,"[0.957073740561141, 0.9986195681071258]",12,0.006674887612462044,0.38869553804397583,1.0,1.0666666666666667,115,0.8984375,"[0.833975136696391, 0.9396813512731583]",0.0035263323225080967
T110,student,S5,3,97,57,0.5876288659793815,"[0.48815469664242533, 0.6804267598220995]",83,0.8556701030927835,"[0.7722059515958372, 0.9120364305248817]",26,0.056708212941884995,1.9975582361221313,1.0,0.7,57,0.5876288659793815,"[0.48815469664242533, 0.6804267598220995]",0.0026603592559695244
T110,teacher,F,0,128,128,1.0,"[0.9708630437264931, 1.0]",127,0.9921875,"[0.957073740561141, 0.9986195681071258]",0,0.00652817590162158,0.2664238512516022,1.0,1.8333333333333333,127,0.9921875,"[0.957073740561141, 0.9986195681071258]",0.0074532420840114355
T110,teacher,F,1,128,128,1.0,"[0.9708630437264931, 1.0]",120,0.9375,"[0.8815120889557433, 0.9679930743049383]",0,0.00654905941337347,0.32175949215888977,1.0,1.8333333333333333,120,0.9375,"[0.8815120889557433, 0.9679930743049383]",0.008814774919301271
T110,teacher,F,2,128,128,1.0,"[0.9708630437264931, 1.0]",108,0.84375,"[0.7709518905710318, 0.8965164519909323]",0,0.0417807474732399,2.375256299972534,0.9958579204976559,2.066666666666667,108,0.84375,"[0.7709518905710318, 0.8965164519909323]",0.008924319874495268
T110,teacher,F,3,97,97,1.0,"[0.9619059574740543, 1.0]",95,0.979381443298969,"[0.9279124175258443, 0.9943273148977335]",0,0.06254350394010544,2.1718928813934326,1.0,1.8333333333333333,95,0.979381443298969,"[0.9279124175258443, 0.9943273148977335]",0.007352217100560665
T110,teacher,S2,0,128,126,0.984375,"[0.9448190233201845, 0.9957045502898558]",127,0.9921875,"[0.957073740561141, 0.9986195681071258]",1,0.005987121723592281,0.2664238512516022,1.0,0.9,126,0.984375,"[0.9448190233201845, 0.9957045502898558]",0.0069227751810103655
T110,teacher,S2,1,128,128,1.0,"[0.9708630437264931, 1.0]",128,1.0,"[0.9708630437264931, 1.0]",0,0.0063637238927185535,0.24995101988315582,1.0,0.7,128,1.0,"[0.9708630437264931, 1.0]",0.00866346387192607
T110,teacher,S2,2,128,126,0.984375,"[0.9448190233201845, 0.9957045502898558]",128,1.0,"[0.9708630437264931, 1.0]",2,0.004704511258751154,0.22699077427387238,0.9902647230774164,1.1,126,0.984375,"[0.9448190233201845, 0.9957045502898558]",0.008644783403724432
T110,teacher,S2,3,97,70,0.7216494845360825,"[0.625323647406787, 0.8010882718858349]",96,0.9896907216494846,"[0.943895009757103, 0.998177835191713]",26,0.015706075355410576,0.42149296402931213,1.0,0.7333333333333333,70,0.7216494845360825,"[0.625323647406787, 0.8010882718858349]",0.006242507603019476
T110,teacher,S5,0,128,122,0.953125,"[0.9015024775490588, 0.9783421558280758]",123,0.9609375,"[0.911812979233165, 0.9832013892021959]",1,0.03731831908226013,2.6368212699890137,1.0,0.9,122,0.953125,"[0.9015024775490588, 0.9783421558280758]",0.0025211104657500982
T110,teacher,S5,1,128,128,1.0,"[0.9708630437264931, 1.0]",128,1.0,"[0.9708630437264931, 1.0]",0,0.006352880969643593,0.23942193388938904,1.0,0.7,128,1.0,"[0.9708630437264931, 1.0]",0.003109495621174574
T110,teacher,S5,2,128,128,1.0,"[0.9708630437264931, 1.0]",128,1.0,"[0.9708630437264931, 1.0]",0,0.004931116010993719,0.1949213296175003,0.9898405522108078,1.1,128,1.0,"[0.9708630437264931, 1.0]",0.003479643724858761
T110,teacher,S5,3,97,70,0.7216494845360825,"[0.625323647406787, 0.8010882718858349]",95,0.979381443298969,"[0.9279124175258443, 0.9943273148977335]",25,0.056096892803907394,1.7563629150390625,1.0,0.7333333333333333,70,0.7216494845360825,"[0.625323647406787, 0.8010882718858349]",0.002464805729687214
T120,student,F,0,128,128,1.0,"[0.9708630437264931, 1.0]",118,0.921875,"[0.8621530681952115, 0.9570126249490171]",0,0.03878312185406685,2.5675101280212402,1.0,1.8333333333333333,118,0.921875,"[0.8621530681952115, 0.9570126249490171]",0.00723228557035327
T120,student,F,1,128,128,1.0,"[0.9708630437264931, 1.0]",122,0.953125,"[0.9015024775490588, 0.9783421558280758]",0,0.006550417747348547,0.2995944917201996,1.0,1.8333333333333333,122,0.953125,"[0.9015024775490588, 0.9783421558280758]",0.009033008944243193
T120,student,F,2,128,128,1.0,"[0.9708630437264931, 1.0]",105,0.8203125,"[0.7447837371324465, 0.8771754002548383]",0,0.037420641630887985,2.354722499847412,1.0,2.1,105,0.8203125,"[0.7447837371324465, 0.8771754002548383]",0.00892055407166481
T120,student,F,3,83,81,0.9759036144578314,"[0.9163369075658393, 0.9933668338592722]",64,0.7710843373493976,"[0.6699193229025636, 0.8482663525927531]",0,0.05748233199119568,2.449713945388794,1.0,1.8333333333333333,64,0.7710843373493976,"[0.6699193229025636, 0.8482663525927531]",0.007268026005476713
T120,student,S2,0,128,110,0.859375,"[0.7886475076210406, 0.9091603050573764]",124,0.96875,"[0.922402368738641, 0.9877817347549464]",14,0.009666144847869873,0.642119824886322,1.0,0.8666666666666667,110,0.859375,"[0.7886475076210406, 0.9091603050573764]",0.006744184531271458
T120,student,S2,1,128,117,0.9140625,"[0.8526590894573891, 0.951336868628613]",128,1.0,"[0.9708630437264931, 1.0]",11,0.006428516004234552,0.2446707934141159,1.0,0.7,117,0.9140625,"[0.8526590894573891, 0.951336868628613]",0.008757794741541147
T120,student,S2,2,128,104,0.8125,"[0.7361508192928281, 0.8706385830362302]",125,0.9765625,"[0.9333562549485696, 0.9919975836032443]",21,0.03295000270009041,2.2880685329437256,1.0,1.0666666666666667,104,0.8125,"[0.7361508192928281, 0.8706385830362302]",0.008612871170043945
T120,student,S2,3,83,42,0.5060240963855421,"[0.40060395423381917, 0.6109112829994101]",73,0.8795180722891566,"[0.7922368486742863, 0.9332230970191568]",31,0.05665541812777519,2.458967924118042,1.0,0.7333333333333333,42,0.5060240963855421,"[0.40060395423381917, 0.6109112829994101]",0.005908184219151735
T120,student,S5,0,128,123,0.9609375,"[0.911812979233165, 0.9832013892021959]",126,0.984375,"[0.9448190233201845, 0.9957045502898558]",3,0.03450057655572891,2.4298152923583984,1.0,0.8666666666666667,123,0.9609375,"[0.911812979233165, 0.9832013892021959]",0.0026177919935435057
T120,student,S5,1,128,117,0.9140625,"[0.8526590894573891, 0.951336868628613]",125,0.9765625,"[0.9333562549485696, 0.9919975836032443]",8,0.006138994358479977,0.26194819808006287,1.0,0.7,117,0.9140625,"[0.8526590894573891, 0.951336868628613]",0.0032813106663525105
T120,student,S5,2,128,114,0.890625,"[0.8247655486183249, 0.933721204292998]",128,1.0,"[0.9708630437264931, 1.0]",14,0.005003372207283974,0.19375969469547272,1.0,1.0666666666666667,114,0.890625,"[0.8247655486183249, 0.933721204292998]",0.003499894868582487
T120,student,S5,3,83,25,0.30120481927710846,"[0.21310689683441553, 0.40689027446901904]",69,0.8313253012048193,"[0.7365588598487048, 0.8967791879789043]",44,0.055965714156627655,2.249319076538086,1.0,0.7333333333333333,25,0.30120481927710846,"[0.21310689683441553, 0.40689027446901904]",0.0029039490036666393
T120,teacher,F,0,128,127,0.9921875,"[0.957073740561141, 0.9986195681071258]",126,0.984375,"[0.9448190233201845, 0.9957045502898558]",0,0.03307117521762848,2.693007469177246,1.0,1.8333333333333333,126,0.984375,"[0.9448190233201845, 0.9957045502898558]",0.007382298586890101
T120,teacher,F,1,128,128,1.0,"[0.9708630437264931, 1.0]",127,0.9921875,"[0.957073740561141, 0.9986195681071258]",0,0.006987460423260927,0.26196008920669556,1.0,1.8333333333333333,127,0.9921875,"[0.957073740561141, 0.9986195681071258]",0.008889882825314999
T120,teacher,F,2,128,127,0.9921875,"[0.957073740561141, 0.9986195681071258]",91,0.7109375,"[0.6271668442501418, 0.7824160023219725]",0,0.040187250822782516,2.4343695640563965,1.0,2.066666666666667,91,0.7109375,"[0.6271668442501418, 0.7824160023219725]",0.00868648150935769
T120,teacher,F,3,83,83,1.0,"[0.9557646903580285, 0.9999999999999999]",77,0.927710843373494,"[0.8511321390822709, 0.9664497044770065]",0,0.053600821644067764,2.131744861602783,1.0,1.8666666666666667,77,0.927710843373494,"[0.8511321390822709, 0.9664497044770065]",0.007370403036475182
T120,teacher,S2,0,128,125,0.9765625,"[0.9333562549485696, 0.9919975836032443]",126,0.984375,"[0.9448190233201845, 0.9957045502898558]",1,0.03307117521762848,2.693007469177246,1.0,0.8666666666666667,125,0.9765625,"[0.9333562549485696, 0.9919975836032443]",0.00683754519559443
T120,teacher,S2,1,128,128,1.0,"[0.9708630437264931, 1.0]",128,1.0,"[0.9708630437264931, 1.0]",0,0.006120443809777498,0.23474638164043427,1.0,0.7,128,1.0,"[0.9708630437264931, 1.0]",0.008620345033705235
T120,teacher,S2,2,128,112,0.875,"[0.8065737291824875, 0.9215735536123824]",120,0.9375,"[0.8815120889557433, 0.9679930743049383]",8,0.042084481567144394,2.386500835418701,0.9963125456124544,1.0666666666666667,112,0.875,"[0.8065737291824875, 0.9215735536123824]",0.008452208247035742
T120,teacher,S2,3,83,48,0.5783132530120482,"[0.47092823305023646, 0.6787698509817439]",79,0.9518072289156626,"[0.8825414079954871, 0.9811013844967073]",31,0.0508856326341629,1.7109500169754028,1.0,0.7666666666666667,48,0.5783132530120482,"[0.47092823305023646, 0.6787698509817439]",0.006143294740468264
T120,teacher,S5,0,128,121,0.9453125,"[0.8914150997002549, 0.9732597986186532]",121,0.9453125,"[0.8914150997002549, 0.9732597986186532]",0,0.03487389162182808,2.693007469177246,1.0,0.8666666666666667,121,0.9453125,"[0.8914150997002549, 0.9732597986186532]",0.002513353363610804
T120,teacher,S5,1,128,127,0.9921875,"[0.957073740561141, 0.9986195681071258]",127,0.9921875,"[0.957073740561141, 0.9986195681071258]",0,0.0061966171488165855,0.27824538946151733,1.0,0.7,127,0.9921875,"[0.957073740561141, 0.9986195681071258]",0.003109521116130054
T120,teacher,S5,2,128,127,0.9921875,"[0.957073740561141, 0.9986195681071258]",127,0.9921875,"[0.957073740561141, 0.9986195681071258]",0,0.027890553697943687,1.967370629310608,0.9936554357409477,1.0666666666666667,127,0.9921875,"[0.957073740561141, 0.9986195681071258]",0.0033980768639594316
T120,teacher,S5,3,83,44,0.5301204819277109,"[0.4238096644588525, 0.6337665217072939]",78,0.9397590361445783,"[0.8666157190676185, 0.9739965989581174]",34,0.05405523627996445,1.8468815088272095,1.0,0.7666666666666667,44,0.5301204819277109,"[0.4238096644588525, 0.6337665217072939]",0.002449625637382269
T80,student,F,0,128,128,1.0,"[0.9708630437264931, 1.0]",125,0.9765625,"[0.9333562549485696, 0.9919975836032443]",0,0.03587708994746208,2.2902324199676514,1.0,1.8333333333333333,125,0.9765625,"[0.9333562549485696, 0.9919975836032443]",0.007339433534070849
T80,student,F,1,128,128,1.0,"[0.9708630437264931, 1.0]",35,0.2734375,"[0.2036699978045819, 0.3564076855068509]",0,0.0065208617597818375,0.410286545753479,1.0,1.8333333333333333,35,0.2734375,"[0.2036699978045819, 0.3564076855068509]",0.009159862995147705
T80,student,F,2,128,128,1.0,"[0.9708630437264931, 1.0]",125,0.9765625,"[0.9333562549485696, 0.9919975836032443]",0,0.03231211006641388,2.218916416168213,0.9964193217456341,2.1,125,0.9765625,"[0.9333562549485696, 0.9919975836032443]",0.009124117903411388
T80,student,F,3,122,119,0.9754098360655737,"[0.9301924015641118, 0.9916023796397792]",84,0.6885245901639344,"[0.6016541997450104, 0.7638851100427395]",0,0.05887092277407646,2.443033218383789,1.0,1.8333333333333333,84,0.6885245901639344,"[0.6016541997450104, 0.7638851100427395]",0.009741747751832008
T80,student,S2,0,128,121,0.9453125,"[0.8914150997002549, 0.9732597986186532]",125,0.9765625,"[0.9333562549485696, 0.9919975836032443]",4,0.03667356073856354,2.050384998321533,1.0,0.8666666666666667,121,0.9453125,"[0.8914150997002549, 0.9732597986186532]",0.006778371287509799
T80,student,S2,1,128,74,0.578125,"[0.4915184739711032, 0.6601788766111613]",86,0.671875,"[0.586564015997617, 0.7471701552833651]",12,0.006345223635435104,0.26725783944129944,1.0,0.7,74,0.578125,"[0.4915184739711032, 0.6601788766111613]",0.008906225208193064
T80,student,S2,2,128,114,0.890625,"[0.8247655486183249, 0.933721204292998]",128,1.0,"[0.9708630437264931, 1.0]",14,0.0076784598641097546,0.19529607892036438,0.9952178224921227,1.1,114,0.890625,"[0.8247655486183249, 0.933721204292998]",0.008841221686452627
T80,student,S2,3,122,38,0.3114754098360656,"[0.23611488995726057, 0.39834580025498956]",94,0.7704918032786885,"[0.6883006215525832, 0.8361688229254925]",56,0.06079068407416344,2.7887837886810303,1.0,0.7,38,0.3114754098360656,"[0.23611488995726057, 0.39834580025498956]",0.008716033771634102
T80,student,S5,0,128,122,0.953125,"[0.9015024775490588, 0.9783421558280758]",124,0.96875,"[0.922402368738641, 0.9877817347549464]",2,0.0398070327937603,2.336338520050049,1.0,0.8666666666666667,122,0.953125,"[0.9015024775490588, 0.9783421558280758]",0.00255090300925076
T80,student,S5,1,128,110,0.859375,"[0.7886475076210406, 0.9091603050573764]",112,0.875,"[0.8065737291824875, 0.9215735536123824]",2,0.006408763118088245,0.2689802348613739,1.0,0.7,110,0.859375,"[0.7886475076210406, 0.9091603050573764]",0.003221220336854458
T80,student,S5,2,128,116,0.90625,"[0.8432700274269236, 0.9455561956008522]",128,1.0,"[0.9708630437264931, 1.0]",12,0.007459116168320179,0.2108435481786728,0.995143037289381,1.1,116,0.90625,"[0.8432700274269236, 0.9455561956008522]",0.0035501454258337617
T80,student,S5,3,122,70,0.5737704918032787,"[0.48508656584157084, 0.6579505553797225]",113,0.9262295081967213,"[0.8657305059229281, 0.9607061944667674]",43,0.056189894676208496,2.1517763137817383,1.0,0.7,70,0.5737704918032787,"[0.48508656584157084, 0.6579505553797225]",0.0031197909265756607
T80,teacher,F,0,128,125,0.9765625,"[0.9333562549485696, 0.9919975836032443]",124,0.96875,"[0.922402368738641, 0.9877817347549464]",0,0.034699928015470505,2.4683761596679688,0.9859463199973106,1.8333333333333333,124,0.96875,"[0.922402368738641, 0.9877817347549464]",0.00755775161087513
T80,teacher,F,1,128,128,1.0,"[0.9708630437264931, 1.0]",74,0.578125,"[0.4915184739711032, 0.6601788766111613]",0,0.006448321044445038,0.2818508744239807,1.0,1.8333333333333333,74,0.578125,"[0.4915184739711032, 0.6601788766111613]",0.008603618014603853
T80,teacher,F,2,128,127,0.9921875,"[0.957073740561141, 0.9986195681071258]",81,0.6328125,"[0.546570042498605, 0.7113154534912448]",0,0.03961050882935524,2.591665506362915,0.9813206270337105,2.066666666666667,81,0.6328125,"[0.546570042498605, 0.7113154534912448]",0.009223978500813246
T80,teacher,F,3,122,122,1.0,"[0.9694738216109888, 1.0]",110,0.9016393442622951,"[0.8359226807162093, 0.9428349792663883]",0,0.0661257728934288,2.9531235694885254,1.0,1.8666666666666667,110,0.9016393442622951,"[0.8359226807162093, 0.9428349792663883]",0.008588176686316729
T80,teacher,S2,0,128,124,0.96875,"[0.922402368738641, 0.9877817347549464]",124,0.96875,"[0.922402368738641, 0.9877817347549464]",0,0.034699928015470505,2.4683761596679688,0.9823069907724857,1.0,124,0.96875,"[0.922402368738641, 0.9877817347549464]",0.006996050709858537
T80,teacher,S2,1,128,121,0.9453125,"[0.8914150997002549, 0.9732597986186532]",121,0.9453125,"[0.8914150997002549, 0.9732597986186532]",0,0.006274901796132326,0.26834338903427124,0.9988661855459213,0.7333333333333333,121,0.9453125,"[0.8914150997002549, 0.9732597986186532]",0.008718801196664572
T80,teacher,S2,2,128,124,0.96875,"[0.922402368738641, 0.9877817347549464]",126,0.984375,"[0.9448190233201845, 0.9957045502898558]",2,0.03601370006799698,1.917472004890442,0.9736254345625639,1.2333333333333334,124,0.96875,"[0.922402368738641, 0.9877817347549464]",0.009092421270906925
T80,teacher,S2,3,122,98,0.8032786885245902,"[0.7239527940587434, 0.864088704295463]",111,0.9098360655737705,"[0.8457432172942373, 0.9489074561573928]",13,0.05395972728729248,1.382108211517334,1.0,0.7,98,0.8032786885245902,"[0.7239527940587434, 0.864088704295463]",0.007629635278135538
T80,teacher,S5,0,128,122,0.953125,"[0.9015024775490588, 0.9783421558280758]",122,0.953125,"[0.9015024775490588, 0.9783421558280758]",0,0.0378083810210228,2.4683761596679688,0.9832686744630337,1.0,122,0.953125,"[0.9015024775490588, 0.9783421558280758]",0.002752776490524411
T80,teacher,S5,1,128,128,1.0,"[0.9708630437264931, 1.0]",128,1.0,"[0.9708630437264931, 1.0]",0,0.006017760373651981,0.2328331619501114,0.9943288285285234,0.7333333333333333,128,1.0,"[0.9708630437264931, 1.0]",0.0032503230031579733
T80,teacher,S5,2,128,126,0.984375,"[0.9448190233201845, 0.9957045502898558]",126,0.984375,"[0.9448190233201845, 0.9957045502898558]",0,0.03601370006799698,1.917472004890442,0.9737088810652494,1.2333333333333334,126,0.984375,"[0.9448190233201845, 0.9957045502898558]",0.0037104050861671567
T80,teacher,S5,3,122,114,0.9344262295081968,"[0.8759285826309459, 0.9664011312277822]",117,0.9590163934426229,"[0.9076394737211005, 0.9823692805447252]",3,0.06682946532964706,2.3829755783081055,1.0,0.7,114,0.9344262295081968,"[0.8759285826309459, 0.9664011312277822]",0.002760749193839729
T90,student,F,0,128,127,0.9921875,"[0.957073740561141, 0.9986195681071258]",127,0.9921875,"[0.957073740561141, 0.9986195681071258]",0,0.016213051974773407,1.7602479457855225,1.0,1.8333333333333333,127,0.9921875,"[0.957073740561141, 0.9986195681071258]",0.007397420471534133
T90,student,F,1,128,128,1.0,"[0.9708630437264931, 1.0]",83,0.6484375,"[0.5624978389203771, 0.7257271271859257]",0,0.006583587732166052,0.3742157220840454,1.0,1.8333333333333333,83,0.6484375,"[0.5624978389203771, 0.7257271271859257]",0.009188642259687185
T90,student,F,2,128,128,1.0,"[0.9708630437264931, 1.0]",128,1.0,"[0.9708630437264931, 1.0]",0,0.004880800843238831,0.21536514163017273,1.0,2.1,128,1.0,"[0.9708630437264931, 1.0]",0.009098756592720747
T90,student,F,3,108,107,0.9907407407407407,"[0.9494065448063386, 0.9983636391461165]",84,0.7777777777777778,"[0.690599159693213, 0.8458745293364786]",0,0.05833151191473007,2.124441146850586,1.0,1.8333333333333333,84,0.7777777777777778,"[0.690599159693213, 0.8458745293364786]",0.009201453067362309
T90,student,S2,0,128,126,0.984375,"[0.9448190233201845, 0.9957045502898558]",127,0.9921875,"[0.957073740561141, 0.9986195681071258]",1,0.016213051974773407,1.7602479457855225,1.0,0.8666666666666667,126,0.984375,"[0.9448190233201845, 0.9957045502898558]",0.006840887479484081
T90,student,S2,1,128,103,0.8046875,"[0.7275592800992111, 0.8640603871716207]",113,0.8828125,"[0.8156338413466546, 0.9276831765064417]",10,0.00643053837120533,0.259035587310791,1.0,0.7,103,0.8046875,"[0.7275592800992111, 0.8640603871716207]",0.008881043642759323
T90,student,S2,2,128,125,0.9765625,"[0.9333562549485696, 0.9919975836032443]",128,1.0,"[0.9708630437264931, 1.0]",3,0.004641550127416849,0.19891200959682465,0.9991268627345562,1.1,125,0.9765625,"[0.9333562549485696, 0.9919975836032443]",0.008893394377082586
T90,student,S2,3,108,34,0.3148148148148148,"[0.23486550444655452, 0.4074853695336511]",93,0.8611111111111112,"[0.7834258825797727, 0.9139899131588264]",59,0.05833211913704872,2.111156702041626,1.0,0.7,34,0.3148148148148148,"[0.23486550444655452, 0.4074853695336511]",0.008135291282087564
T90,student,S5,0,128,126,0.984375,"[0.9448190233201845, 0.9957045502898558]",126,0.984375,"[0.9448190233201845, 0.9957045502898558]",0,0.039405230432748795,2.2578210830688477,1.0,0.8666666666666667,126,0.984375,"[0.9448190233201845, 0.9957045502898558]",0.002563092391937971
T90,student,S5,1,128,121,0.9453125,"[0.8914150997002549, 0.9732597986186532]",125,0.9765625,"[0.9333562549485696, 0.9919975836032443]",4,0.006308483891189098,0.2593131959438324,1.0,0.7,121,0.9453125,"[0.8914150997002549, 0.9732597986186532]",0.003261481993831694
T90,student,S5,2,128,118,0.921875,"[0.8621530681952115, 0.9570126249490171]",128,1.0,"[0.9708630437264931, 1.0]",10,0.00474076671525836,0.2054002732038498,1.0,1.1,118,0.921875,"[0.8621530681952115, 0.9570126249490171]",0.00350176973734051
T90,student,S5,3,108,53,0.49074074074074076,"[0.39840891298325326, 0.583708630715757]",100,0.9259259259259259,"[0.8606032385435991, 0.961989751301928]",47,0.05918151140213013,2.3519275188446045,1.0,0.7,53,0.49074074074074076,"[0.39840891298325326, 0.583708630715757]",0.003062616684474051
T90,teacher,F,0,128,126,0.984375,"[0.9448190233201845, 0.9957045502898558]",123,0.9609375,"[0.911812979233165, 0.9832013892021959]",0,0.0482657365500927,2.285466194152832,0.9900613687932491,1.8333333333333333,123,0.9609375,"[0.911812979233165, 0.9832013892021959]",0.007571081630885601
T90,teacher,F,1,128,128,1.0,"[0.9708630437264931, 1.0]",99,0.7734375,"[0.6935732116243948, 0.8373675154135313]",0,0.006243467330932617,0.2733888626098633,1.0,1.8333333333333333,99,0.7734375,"[0.6935732116243948, 0.8373675154135313]",0.008665113244205713
T90,teacher,F,2,128,128,1.0,"[0.9708630437264931, 1.0]",106,0.828125,"[0.7534600319269851, 0.883668840518526]",0,0.04244590550661087,2.4626758098602295,0.9866997133940458,2.066666666666667,106,0.828125,"[0.7534600319269851, 0.883668840518526]",0.009154149796813726
T90,teacher,F,3,108,107,0.9907407407407407,"[0.9494065448063386, 0.9983636391461165]",100,0.9259259259259259,"[0.8606032385435991, 0.961989751301928]",0,0.052169881761074066,2.2903671264648438,1.0,1.8333333333333333,100,0.9259259259259259,"[0.8606032385435991, 0.961989751301928]",0.008285589050501585
T90,teacher,S2,0,128,126,0.984375,"[0.9448190233201845, 0.9957045502898558]",126,0.984375,"[0.9448190233201845, 0.9957045502898558]",0,0.025889335200190544,1.9224331378936768,0.9875690564513206,0.9333333333333333,126,0.984375,"[0.9448190233201845, 0.9957045502898558]",0.007014753762632608
T90,teacher,S2,1,128,126,0.984375,"[0.9448190233201845, 0.9957045502898558]",126,0.984375,"[0.9448190233201845, 0.9957045502898558]",0,0.006136596202850342,0.2643832564353943,1.0,0.7,126,0.984375,"[0.9448190233201845, 0.9957045502898558]",0.008691546972841024
T90,teacher,S2,2,128,127,0.9921875,"[0.957073740561141, 0.9986195681071258]",128,1.0,"[0.9708630437264931, 1.0]",1,0.004546396899968386,0.2003006488084793,0.9793165139853954,1.1333333333333333,127,0.9921875,"[0.957073740561141, 0.9986195681071258]",0.009030506480485201
T90,teacher,S2,3,108,92,0.8518518518518519,"[0.7728286547321908, 0.9067046847054185]",104,0.9629629629629629,"[0.9086183563893889, 0.9855044586600968]",12,0.05715535581111908,1.7556840181350708,1.0,0.7,92,0.8518518518518519,"[0.7728286547321908, 0.9067046847054185]",0.007012692280113697
T90,teacher,S5,0,128,123,0.9609375,"[0.911812979233165, 0.9832013892021959]",123,0.9609375,"[0.911812979233165, 0.9832013892021959]",0,0.039432670921087265,2.5241830348968506,0.9891130495816469,0.9333333333333333,123,0.9609375,"[0.911812979233165, 0.9832013892021959]",0.0026717614382505417
T90,teacher,S5,1,128,128,1.0,"[0.9708630437264931, 1.0]",128,1.0,"[0.9708630437264931, 1.0]",0,0.006153094582259655,0.23242583870887756,0.9978020563721657,0.7,128,1.0,"[0.9708630437264931, 1.0]",0.0031910857651382685
T90,teacher,S5,2,128,127,0.9921875,"[0.957073740561141, 0.9986195681071258]",128,1.0,"[0.9708630437264931, 1.0]",1,0.004727369640022516,0.20503927767276764,0.9799153544008732,1.1333333333333333,127,0.9921875,"[0.957073740561141, 0.9986195681071258]",0.003644694574177265
T90,teacher,S5,3,108,101,0.9351851851851852,"[0.8722236366714651, 0.9682518094750519]",107,0.9907407407407407,"[0.9494065448063386, 0.9983636391461165]",6,0.052169881761074066,1.3822919130325317,1.0,0.7,101,0.9351851851851852,"[0.8722236366714651, 0.9682518094750519]",0.0026145429583266377
W110,student,F,0,128,128,1.0,"[0.9708630437264931, 1.0]",128,1.0,"[0.9708630437264931, 1.0]",0,0.005745978560298681,0.21777017414569855,1.0,1.8333333333333333,128,1.0,"[0.9708630437264931, 1.0]",0.007522678002715111
W110,student,F,1,128,128,1.0,"[0.9708630437264931, 1.0]",113,0.8828125,"[0.8156338413466546, 0.9276831765064417]",0,0.007050232030451298,0.36322838068008423,1.0,1.8333333333333333,113,0.8828125,"[0.8156338413466546, 0.9276831765064417]",0.009138942696154118
W110,student,F,2,128,128,1.0,"[0.9708630437264931, 1.0]",128,1.0,"[0.9708630437264931, 1.0]",0,0.004660608246922493,0.19635964930057526,1.0,2.066666666666667,128,1.0,"[0.9708630437264931, 1.0]",0.008826802019029856
W110,student,F,3,99,96,0.9696969696969697,"[0.914663197938982, 0.9896413604215456]",37,0.37373737373737376,"[0.28483183001383344, 0.4720755467709709]",0,0.05973273888230324,2.9749741554260254,1.0,1.8333333333333333,37,0.37373737373737376,"[0.28483183001383344, 0.4720755467709709]",0.009395457804203033
W110,student,S2,0,128,126,0.984375,"[0.9448190233201845, 0.9957045502898558]",128,1.0,"[0.9708630437264931, 1.0]",2,0.005658515263348818,0.2142804116010666,1.0,0.8666666666666667,126,0.984375,"[0.9448190233201845, 0.9957045502898558]",0.006916093407198787
W110,student,S2,1,128,121,0.9453125,"[0.8914150997002549, 0.9732597986186532]",126,0.984375,"[0.9448190233201845, 0.9957045502898558]",5,0.006674002856016159,0.2633911967277527,1.0,0.7,121,0.9453125,"[0.8914150997002549, 0.9732597986186532]",0.008825690485537052
W110,student,S2,2,128,117,0.9140625,"[0.8526590894573891, 0.951336868628613]",127,0.9921875,"[0.957073740561141, 0.9986195681071258]",10,0.03456377610564232,2.2241833209991455,0.9996697306632996,1.0666666666666667,117,0.9140625,"[0.8526590894573891, 0.951336868628613]",0.008596060331910849
W110,student,S2,3,99,3,0.030303030303030304,"[0.010358639578454329, 0.08533680206101803]",58,0.5858585858585859,"[0.4873979779628506, 0.6779050058234822]",55,0.059560973197221756,3.1054463386535645,1.0,0.7,3,0.030303030303030304,"[0.010358639578454329, 0.08533680206101803]",0.008210072293877602
W110,student,S5,0,128,125,0.9765625,"[0.9333562549485696, 0.9919975836032443]",127,0.9921875,"[0.957073740561141, 0.9986195681071258]",2,0.03517746180295944,2.3538968563079834,1.0,0.8666666666666667,125,0.9765625,"[0.9333562549485696, 0.9919975836032443]",0.002581387758255005
W110,student,S5,1,128,96,0.75,"[0.6684443704768337, 0.8169871513864129]",128,1.0,"[0.9708630437264931, 1.0]",32,0.006831651087850332,0.24851807951927185,1.0,0.7,96,0.75,"[0.6684443704768337, 0.8169871513864129]",0.0034903157502412796
W110,student,S5,2,128,121,0.9453125,"[0.8914150997002549, 0.9732597986186532]",128,1.0,"[0.9708630437264931, 1.0]",7,0.005111096426844597,0.19922013580799103,1.0,1.0666666666666667,121,0.9453125,"[0.8914150997002549, 0.9732597986186532]",0.003477830905467272
W110,student,S5,3,99,10,0.10101010101010101,"[0.05579667502880589, 0.176030635611176]",30,0.30303030303030304,"[0.22126289634155225, 0.3995126114427425]",20,0.06293006241321564,3.116800546646118,1.0,0.7,10,0.10101010101010101,"[0.05579667502880589, 0.176030635611176]",0.004489910323172808
W110,teacher,F,0,128,128,1.0,"[0.9708630437264931, 1.0]",128,1.0,"[0.9708630437264931, 1.0]",0,0.006384405307471752,0.21655133366584778,0.9994205553084612,1.8333333333333333,128,1.0,"[0.9708630437264931, 1.0]",0.007612387416884303
W110,teacher,F,1,128,128,1.0,"[0.9708630437264931, 1.0]",109,0.8515625,"[0.7797727087736918, 0.9028653688464988]",0,0.007046294864267111,0.27756810188293457,1.0,1.8333333333333333,109,0.8515625,"[0.7797727087736918, 0.9028653688464988]",0.008648163639008999
W110,teacher,F,2,128,128,1.0,"[0.9708630437264931, 1.0]",96,0.75,"[0.6684443704768337, 0.8169871513864129]",0,0.04883541166782379,2.5016591548919678,0.9929550811648369,2.066666666666667,96,0.75,"[0.6684443704768337, 0.8169871513864129]",0.008920173160731792
W110,teacher,F,3,99,99,1.0,"[0.9626467879321744, 0.9999999999999999]",94,0.9494949494949495,"[0.8871729731375138, 0.9782367655085826]",0,0.05785243958234787,1.7575005292892456,1.0,1.8333333333333333,94,0.9494949494949495,"[0.8871729731375138, 0.9782367655085826]",0.008125919848680496
W110,teacher,S2,0,128,128,1.0,"[0.9708630437264931, 1.0]",128,1.0,"[0.9708630437264931, 1.0]",0,0.005667318124324083,0.21655133366584778,0.9954407345503569,0.9,128,1.0,"[0.9708630437264931, 1.0]",0.007026333827525377
W110,teacher,S2,1,128,128,1.0,"[0.9708630437264931, 1.0]",128,1.0,"[0.9708630437264931, 1.0]",0,0.006317697465419769,0.24532654881477356,1.0,0.7,128,1.0,"[0.9708630437264931, 1.0]",0.00865183211863041
W110,teacher,S2,2,128,125,0.9765625,"[0.9333562549485696, 0.9919975836032443]",127,0.9921875,"[0.957073740561141, 0.9986195681071258]",2,0.009061350487172604,0.3754229247570038,0.9823956992477179,1.1333333333333333,125,0.9765625,"[0.9333562549485696, 0.9919975836032443]",0.008795048575848341
W110,teacher,S2,3,99,63,0.6363636363636364,"[0.53815898895096, 0.7243810441214512]",92,0.9292929292929293,"[0.8611851492149004, 0.9653297697167645]",29,0.0579446516931057,2.272050619125366,1.0,0.7,63,0.6363636363636364,"[0.53815898895096, 0.7243810441214512]",0.006748382467776537
W110,teacher,S5,0,128,123,0.9609375,"[0.911812979233165, 0.9832013892021959]",124,0.96875,"[0.922402368738641, 0.9877817347549464]",1,0.03807510435581207,2.4669647216796875,0.9979829657822847,0.9,123,0.9609375,"[0.911812979233165, 0.9832013892021959]",0.002568001043982804
W110,teacher,S5,1,128,128,1.0,"[0.9708630437264931, 1.0]",128,1.0,"[0.9708630437264931, 1.0]",0,0.006026008166372776,0.2223888635635376,1.0,0.7,128,1.0,"[0.9708630437264931, 1.0]",0.0031320378184318542
W110,teacher,S5,2,128,128,1.0,"[0.9708630437264931, 1.0]",128,1.0,"[0.9708630437264931, 1.0]",0,0.004921380430459976,0.1987294703722,0.9809983428567648,1.1333333333333333,128,1.0,"[0.9708630437264931, 1.0]",0.003591801505535841
W110,teacher,S5,3,99,79,0.797979797979798,"[0.7084558888292201, 0.8652427019586415]",98,0.98989898989899,"[0.9449846853541292, 0.9982146927208299]",19,0.05916944891214371,1.7911566495895386,1.0,0.7,79,0.797979797979798,"[0.7084558888292201, 0.8652427019586415]",0.0024181529879570007
W120,student,F,0,128,127,0.9921875,"[0.957073740561141, 0.9986195681071258]",126,0.984375,"[0.9448190233201845, 0.9957045502898558]",0,0.015932274982333183,0.410917192697525,1.0,1.8333333333333333,126,0.984375,"[0.9448190233201845, 0.9957045502898558]",0.007598658557981253
W120,student,F,1,128,128,1.0,"[0.9708630437264931, 1.0]",107,0.8359375,"[0.762181923962932, 0.8901166835408055]",0,0.0061160000041127205,0.3725922703742981,1.0,1.8333333333333333,107,0.8359375,"[0.762181923962932, 0.8901166835408055]",0.00926560489460826
W120,student,F,2,128,126,0.984375,"[0.9448190233201845, 0.9957045502898558]",126,0.984375,"[0.9448190233201845, 0.9957045502898558]",0,0.036802828311920166,2.074857473373413,0.996168702840805,2.066666666666667,126,0.984375,"[0.9448190233201845, 0.9957045502898558]",0.008589509408921003
W120,student,F,3,102,50,0.49019607843137253,"[0.39531402726372666, 0.5857897857195373]",2,0.0196078431372549,"[0.005393752169586458, 0.06869308401034692]",0,0.06118927150964737,3.1390089988708496,1.0,1.8333333333333333,2,0.0196078431372549,"[0.005393752169586458, 0.06869308401034692]",0.011302405968308449
W120,student,S2,0,128,121,0.9453125,"[0.8914150997002549, 0.9732597986186532]",127,0.9921875,"[0.957073740561141, 0.9986195681071258]",6,0.03737809136509895,1.772950291633606,0.999572454020381,0.9,121,0.9453125,"[0.8914150997002549, 0.9732597986186532]",0.006968495203182101
W120,student,S2,1,128,81,0.6328125,"[0.546570042498605, 0.7113154534912448]",128,1.0,"[0.9708630437264931, 1.0]",47,0.005833085626363754,0.2426292896270752,1.0,0.7,81,0.6328125,"[0.546570042498605, 0.7113154534912448]",0.008871891535818577
W120,student,S2,2,128,118,0.921875,"[0.8621530681952115, 0.9570126249490171]",126,0.984375,"[0.9448190233201845, 0.9957045502898558]",8,0.04198898747563362,2.191901445388794,0.9965839330106974,1.0666666666666667,118,0.921875,"[0.8621530681952115, 0.9570126249490171]",0.00842433562502265
W120,student,S2,3,102,0,0.0,"[3.469446951953614e-18, 0.03629446214646126]",6,0.058823529411764705,"[0.02723563934537509, 0.12243594490150247]",6,0.06118927150964737,3.0770814418792725,1.0,0.7,0,0.0,"[3.469446951953614e-18, 0.03629446214646126]",0.010405377019196749
W120,student,S5,0,128,125,0.9765625,"[0.9333562549485696, 0.9919975836032443]",126,0.984375,"[0.9448190233201845, 0.9957045502898558]",1,0.043335769325494766,2.23972225189209,1.0,0.9,125,0.9765625,"[0.9333562549485696, 0.9919975836032443]",0.0026468858122825623
W120,student,S5,1,128,46,0.359375,"[0.2814673057552606, 0.44547746319666326]",128,1.0,"[0.9708630437264931, 1.0]",82,0.005655144806951284,0.2366362363100052,1.0,0.7,46,0.359375,"[0.2814673057552606, 0.44547746319666326]",0.003676222753711045
W120,student,S5,2,128,118,0.921875,"[0.8621530681952115, 0.9570126249490171]",126,0.984375,"[0.9448190233201845, 0.9957045502898558]",8,0.036802828311920166,2.074857473373413,0.9985415730625391,1.0666666666666667,118,0.921875,"[0.8621530681952115, 0.9570126249490171]",0.00344392575789243
W120,student,S5,3,102,0,0.0,"[3.469446951953614e-18, 0.03629446214646126]",0,0.0,"[3.469446951953614e-18, 0.03629446214646126]",0,0.061645593494176865,3.069723606109619,1.0,0.7,0,0.0,"[3.469446951953614e-18, 0.03629446214646126]",0.009146695025265217
W120,teacher,F,0,128,128,1.0,"[0.9708630437264931, 1.0]",128,1.0,"[0.9708630437264931, 1.0]",0,0.006281489040702581,0.2037949413061142,1.0,1.8333333333333333,128,1.0,"[0.9708630437264931, 1.0]",0.007612210465595126
W120,teacher,F,1,128,128,1.0,"[0.9708630437264931, 1.0]",115,0.8984375,"[0.833975136696391, 0.9396813512731583]",0,0.006417205091565847,0.3024958074092865,1.0,1.8333333333333333,115,0.8984375,"[0.833975136696391, 0.9396813512731583]",0.008583064191043377
W120,teacher,F,2,128,128,1.0,"[0.9708630437264931, 1.0]",58,0.453125,"[0.36950795637281497, 0.5394736332778264]",0,0.04815693944692612,2.5772054195404053,0.996933039277792,2.066666666666667,58,0.453125,"[0.36950795637281497, 0.5394736332778264]",0.008751093875616789
W120,teacher,F,3,102,102,1.0,"[0.9637055378535389, 1.0]",95,0.9313725490196079,"[0.8650704496132542, 0.9663617791231323]",0,0.05766521394252777,2.773674488067627,1.0,1.8333333333333333,95,0.9313725490196079,"[0.8650704496132542, 0.9663617791231323]",0.00783948739990592
W120,teacher,S2,0,128,128,1.0,"[0.9708630437264931, 1.0]",128,1.0,"[0.9708630437264931, 1.0]",0,0.006061245687305927,0.2037949413061142,0.9977987036108971,0.9,128,1.0,"[0.9708630437264931, 1.0]",0.007031638640910387
W120,teacher,S2,1,128,127,0.9921875,"[0.957073740561141, 0.9986195681071258]",127,0.9921875,"[0.957073740561141, 0.9986195681071258]",0,0.006139846984297037,0.2512880265712738,1.0,0.7,127,0.9921875,"[0.957073740561141, 0.9986195681071258]",0.008664092049002647
W120,teacher,S2,2,128,117,0.9140625,"[0.8526590894573891, 0.951336868628613]",121,0.9453125,"[0.8914150997002549, 0.9732597986186532]",4,0.0399571917951107,2.2739293575286865,0.9806889574974775,1.1666666666666667,117,0.9140625,"[0.8526590894573891, 0.951336868628613]",0.008621114771813154
W120,teacher,S2,3,102,64,0.6274509803921569,"[0.5306001919994512, 0.7150502392181175]",99,0.9705882352941176,"[0.9170694250062348, 0.9899475517970959]",35,0.058526284992694855,2.0352563858032227,1.0,0.7666666666666667,64,0.6274509803921569,"[0.5306001919994512, 0.7150502392181175]",0.006117727141827345
W120,teacher,S5,0,128,125,0.9765625,"[0.9333562549485696, 0.9919975836032443]",126,0.984375,"[0.9448190233201845, 0.9957045502898558]",1,0.039640266448259354,2.3555259704589844,0.9969249367713928,0.9,125,0.9765625,"[0.9333562549485696, 0.9919975836032443]",0.002576388535089791
W120,teacher,S5,1,128,128,1.0,"[0.9708630437264931, 1.0]",128,1.0,"[0.9708630437264931, 1.0]",0,0.005939975846558809,0.23510539531707764,1.0,0.7,128,1.0,"[0.9708630437264931, 1.0]",0.0031537740724161267
W120,teacher,S5,2,128,128,1.0,"[0.9708630437264931, 1.0]",128,1.0,"[0.9708630437264931, 1.0]",0,0.004915003199130297,0.2053367793560028,0.9800618514418602,1.1666666666666667,128,1.0,"[0.9708630437264931, 1.0]",0.003596215625293553
W120,teacher,S5,3,102,58,0.5686274509803921,"[0.4717497773240266, 0.6605235317931258]",101,0.9901960784313726,"[0.9465420852342245, 0.9982672656025783]",43,0.014787305146455765,0.4447541832923889,1.0,0.7666666666666667,58,0.5686274509803921,"[0.4717497773240266, 0.6605235317931258]",0.0024644797667860985
W80,student,F,0,128,128,1.0,"[0.9708630437264931, 1.0]",119,0.9296875,"[0.8717651965063957, 0.9625702316960594]",0,0.02704736776649952,2.034517765045166,1.0,1.8666666666666667,119,0.9296875,"[0.8717651965063957, 0.9625702316960594]",0.007386172190308571
W80,student,F,1,128,128,1.0,"[0.9708630437264931, 1.0]",75,0.5859375,"[0.4993185914156373, 0.6675484942248537]",0,0.01057517621666193,0.6091061234474182,1.0,1.8666666666666667,75,0.5859375,"[0.4993185914156373, 0.6675484942248537]",0.009148988872766495
W80,student,F,2,128,128,1.0,"[0.9708630437264931, 1.0]",125,0.9765625,"[0.9333562549485696, 0.9919975836032443]",0,0.033135198056697845,2.2812697887420654,0.9997351095080376,2.1,125,0.9765625,"[0.9333562549485696, 0.9919975836032443]",0.009475539438426495
W80,student,F,3,104,104,1.0,"[0.9643786456275499, 0.9999999999999999]",97,0.9326923076923077,"[0.8675421323612044, 0.9670163109703293]",0,0.055655017495155334,2.6613717079162598,1.0,1.8666666666666667,97,0.9326923076923077,"[0.8675421323612044, 0.9670163109703293]",0.008786862250417471
W80,student,S2,0,128,125,0.9765625,"[0.9333562549485696, 0.9919975836032443]",128,1.0,"[0.9708630437264931, 1.0]",3,0.006363212130963802,0.2441466897726059,1.0,0.8666666666666667,125,0.9765625,"[0.9333562549485696, 0.9919975836032443]",0.006889756768941879
W80,student,S2,1,128,103,0.8046875,"[0.7275592800992111, 0.8640603871716207]",110,0.859375,"[0.7886475076210406, 0.9091603050573764]",7,0.007487937342375517,0.2804834246635437,1.0,0.7333333333333333,103,0.8046875,"[0.7275592800992111, 0.8640603871716207]",0.008865362964570522
W80,student,S2,2,128,118,0.921875,"[0.8621530681952115, 0.9570126249490171]",127,0.9921875,"[0.957073740561141, 0.9986195681071258]",9,0.05031229928135872,1.4124095439910889,0.9989723097532988,1.0666666666666667,118,0.921875,"[0.8621530681952115, 0.9570126249490171]",0.009386919438838959
W80,student,S2,3,104,37,0.3557692307692308,"[0.27040432529096187, 0.45140952693186015]",104,1.0,"[0.9643786456275499, 0.9999999999999999]",67,0.007951352745294571,0.2226884663105011,1.0,0.7333333333333333,37,0.3557692307692308,"[0.27040432529096187, 0.45140952693186015]",0.007815864402800798
W80,student,S5,0,128,83,0.6484375,"[0.5624978389203771, 0.7257271271859257]",128,1.0,"[0.9708630437264931, 1.0]",45,0.006079224403947592,0.2378082275390625,1.0,0.8666666666666667,83,0.6484375,"[0.5624978389203771, 0.7257271271859257]",0.002758451853878796
W80,student,S5,1,128,107,0.8359375,"[0.762181923962932, 0.8901166835408055]",114,0.890625,"[0.8247655486183249, 0.933721204292998]",7,0.0064558167941868305,0.2658298909664154,1.0,0.7333333333333333,107,0.8359375,"[0.762181923962932, 0.8901166835408055]",0.003144260495901108
W80,student,S5,2,128,114,0.890625,"[0.8247655486183249, 0.933721204292998]",128,1.0,"[0.9708630437264931, 1.0]",14,0.005061039235442877,0.1976647675037384,1.0,1.0666666666666667,114,0.890625,"[0.8247655486183249, 0.933721204292998]",0.0037091808626428246
W80,student,S5,3,104,46,0.4423076923076923,"[0.35060243907219246, 0.5381231018169363]",102,0.9807692307692307,"[0.9325768708423238, 0.9947102884149358]",56,0.014317456632852554,1.6165432929992676,1.0,0.7333333333333333,46,0.4423076923076923,"[0.35060243907219246, 0.5381231018169363]",0.0032038181088864803
W80,teacher,F,0,128,128,1.0,"[0.9708630437264931, 1.0]",125,0.9765625,"[0.9333562549485696, 0.9919975836032443]",0,0.03181801363825798,2.6097962856292725,0.9937294758856297,1.8666666666666667,125,0.9765625,"[0.9333562549485696, 0.9919975836032443]",0.007461584405973554
W80,teacher,F,1,128,128,1.0,"[0.9708630437264931, 1.0]",85,0.6640625,"[0.5785182090110408, 0.7400462272117148]",0,0.011221520602703094,0.5345274806022644,1.0,1.8333333333333333,85,0.6640625,"[0.5785182090110408, 0.7400462272117148]",0.008912903256714344
W80,teacher,F,2,128,128,1.0,"[0.9708630437264931, 1.0]",122,0.953125,"[0.9015024775490588, 0.9783421558280758]",0,0.03325197845697403,2.381011486053467,0.9881845209747553,2.066666666666667,122,0.953125,"[0.9015024775490588, 0.9783421558280758]",0.009462244343012571
W80,teacher,F,3,104,104,1.0,"[0.9643786456275499, 0.9999999999999999]",104,1.0,"[0.9643786456275499, 0.9999999999999999]",0,0.008460856042802334,0.19931212067604065,1.0,1.8666666666666667,104,1.0,"[0.9643786456275499, 0.9999999999999999]",0.008753122296184301
W80,teacher,S2,0,128,128,1.0,"[0.9708630437264931, 1.0]",128,1.0,"[0.9708630437264931, 1.0]",0,0.00632085558027029,0.222147598862648,0.992248672991991,0.9333333333333333,128,1.0,"[0.9708630437264931, 1.0]",0.006943177431821823
W80,teacher,S2,1,128,119,0.9296875,"[0.8717651965063957, 0.9625702316960594]",119,0.9296875,"[0.8717651965063957, 0.9625702316960594]",0,0.008769234642386436,0.2662503123283386,1.0,0.7333333333333333,119,0.9296875,"[0.8717651965063957, 0.9625702316960594]",0.008794414810836315
W80,teacher,S2,2,128,124,0.96875,"[0.922402368738641, 0.9877817347549464]",125,0.9765625,"[0.9333562549485696, 0.9919975836032443]",1,0.03019537217915058,2.2688114643096924,0.9862714447081089,1.0666666666666667,124,0.96875,"[0.922402368738641, 0.9877817347549464]",0.00929966475814581
W80,teacher,S2,3,104,96,0.9230769230769231,"[0.8555044538374441, 0.9605082463089445]",104,1.0,"[0.9643786456275499, 0.9999999999999999]",8,0.006989277433604002,0.17774850130081177,1.0,0.7333333333333333,96,0.9230769230769231,"[0.8555044538374441, 0.9605082463089445]",0.008048447780311108
W80,teacher,S5,0,128,128,1.0,"[0.9708630437264931, 1.0]",128,1.0,"[0.9708630437264931, 1.0]",0,0.006185521371662617,0.22200331091880798,0.9928391315042973,0.9333333333333333,128,1.0,"[0.9708630437264931, 1.0]",0.002644191845320165
W80,teacher,S5,1,128,126,0.984375,"[0.9448190233201845, 0.9957045502898558]",126,0.984375,"[0.9448190233201845, 0.9957045502898558]",0,0.006771397311240435,0.2550790309906006,0.9975834749639034,0.7333333333333333,126,0.984375,"[0.9448190233201845, 0.9957045502898558]",0.003222473431378603
W80,teacher,S5,2,128,127,0.9921875,"[0.957073740561141, 0.9986195681071258]",128,1.0,"[0.9708630437264931, 1.0]",1,0.005270929541438818,0.24758532643318176,0.9871771093457937,1.0666666666666667,127,0.9921875,"[0.957073740561141, 0.9986195681071258]",0.0036686621606349945
W80,teacher,S5,3,104,99,0.9519230769230769,"[0.8923579720276766, 0.9792919576741472]",104,1.0,"[0.9643786456275499, 0.9999999999999999]",5,0.007077049929648638,0.17774850130081177,1.0,0.7333333333333333,99,0.9519230769230769,"[0.8923579720276766, 0.9792919576741472]",0.0028988468693569303
W90,student,F,0,128,128,1.0,"[0.9708630437264931, 1.0]",123,0.9609375,"[0.911812979233165, 0.9832013892021959]",0,0.035151541233062744,2.34435772895813,1.0,1.8333333333333333,123,0.9609375,"[0.911812979233165, 0.9832013892021959]",0.007349571445956826
W90,student,F,1,128,128,1.0,"[0.9708630437264931, 1.0]",115,0.8984375,"[0.833975136696391, 0.9396813512731583]",0,0.0065645999275147915,0.4168999195098877,1.0,1.8333333333333333,115,0.8984375,"[0.833975136696391, 0.9396813512731583]",0.009129962418228388
W90,student,F,2,128,128,1.0,"[0.9708630437264931, 1.0]",127,0.9921875,"[0.957073740561141, 0.9986195681071258]",0,0.02400830388069153,1.7116121053695679,1.0,2.1,127,0.9921875,"[0.957073740561141, 0.9986195681071258]",0.009302906226366758
W90,student,F,3,103,102,0.9902912621359223,"[0.9470418081674651, 0.9982841085209498]",92,0.8932038834951457,"[0.8188200043472533, 0.9393126615117726]",0,0.05407268926501274,1.9057039022445679,1.0,1.8333333333333333,92,0.8932038834951457,"[0.8188200043472533, 0.9393126615117726]",0.008763267658650875
W90,student,S2,0,128,125,0.9765625,"[0.9333562549485696, 0.9919975836032443]",128,1.0,"[0.9708630437264931, 1.0]",3,0.0062123918905854225,0.2463885247707367,1.0,0.8666666666666667,125,0.9765625,"[0.9333562549485696, 0.9919975836032443]",0.006840253248810768
W90,student,S2,1,128,120,0.9375,"[0.8815120889557433, 0.9679930743049383]",123,0.9609375,"[0.911812979233165, 0.9832013892021959]",3,0.0062703401781618595,0.2643379271030426,1.0,0.7,120,0.9375,"[0.8815120889557433, 0.9679930743049383]",0.00881398655474186
W90,student,S2,2,128,121,0.9453125,"[0.8914150997002549, 0.9732597986186532]",128,1.0,"[0.9708630437264931, 1.0]",7,0.00476878322660923,0.1896609514951706,1.0,1.0666666666666667,121,0.9453125,"[0.8914150997002549, 0.9732597986186532]",0.009073460940271616
W90,student,S2,3,103,71,0.6893203883495146,"[0.5945002023335545, 0.7705266367837543]",100,0.970873786407767,"[0.9178416343391819, 0.9900456321833552]",29,0.043078839778900146,1.7939133644104004,1.0,0.7,71,0.6893203883495146,"[0.5945002023335545, 0.7705266367837543]",0.007650597952306271
W90,student,S5,0,128,121,0.9453125,"[0.8914150997002549, 0.9732597986186532]",128,1.0,"[0.9708630437264931, 1.0]",7,0.006055736448615789,0.22729098796844482,1.0,0.8666666666666667,121,0.9453125,"[0.8914150997002549, 0.9732597986186532]",0.002609985531307757
W90,student,S5,1,128,125,0.9765625,"[0.9333562549485696, 0.9919975836032443]",126,0.984375,"[0.9448190233201845, 0.9957045502898558]",1,0.006069062743335962,0.258253276348114,1.0,0.7,125,0.9765625,"[0.9333562549485696, 0.9919975836032443]",0.0031683011911809444
W90,student,S5,2,128,117,0.9140625,"[0.8526590894573891, 0.951336868628613]",128,1.0,"[0.9708630437264931, 1.0]",11,0.005198384169489145,0.20077131688594818,1.0,1.0666666666666667,117,0.9140625,"[0.8526590894573891, 0.951336868628613]",0.0036193422274664044
W90,student,S5,3,103,81,0.7864077669902912,"[0.6977175385206237, 0.8545025514260741]",98,0.9514563106796117,"[0.8913594304491923, 0.9790891859074669]",17,0.046321652829647064,1.807220458984375,1.0,0.7,81,0.7864077669902912,"[0.6977175385206237, 0.8545025514260741]",0.0028998313937336206
W90,teacher,F,0,128,128,1.0,"[0.9708630437264931, 1.0]",127,0.9921875,"[0.957073740561141, 0.9986195681071258]",0,0.03675255551934242,2.3204398155212402,0.9938269387930632,1.8333333333333333,127,0.9921875,"[0.957073740561141, 0.9986195681071258]",0.007482086308300495
W90,teacher,F,1,128,128,1.0,"[0.9708630437264931, 1.0]",111,0.8671875,"[0.7975798330550484, 0.9153977146815951]",0,0.019802575930953026,1.5731359720230103,1.0,1.8333333333333333,111,0.8671875,"[0.7975798330550484, 0.9153977146815951]",0.008805232588201761
W90,teacher,F,2,128,127,0.9921875,"[0.957073740561141, 0.9986195681071258]",118,0.921875,"[0.8621530681952115, 0.9570126249490171]",0,0.044492170214653015,2.453160047531128,0.9883179794996977,2.066666666666667,118,0.921875,"[0.8621530681952115, 0.9570126249490171]",0.00925168814137578
W90,teacher,F,3,103,103,1.0,"[0.9640452417713538, 1.0]",102,0.9902912621359223,"[0.9470418081674651, 0.9982841085209498]",0,0.05791488662362099,2.288196563720703,1.0,1.8666666666666667,102,0.9902912621359223,"[0.9470418081674651, 0.9982841085209498]",0.008478058502078056
W90,teacher,S2,0,128,127,0.9921875,"[0.957073740561141, 0.9986195681071258]",127,0.9921875,"[0.957073740561141, 0.9986195681071258]",0,0.031228428706526756,2.398456335067749,0.9927127510309219,0.9333333333333333,127,0.9921875,"[0.957073740561141, 0.9986195681071258]",0.006953522330150008
W90,teacher,S2,1,128,127,0.9921875,"[0.957073740561141, 0.9986195681071258]",127,0.9921875,"[0.957073740561141, 0.9986195681071258]",0,0.020929690450429916,1.5814470052719116,1.0,0.7,127,0.9921875,"[0.957073740561141, 0.9986195681071258]",0.008715673815459013
W90,teacher,S2,2,128,126,0.984375,"[0.9448190233201845, 0.9957045502898558]",126,0.984375,"[0.9448190233201845, 0.9957045502898558]",0,0.03330603614449501,2.218918561935425,0.984257273375988,1.1,126,0.984375,"[0.9448190233201845, 0.9957045502898558]",0.009103849530220032
W90,teacher,S2,3,103,94,0.912621359223301,"[0.8422225372494152, 0.9533487787754884]",103,1.0,"[0.9640452417713538, 1.0]",9,0.00804231595247984,0.205590158700943,1.0,0.7,94,0.912621359223301,"[0.8422225372494152, 0.9533487787754884]",0.007368040271103382
W90,teacher,S5,0,128,127,0.9921875,"[0.957073740561141, 0.9986195681071258]",127,0.9921875,"[0.957073740561141, 0.9986195681071258]",0,0.027877796441316605,1.9669568538665771,0.9956090711057186,0.9333333333333333,127,0.9921875,"[0.957073740561141, 0.9986195681071258]",0.00260884128510952
W90,teacher,S5,1,128,127,0.9921875,"[0.957073740561141, 0.9986195681071258]",127,0.9921875,"[0.957073740561141, 0.9986195681071258]",0,0.022331759333610535,1.7570302486419678,1.0,0.7,127,0.9921875,"[0.957073740561141, 0.9986195681071258]",0.0031672720797359943
W90,teacher,S5,2,128,126,0.984375,"[0.9448190233201845, 0.9957045502898558]",127,0.9921875,"[0.957073740561141, 0.9986195681071258]",1,0.03330603614449501,2.218918561935425,0.9864555206149817,1.1,126,0.984375,"[0.9448190233201845, 0.9957045502898558]",0.0036101717269048095
W90,teacher,S5,3,103,98,0.9514563106796117,"[0.8913594304491923, 0.9790891859074669]",103,1.0,"[0.9640452417713538, 1.0]",5,0.006725757848471403,0.205590158700943,1.0,0.7,98,0.9514563106796117,"[0.8913594304491923, 0.9790891859074669]",0.0027828451711684465
baseline,student,F,0,128,127,0.9921875,"[0.957073740561141, 0.9986195681071258]",123,0.9609375,"[0.911812979233165, 0.9832013892021959]",0,0.035913825035095215,2.4031310081481934,1.0,1.8333333333333333,123,0.9609375,"[0.911812979233165, 0.9832013892021959]",0.007408517645671964
baseline,student,F,1,128,128,1.0,"[0.9708630437264931, 1.0]",116,0.90625,"[0.8432700274269236, 0.9455561956008522]",0,0.006395603064447641,0.42879682779312134,1.0,1.8333333333333333,116,0.90625,"[0.8432700274269236, 0.9455561956008522]",0.009119888301938772
baseline,student,F,2,128,128,1.0,"[0.9708630437264931, 1.0]",127,0.9921875,"[0.957073740561141, 0.9986195681071258]",0,0.01773851178586483,0.5610338449478149,0.9990374092012644,2.1,127,0.9921875,"[0.957073740561141, 0.9986195681071258]",0.009156128857284784
baseline,student,F,3,128,128,1.0,"[0.9708630437264931, 1.0]",120,0.9375,"[0.8815120889557433, 0.9679930743049383]",0,0.05748957395553589,2.8254988193511963,1.0,1.8333333333333333,120,0.9375,"[0.8815120889557433, 0.9679930743049383]",0.007900323253124952
baseline,student,S2,0,128,125,0.9765625,"[0.9333562549485696, 0.9919975836032443]",126,0.984375,"[0.9448190233201845, 0.9957045502898558]",1,0.03545977175235748,2.2703592777252197,1.0,0.8666666666666667,125,0.9765625,"[0.9333562549485696, 0.9919975836032443]",0.006868437398225069
baseline,student,S2,1,128,122,0.953125,"[0.9015024775490588, 0.9783421558280758]",127,0.9921875,"[0.957073740561141, 0.9986195681071258]",5,0.006304748356342316,0.2541763186454773,1.0,0.7,122,0.953125,"[0.9015024775490588, 0.9783421558280758]",0.008854616433382034
baseline,student,S2,2,128,116,0.90625,"[0.8432700274269236, 0.9455561956008522]",127,0.9921875,"[0.957073740561141, 0.9986195681071258]",11,0.0309632308781147,2.158644676208496,0.9978932794183493,1.0666666666666667,116,0.90625,"[0.8432700274269236, 0.9455561956008522]",0.008906898088753223
baseline,student,S2,3,128,96,0.75,"[0.6684443704768337, 0.8169871513864129]",123,0.9609375,"[0.911812979233165, 0.9832013892021959]",27,0.05733603611588478,2.1885812282562256,1.0,0.7,96,0.75,"[0.6684443704768337, 0.8169871513864129]",0.00663928990252316
baseline,student,S5,0,128,122,0.953125,"[0.9015024775490588, 0.9783421558280758]",123,0.9609375,"[0.911812979233165, 0.9832013892021959]",1,0.036553848534822464,2.395601749420166,1.0,0.8666666666666667,122,0.953125,"[0.9015024775490588, 0.9783421558280758]",0.002574624610133469
baseline,student,S5,1,128,123,0.9609375,"[0.911812979233165, 0.9832013892021959]",128,1.0,"[0.9708630437264931, 1.0]",5,0.006094088312238455,0.2479645162820816,1.0,0.7,123,0.9609375,"[0.911812979233165, 0.9832013892021959]",0.003282258636318147
baseline,student,S5,2,128,116,0.90625,"[0.8432700274269236, 0.9455561956008522]",127,0.9921875,"[0.957073740561141, 0.9986195681071258]",11,0.03331432119011879,2.2309799194335938,1.0,1.0666666666666667,116,0.90625,"[0.8432700274269236, 0.9455561956008522]",0.0035606236197054386
baseline,student,S5,3,128,98,0.765625,"[0.6851645688917738, 0.8306064230879258]",127,0.9921875,"[0.957073740561141, 0.9986195681071258]",29,0.055150531232357025,2.6147966384887695,1.0,0.7,98,0.765625,"[0.6851645688917738, 0.8306064230879258]",0.0025108844274654984
baseline,teacher,F,0,128,128,1.0,"[0.9708630437264931, 1.0]",127,0.9921875,"[0.957073740561141, 0.9986195681071258]",0,0.03696657344698906,1.8807047605514526,0.9943340439349413,1.8333333333333333,127,0.9921875,"[0.957073740561141, 0.9986195681071258]",0.007544398307800293
baseline,teacher,F,1,128,128,1.0,"[0.9708630437264931, 1.0]",111,0.8671875,"[0.7975798330550484, 0.9153977146815951]",0,0.006681069266051054,0.270621120929718,1.0,1.8333333333333333,111,0.8671875,"[0.7975798330550484, 0.9153977146815951]",0.008714924566447735
baseline,teacher,F,2,128,128,1.0,"[0.9708630437264931, 1.0]",109,0.8515625,"[0.7797727087736918, 0.9028653688464988]",0,0.044035617262125015,2.358128070831299,0.9876594878733158,2.066666666666667,109,0.8515625,"[0.7797727087736918, 0.9028653688464988]",0.009140502195805311
baseline,teacher,F,3,128,128,1.0,"[0.9708630437264931, 1.0]",126,0.984375,"[0.9448190233201845, 0.9957045502898558]",0,0.06378018856048584,1.9012000560760498,1.0,1.8333333333333333,126,0.984375,"[0.9448190233201845, 0.9957045502898558]",0.007544710300862789
baseline,teacher,S2,0,128,126,0.984375,"[0.9448190233201845, 0.9957045502898558]",126,0.984375,"[0.9448190233201845, 0.9957045502898558]",0,0.03910783678293228,2.3770649433135986,0.9928704705089331,0.9333333333333333,126,0.984375,"[0.9448190233201845, 0.9957045502898558]",0.007008707150816917
baseline,teacher,S2,1,128,128,1.0,"[0.9708630437264931, 1.0]",128,1.0,"[0.9708630437264931, 1.0]",0,0.006376238539814949,0.2480110377073288,1.0,0.7,128,1.0,"[0.9708630437264931, 1.0]",0.008677818346768618
baseline,teacher,S2,2,128,127,0.9921875,"[0.957073740561141, 0.9986195681071258]",128,1.0,"[0.9708630437264931, 1.0]",1,0.004713928326964378,0.19417303800582886,0.9831410367041826,1.1,127,0.9921875,"[0.957073740561141, 0.9986195681071258]",0.008997553028166294
baseline,teacher,S2,3,128,110,0.859375,"[0.7886475076210406, 0.9091603050573764]",127,0.9921875,"[0.957073740561141, 0.9986195681071258]",17,0.05382537096738815,0.8417236804962158,1.0,0.7,110,0.859375,"[0.7886475076210406, 0.9091603050573764]",0.006471840664744377
baseline,teacher,S5,0,128,123,0.9609375,"[0.911812979233165, 0.9832013892021959]",123,0.9609375,"[0.911812979233165, 0.9832013892021959]",0,0.050511542707681656,2.416856288909912,0.9972706902772188,0.9333333333333333,123,0.9609375,"[0.911812979233165, 0.9832013892021959]",0.002577340346761048
baseline,teacher,S5,1,128,128,1.0,"[0.9708630437264931, 1.0]",128,1.0,"[0.9708630437264931, 1.0]",0,0.006003539077937603,0.23021893203258514,1.0,0.7,128,1.0,"[0.9708630437264931, 1.0]",0.0031374796526506543
baseline,teacher,S5,2,128,128,1.0,"[0.9708630437264931, 1.0]",128,1.0,"[0.9708630437264931, 1.0]",0,0.005000568460673094,0.19887803494930267,0.9834547527134418,1.1,128,1.0,"[0.9708630437264931, 1.0]",0.003592965309508145
baseline,teacher,S5,3,128,110,0.859375,"[0.7886475076210406, 0.9091603050573764]",127,0.9921875,"[0.957073740561141, 0.9986195681071258]",17,0.046868499368429184,1.7220439910888672,1.0,0.7,110,0.859375,"[0.7886475076210406, 0.9091603050573764]",0.0024563234765082598
