geometry,model,protocol,source,n,first_failure_types,translation_breach,rotation_breach,fall,invalid,truncated
L110,student,F,0,128,"{'none': 121, 'rotation': 7}",2,7,1,0,0
L110,student,F,1,128,"{'none': 77, 'rotation': 51}",0,51,0,0,0
L110,student,F,2,128,"{'none': 123, 'translation': 2, 'rotation': 2, 'translation+rotation': 1}",3,4,1,0,0
L110,student,S2,0,128,"{'none': 126, 'rotation': 2}",0,2,0,0,0
L110,student,S2,1,128,"{'none': 100, 'rotation': 28}",0,28,0,0,0
L110,student,S2,2,128,{'none': 128},0,0,0,0,0
L110,student,S5,0,128,"{'none': 125, 'rotation': 3}",0,3,0,0,0
L110,student,S5,1,128,"{'none': 114, 'rotation': 14}",0,14,0,0,0
L110,student,S5,2,128,"{'none': 127, 'translation': 1}",1,1,1,0,0
L110,teacher,F,0,128,"{'none': 127, 'rotation': 1}",1,1,1,0,0
L110,teacher,F,1,128,"{'none': 124, 'rotation': 4}",0,4,0,0,0
L110,teacher,F,2,128,"{'rotation': 51, 'none': 65, 'translation+rotation': 12}",63,63,62,0,0
L110,teacher,S2,0,128,"{'none': 127, 'rotation': 1}",1,1,1,0,0
L110,teacher,S2,1,128,{'none': 128},0,0,0,0,0
L110,teacher,S2,2,128,"{'none': 127, 'translation+rotation': 1}",1,1,1,0,0
L110,teacher,S5,0,128,"{'none': 127, 'rotation': 1}",1,1,1,0,0
L110,teacher,S5,1,128,{'none': 128},0,0,0,0,0
L110,teacher,S5,2,128,"{'none': 127, 'translation': 1}",1,1,0,0,0
L120,student,F,0,128,"{'none': 121, 'rotation': 6, 'translation+rotation': 1}",3,7,3,0,0
L120,student,F,1,128,"{'none': 78, 'rotation': 50}",0,50,0,0,0
L120,student,F,2,128,"{'none': 121, 'rotation': 4, 'translation': 3}",6,7,3,0,0
L120,student,S2,0,128,"{'none': 126, 'rotation': 1, 'translation+rotation': 1}",1,2,1,0,0
L120,student,S2,1,128,"{'none': 107, 'rotation': 21}",0,21,0,0,0
L120,student,S2,2,128,"{'none': 127, 'translation': 1}",1,1,1,0,0
L120,student,S5,0,128,"{'none': 123, 'rotation': 4, 'translation+rotation': 1}",1,5,1,0,0
L120,student,S5,1,128,"{'none': 111, 'rotation': 17}",0,17,0,0,0
L120,student,S5,2,128,{'none': 128},0,0,0,0,0
L120,teacher,F,0,128,"{'none': 127, 'rotation': 1}",1,1,1,0,0
L120,teacher,F,1,128,"{'none': 122, 'rotation': 6}",0,6,0,0,0
L120,teacher,F,2,128,"{'rotation': 42, 'none': 70, 'translation+rotation': 14, 'translation': 2}",57,58,52,0,0
L120,teacher,S2,0,128,"{'none': 127, 'rotation': 1}",1,1,1,0,0
L120,teacher,S2,1,128,"{'none': 126, 'rotation': 2}",0,2,0,0,0
L120,teacher,S2,2,128,{'none': 128},0,0,0,0,0
L120,teacher,S5,0,128,{'none': 128},0,0,0,0,0
L120,teacher,S5,1,128,"{'none': 127, 'rotation': 1}",0,1,0,0,0
L120,teacher,S5,2,128,{'none': 128},0,0,0,0,0
L80,student,F,0,128,"{'none': 114, 'rotation': 14}",13,14,13,0,0
L80,student,F,1,128,"{'none': 103, 'rotation': 25}",0,25,0,0,0
L80,student,F,2,128,"{'none': 118, 'translation+rotation': 4, 'rotation': 5, 'translation': 1}",10,9,4,0,0
L80,student,S2,0,128,"{'none': 122, 'rotation': 6}",4,6,4,0,0
L80,student,S2,1,128,"{'none': 124, 'rotation': 4}",0,4,0,0,0
L80,student,S2,2,128,{'none': 128},0,0,0,0,0
L80,student,S5,0,128,"{'none': 123, 'rotation': 4, 'translation+rotation': 1}",4,5,4,0,0
L80,student,S5,1,128,{'none': 128},0,0,0,0,0
L80,student,S5,2,128,"{'none': 127, 'rotation': 1}",1,1,1,0,0
L80,teacher,F,0,128,"{'none': 126, 'rotation': 1, 'translation+rotation': 1}",1,2,1,0,0
L80,teacher,F,1,128,"{'none': 111, 'rotation': 17}",0,17,0,0,0
L80,teacher,F,2,128,"{'none': 120, 'rotation': 6, 'translation+rotation': 2}",8,8,8,0,0
L80,teacher,S2,0,128,"{'none': 126, 'rotation': 2}",2,2,2,0,0
L80,teacher,S2,1,128,{'none': 128},0,0,0,0,0
L80,teacher,S2,2,128,"{'none': 127, 'translation+rotation': 1}",1,1,1,0,0
L80,teacher,S5,0,128,"{'none': 126, 'rotation': 2}",1,2,1,0,0
L80,teacher,S5,1,128,{'none': 128},0,0,0,0,0
L80,teacher,S5,2,128,{'none': 128},0,0,0,0,0
L90,student,F,0,128,"{'none': 107, 'rotation': 21}",18,21,18,0,0
L90,student,F,1,128,"{'none': 109, 'rotation': 19}",0,19,0,0,0
L90,student,F,2,128,"{'none': 123, 'rotation': 4, 'translation+rotation': 1}",5,5,4,0,0
L90,student,F,3,13,"{'rotation': 11, 'translation': 2}",13,13,1,0,0
L90,student,S2,0,128,"{'none': 119, 'rotation': 9}",5,9,5,0,0
L90,student,S2,1,128,"{'none': 127, 'rotation': 1}",0,1,0,0,0
L90,student,S2,2,128,{'none': 128},0,0,0,0,0
L90,student,S2,3,13,"{'translation+rotation': 3, 'translation': 3, 'rotation': 7}",13,13,2,0,0
L90,student,S5,0,128,"{'none': 122, 'rotation': 6}",5,6,5,0,0
L90,student,S5,1,128,{'none': 128},0,0,0,0,0
L90,student,S5,2,128,"{'none': 126, 'rotation': 2}",2,2,2,0,0
L90,student,S5,3,13,"{'rotation': 8, 'translation+rotation': 2, 'translation': 3}",13,13,8,0,0
L90,teacher,F,0,128,"{'none': 127, 'rotation': 1}",0,1,0,0,0
L90,teacher,F,1,128,"{'none': 107, 'rotation': 21}",0,21,0,0,0
L90,teacher,F,2,128,"{'none': 121, 'translation+rotation': 1, 'rotation': 6}",7,7,7,0,0
L90,teacher,F,3,13,"{'none': 12, 'rotation': 1}",1,1,0,0,0
L90,teacher,S2,0,128,{'none': 128},0,0,0,0,0
L90,teacher,S2,1,128,{'none': 128},0,0,0,0,0
L90,teacher,S2,2,128,"{'none': 127, 'rotation': 1}",1,1,1,0,0
L90,teacher,S2,3,13,"{'none': 12, 'rotation': 1}",1,1,0,0,0
L90,teacher,S5,0,128,"{'none': 125, 'rotation': 3}",3,3,3,0,0
L90,teacher,S5,1,128,{'none': 128},0,0,0,0,0
L90,teacher,S5,2,128,{'none': 128},0,0,0,0,0
L90,teacher,S5,3,13,{'none': 13},0,0,0,0,0
T110,student,F,0,128,"{'rotation': 8, 'none': 120}",4,8,4,0,0
T110,student,F,1,128,"{'none': 118, 'rotation': 10}",0,10,0,0,0
T110,student,F,2,128,"{'none': 123, 'rotation': 4, 'translation+rotation': 1}",4,5,3,0,0
T110,student,F,3,97,"{'none': 78, 'translation+rotation': 6, 'translation': 4, 'rotation': 9}",16,19,10,0,0
T110,student,S2,0,128,"{'rotation': 4, 'none': 124}",1,4,1,0,0
T110,student,S2,1,128,"{'none': 126, 'rotation': 2}",0,2,0,0,0
T110,student,S2,2,128,"{'none': 126, 'rotation': 1, 'translation+rotation': 1}",2,2,2,0,0
T110,student,S2,3,97,"{'none': 85, 'rotation': 7, 'translation': 3, 'translation+rotation': 2}",9,12,7,0,0
T110,student,S5,0,128,"{'none': 123, 'rotation': 5}",4,5,4,0,0
T110,student,S5,1,128,"{'none': 126, 'rotation': 2}",0,2,0,0,0
T110,student,S5,2,128,"{'none': 127, 'rotation': 1}",0,1,0,0,0
T110,student,S5,3,97,"{'none': 83, 'translation+rotation': 4, 'rotation': 5, 'translation': 5}",12,14,7,0,0
T110,teacher,F,0,128,"{'none': 127, 'rotation': 1}",0,1,0,0,0
T110,teacher,F,1,128,"{'none': 120, 'rotation': 8}",0,8,0,0,0
T110,teacher,F,2,128,"{'none': 108, 'rotation': 19, 'translation+rotation': 1}",19,20,19,0,0
T110,teacher,F,3,97,"{'none': 95, 'rotation': 2}",2,2,1,0,0
T110,teacher,S2,0,128,"{'none': 127, 'rotation': 1}",0,1,0,0,0
T110,teacher,S2,1,128,{'none': 128},0,0,0,0,0
T110,teacher,S2,2,128,{'none': 128},0,0,0,0,0
T110,teacher,S2,3,97,"{'none': 96, 'rotation': 1}",1,1,0,0,0
T110,teacher,S5,0,128,"{'none': 123, 'rotation': 5}",4,5,4,0,0
T110,teacher,S5,1,128,{'none': 128},0,0,0,0,0
T110,teacher,S5,2,128,{'none': 128},0,0,0,0,0
T110,teacher,S5,3,97,"{'none': 95, 'rotation': 1, 'translation': 1}",1,2,1,0,0
T120,student,F,0,128,"{'none': 118, 'rotation': 10}",6,10,5,0,0
T120,student,F,1,128,"{'none': 122, 'rotation': 6}",0,6,0,0,0
T120,student,F,2,128,"{'translation+rotation': 11, 'none': 105, 'translation': 4, 'rotation': 8}",22,22,12,0,0
T120,student,F,3,83,"{'none': 64, 'rotation': 8, 'translation+rotation': 7, 'translation': 4}",17,19,11,0,0
T120,student,S2,0,128,"{'none': 124, 'rotation': 4}",0,4,0,0,0
T120,student,S2,1,128,{'none': 128},0,0,0,0,0
T120,student,S2,2,128,"{'none': 125, 'translation+rotation': 1, 'rotation': 2}",2,3,2,0,0
T120,student,S2,3,83,"{'none': 73, 'translation+rotation': 2, 'translation': 1, 'rotation': 7}",8,10,7,0,0
T120,student,S5,0,128,"{'none': 126, 'rotation': 2}",2,2,2,0,0
T120,student,S5,1,128,"{'none': 125, 'rotation': 3}",0,3,0,0,0
T120,student,S5,2,128,{'none': 128},0,0,0,0,0
T120,student,S5,3,83,"{'none': 69, 'translation': 7, 'translation+rotation': 1, 'rotation': 6}",12,14,4,0,0
T120,teacher,F,0,128,"{'none': 126, 'rotation': 1, 'translation+rotation': 1}",1,2,1,0,0
T120,teacher,F,1,128,"{'none': 127, 'rotation': 1}",0,1,0,0,0
T120,teacher,F,2,128,"{'rotation': 34, 'none': 91, 'translation+rotation': 3}",36,37,36,0,0
T120,teacher,F,3,83,"{'none': 77, 'rotation': 3, 'translation': 2, 'translation+rotation': 1}",4,6,4,0,0
T120,teacher,S2,0,128,"{'none': 126, 'rotation': 1, 'translation+rotation': 1}",1,2,1,0,0
T120,teacher,S2,1,128,{'none': 128},0,0,0,0,0
T120,teacher,S2,2,128,"{'none': 120, 'translation+rotation': 2, 'rotation': 6}",8,8,8,0,0
T120,teacher,S2,3,83,"{'none': 79, 'rotation': 3, 'translation+rotation': 1}",2,4,1,0,0
T120,teacher,S5,0,128,"{'none': 121, 'rotation': 6, 'translation+rotation': 1}",6,7,6,0,0
T120,teacher,S5,1,128,"{'none': 127, 'rotation': 1}",0,1,0,0,0
T120,teacher,S5,2,128,"{'none': 127, 'rotation': 1}",1,1,1,0,0
T120,teacher,S5,3,83,"{'none': 78, 'rotation': 3, 'translation': 2}",2,5,2,0,0
T80,student,F,0,128,"{'none': 125, 'rotation': 3}",3,3,2,0,0
T80,student,F,1,128,"{'rotation': 93, 'none': 35}",0,93,0,0,0
T80,student,F,2,128,"{'none': 125, 'rotation': 3}",3,3,1,0,0
T80,student,F,3,122,"{'none': 84, 'rotation': 23, 'translation+rotation': 6, 'translation': 9}",38,36,27,0,0
T80,student,S2,0,128,"{'none': 125, 'rotation': 3}",2,3,2,0,0
T80,student,S2,1,128,"{'none': 86, 'rotation': 42}",0,42,0,0,0
T80,student,S2,2,128,{'none': 128},0,0,0,0,0
T80,student,S2,3,122,"{'none': 94, 'rotation': 21, 'translation': 4, 'translation+rotation': 3}",28,28,25,0,0
T80,student,S5,0,128,"{'none': 124, 'rotation': 4}",4,4,4,0,0
T80,student,S5,1,128,"{'none': 112, 'rotation': 16}",0,16,0,0,0
T80,student,S5,2,128,{'none': 128},0,0,0,0,0
T80,student,S5,3,122,"{'none': 113, 'rotation': 6, 'translation+rotation': 2, 'translation': 1}",9,9,8,0,0
T80,teacher,F,0,128,"{'none': 124, 'rotation': 4}",4,4,4,0,0
T80,teacher,F,1,128,"{'rotation': 54, 'none': 74}",0,54,0,0,0
T80,teacher,F,2,128,"{'none': 81, 'rotation': 42, 'translation': 1, 'translation+rotation': 4}",42,47,39,0,0
T80,teacher,F,3,122,"{'none': 110, 'rotation': 12}",12,12,6,0,0
T80,teacher,S2,0,128,"{'none': 124, 'rotation': 4}",4,4,4,0,0
T80,teacher,S2,1,128,"{'rotation': 7, 'none': 121}",0,7,0,0,0
T80,teacher,S2,2,128,"{'none': 126, 'translation': 1, 'rotation': 1}",2,2,1,0,0
T80,teacher,S2,3,122,"{'none': 111, 'rotation': 9, 'translation': 1, 'translation+rotation': 1}",11,11,3,0,0
T80,teacher,S5,0,128,"{'none': 122, 'rotation': 6}",6,6,6,0,0
T80,teacher,S5,1,128,{'none': 128},0,0,0,0,0
T80,teacher,S5,2,128,"{'none': 126, 'translation': 1, 'rotation': 1}",2,2,1,0,0
T80,teacher,S5,3,122,"{'none': 117, 'rotation': 5}",5,5,3,0,0
T90,student,F,0,128,"{'none': 127, 'translation': 1}",1,1,1,0,0
T90,student,F,1,128,"{'rotation': 45, 'none': 83}",0,45,0,0,0
T90,student,F,2,128,{'none': 128},0,0,0,0,0
T90,student,F,3,108,"{'none': 84, 'rotation': 13, 'translation': 8, 'translation+rotation': 3}",23,22,17,0,0
T90,student,S2,0,128,"{'none': 127, 'translation': 1}",1,1,1,0,0
T90,student,S2,1,128,"{'none': 113, 'rotation': 15}",0,15,0,0,0
T90,student,S2,2,128,{'none': 128},0,0,0,0,0
T90,student,S2,3,108,"{'none': 93, 'rotation': 13, 'translation': 1, 'translation+rotation': 1}",15,15,14,0,0
T90,student,S5,0,128,"{'none': 126, 'translation': 1, 'rotation': 1}",2,2,2,0,0
T90,student,S5,1,128,"{'none': 125, 'rotation': 3}",0,3,0,0,0
T90,student,S5,2,128,{'none': 128},0,0,0,0,0
T90,student,S5,3,108,"{'none': 100, 'rotation': 7, 'translation': 1}",8,8,6,0,0
T90,teacher,F,0,128,"{'none': 123, 'rotation': 4, 'translation': 1}",5,5,5,0,0
T90,teacher,F,1,128,"{'none': 99, 'rotation': 29}",0,29,0,0,0
T90,teacher,F,2,128,"{'none': 106, 'rotation': 20, 'translation+rotation': 2}",20,22,20,0,0
T90,teacher,F,3,108,"{'none': 100, 'rotation': 8}",8,8,4,0,0
T90,teacher,S2,0,128,"{'none': 126, 'rotation': 1, 'translation': 1}",2,2,2,0,0
T90,teacher,S2,1,128,"{'none': 126, 'rotation': 2}",0,2,0,0,0
T90,teacher,S2,2,128,{'none': 128},0,0,0,0,0
T90,teacher,S2,3,108,"{'none': 104, 'translation': 1, 'rotation': 3}",4,4,2,0,0
T90,teacher,S5,0,128,"{'none': 123, 'rotation': 4, 'translation': 1}",5,5,5,0,0
T90,teacher,S5,1,128,{'none': 128},0,0,0,0,0
T90,teacher,S5,2,128,{'none': 128},0,0,0,0,0
T90,teacher,S5,3,108,"{'none': 107, 'rotation': 1}",1,1,1,0,0
W110,student,F,0,128,{'none': 128},0,0,0,0,0
W110,student,F,1,128,"{'rotation': 15, 'none': 113}",0,15,0,0,0
W110,student,F,2,128,{'none': 128},0,0,0,0,0
W110,student,F,3,99,"{'none': 37, 'translation+rotation': 18, 'rotation': 37, 'translation': 7}",62,62,58,0,0
W110,student,S2,0,128,{'none': 128},0,0,0,0,0
W110,student,S2,1,128,"{'none': 126, 'rotation': 2}",0,2,0,0,0
W110,student,S2,2,128,"{'none': 127, 'rotation': 1}",1,1,1,0,0
W110,student,S2,3,99,"{'none': 58, 'translation+rotation': 11, 'rotation': 27, 'translation': 3}",40,41,35,0,0
W110,student,S5,0,128,"{'none': 127, 'rotation': 1}",1,1,1,0,0
W110,student,S5,1,128,{'none': 128},0,0,0,0,0
W110,student,S5,2,128,{'none': 128},0,0,0,0,0
W110,student,S5,3,99,"{'none': 30, 'rotation': 49, 'translation+rotation': 16, 'translation': 4}",69,69,63,0,0
W110,teacher,F,0,128,{'none': 128},0,0,0,0,0
W110,teacher,F,1,128,"{'none': 109, 'rotation': 19}",0,19,0,0,0
W110,teacher,F,2,128,"{'none': 96, 'rotation': 29, 'translation+rotation': 3}",31,32,29,0,0
W110,teacher,F,3,99,"{'none': 94, 'translation': 2, 'rotation': 3}",5,5,4,0,0
W110,teacher,S2,0,128,{'none': 128},0,0,0,0,0
W110,teacher,S2,1,128,{'none': 128},0,0,0,0,0
W110,teacher,S2,2,128,"{'none': 127, 'rotation': 1}",0,1,0,0,0
W110,teacher,S2,3,99,"{'none': 92, 'rotation': 4, 'translation': 3}",7,7,5,0,0
W110,teacher,S5,0,128,"{'none': 124, 'rotation': 4}",3,4,3,0,0
W110,teacher,S5,1,128,{'none': 128},0,0,0,0,0
W110,teacher,S5,2,128,{'none': 128},0,0,0,0,0
W110,teacher,S5,3,99,"{'none': 98, 'rotation': 1}",1,1,1,0,0
W120,student,F,0,128,"{'none': 126, 'rotation': 2}",1,2,0,0,0
W120,student,F,1,128,"{'none': 107, 'rotation': 21}",0,21,0,0,0
W120,student,F,2,128,"{'none': 126, 'rotation': 1, 'translation': 1}",2,2,2,0,0
W120,student,F,3,102,"{'translation': 18, 'translation+rotation': 27, 'rotation': 55, 'none': 2}",100,99,93,0,0
W120,student,S2,0,128,"{'none': 127, 'rotation': 1}",1,1,1,0,0
W120,student,S2,1,128,{'none': 128},0,0,0,0,0
W120,student,S2,2,128,"{'none': 126, 'rotation': 1, 'translation': 1}",2,2,2,0,0
W120,student,S2,3,102,"{'translation+rotation': 27, 'translation': 11, 'rotation': 58, 'none': 6}",96,96,90,0,0
W120,student,S5,0,128,"{'none': 126, 'rotation': 2}",2,2,2,0,0
W120,student,S5,1,128,{'none': 128},0,0,0,0,0
W120,student,S5,2,128,"{'none': 126, 'rotation': 1, 'translation': 1}",2,2,2,0,0
W120,student,S5,3,102,"{'rotation': 63, 'translation+rotation': 30, 'translation': 9}",102,102,97,0,0
W120,teacher,F,0,128,{'none': 128},0,0,0,0,0
W120,teacher,F,1,128,"{'none': 115, 'rotation': 13}",0,13,0,0,0
W120,teacher,F,2,128,"{'rotation': 55, 'none': 58, 'translation+rotation': 14, 'translation': 1}",68,70,65,0,0
W120,teacher,F,3,102,"{'none': 95, 'rotation': 4, 'translation+rotation': 1, 'translation': 2}",7,7,7,0,0
W120,teacher,S2,0,128,{'none': 128},0,0,0,0,0
W120,teacher,S2,1,128,"{'none': 127, 'rotation': 1}",0,1,0,0,0
W120,teacher,S2,2,128,"{'none': 121, 'rotation': 5, 'translation+rotation': 2}",7,7,6,0,0
W120,teacher,S2,3,102,"{'none': 99, 'translation': 1, 'translation+rotation': 1, 'rotation': 1}",3,3,2,0,0
W120,teacher,S5,0,128,"{'none': 126, 'rotation': 2}",2,2,2,0,0
W120,teacher,S5,1,128,{'none': 128},0,0,0,0,0
W120,teacher,S5,2,128,{'none': 128},0,0,0,0,0
W120,teacher,S5,3,102,"{'none': 101, 'translation': 1}",1,1,0,0,0
W80,student,F,0,128,"{'none': 119, 'rotation': 9}",2,9,1,0,0
W80,student,F,1,128,"{'rotation': 53, 'none': 75}",3,53,0,0,0
W80,student,F,2,128,"{'none': 125, 'translation+rotation': 2, 'rotation': 1}",3,3,3,0,0
W80,student,F,3,104,"{'none': 97, 'rotation': 6, 'translation+rotation': 1}",5,7,1,0,0
W80,student,S2,0,128,{'none': 128},0,0,0,0,0
W80,student,S2,1,128,"{'none': 110, 'rotation': 18}",0,18,0,0,0
W80,student,S2,2,128,"{'none': 127, 'rotation': 1}",1,1,1,0,0
W80,student,S2,3,104,{'none': 104},0,0,0,0,0
W80,student,S5,0,128,{'none': 128},0,0,0,0,0
W80,student,S5,1,128,"{'none': 114, 'rotation': 14}",0,14,0,0,0
W80,student,S5,2,128,{'none': 128},0,0,0,0,0
W80,student,S5,3,104,"{'none': 102, 'rotation': 2}",1,2,1,0,0
W80,teacher,F,0,128,"{'none': 125, 'rotation': 3}",2,3,2,0,0
W80,teacher,F,1,128,"{'rotation': 43, 'none': 85}",3,43,0,0,0
W80,teacher,F,2,128,"{'none': 122, 'rotation': 4, 'translation+rotation': 2}",6,6,6,0,0
W80,teacher,F,3,104,{'none': 104},0,0,0,0,0
W80,teacher,S2,0,128,{'none': 128},0,0,0,0,0
W80,teacher,S2,1,128,"{'none': 119, 'rotation': 9}",0,9,0,0,0
W80,teacher,S2,2,128,"{'none': 125, 'rotation': 3}",3,3,3,0,0
W80,teacher,S2,3,104,{'none': 104},0,0,0,0,0
W80,teacher,S5,0,128,{'none': 128},0,0,0,0,0
W80,teacher,S5,1,128,"{'none': 126, 'rotation': 2}",0,2,0,0,0
W80,teacher,S5,2,128,{'none': 128},0,0,0,0,0
W80,teacher,S5,3,104,{'none': 104},0,0,0,0,0
W90,student,F,0,128,"{'none': 123, 'rotation': 5}",2,5,2,0,0
W90,student,F,1,128,"{'none': 115, 'rotation': 13}",0,13,0,0,0
W90,student,F,2,128,"{'none': 127, 'rotation': 1}",1,1,1,0,0
W90,student,F,3,103,"{'none': 92, 'rotation': 8, 'translation+rotation': 2, 'translation': 1}",10,11,7,0,0
W90,student,S2,0,128,{'none': 128},0,0,0,0,0
W90,student,S2,1,128,"{'none': 123, 'rotation': 5}",0,5,0,0,0
W90,student,S2,2,128,{'none': 128},0,0,0,0,0
W90,student,S2,3,103,"{'none': 100, 'rotation': 3}",3,3,2,0,0
W90,student,S5,0,128,{'none': 128},0,0,0,0,0
W90,student,S5,1,128,"{'none': 126, 'rotation': 2}",0,2,0,0,0
W90,student,S5,2,128,{'none': 128},0,0,0,0,0
W90,student,S5,3,103,"{'none': 98, 'rotation': 3, 'translation': 2}",5,5,3,0,0
W90,teacher,F,0,128,"{'none': 127, 'rotation': 1}",1,1,1,0,0
W90,teacher,F,1,128,"{'none': 111, 'translation': 1, 'rotation': 16}",1,17,1,0,0
W90,teacher,F,2,128,"{'none': 118, 'rotation': 8, 'translation+rotation': 2}",10,10,10,0,0
W90,teacher,F,3,103,"{'none': 102, 'translation': 1}",1,1,1,0,0
W90,teacher,S2,0,128,"{'none': 127, 'rotation': 1}",1,1,1,0,0
W90,teacher,S2,1,128,"{'none': 127, 'translation': 1}",1,1,1,0,0
W90,teacher,S2,2,128,"{'none': 126, 'rotation': 2}",2,2,2,0,0
W90,teacher,S2,3,103,{'none': 103},0,0,0,0,0
W90,teacher,S5,0,128,"{'none': 127, 'rotation': 1}",1,1,1,0,0
W90,teacher,S5,1,128,"{'none': 127, 'rotation': 1}",1,1,1,0,0
W90,teacher,S5,2,128,"{'none': 127, 'rotation': 1}",1,1,1,0,0
W90,teacher,S5,3,103,{'none': 103},0,0,0,0,0
baseline,student,F,0,128,"{'none': 123, 'rotation': 4, 'translation+rotation': 1}",4,5,3,0,0
baseline,student,F,1,128,"{'none': 116, 'rotation': 12}",0,12,0,0,0
baseline,student,F,2,128,"{'none': 127, 'translation+rotation': 1}",1,1,0,0,0
baseline,student,F,3,128,"{'none': 120, 'rotation': 8}",7,8,6,0,0
baseline,student,S2,0,128,"{'none': 126, 'rotation': 1, 'translation+rotation': 1}",2,2,2,0,0
baseline,student,S2,1,128,"{'none': 127, 'rotation': 1}",0,1,0,0,0
baseline,student,S2,2,128,"{'none': 127, 'rotation': 1}",1,1,1,0,0
baseline,student,S2,3,128,"{'none': 123, 'rotation': 2, 'translation+rotation': 3}",4,5,4,0,0
baseline,student,S5,0,128,"{'none': 123, 'rotation': 4, 'translation+rotation': 1}",4,5,4,0,0
baseline,student,S5,1,128,{'none': 128},0,0,0,0,0
baseline,student,S5,2,128,"{'none': 127, 'rotation': 1}",1,1,1,0,0
baseline,student,S5,3,128,"{'none': 127, 'rotation': 1}",1,1,1,0,0
baseline,teacher,F,0,128,"{'none': 127, 'translation': 1}",1,1,1,0,0
baseline,teacher,F,1,128,"{'none': 111, 'rotation': 17}",0,17,0,0,0
baseline,teacher,F,2,128,"{'rotation': 18, 'none': 109, 'translation+rotation': 1}",19,19,19,0,0
baseline,teacher,F,3,128,"{'none': 126, 'rotation': 2}",2,2,2,0,0
baseline,teacher,S2,0,128,"{'none': 126, 'rotation': 1, 'translation+rotation': 1}",2,2,2,0,0
baseline,teacher,S2,1,128,{'none': 128},0,0,0,0,0
baseline,teacher,S2,2,128,{'none': 128},0,0,0,0,0
baseline,teacher,S2,3,128,"{'none': 127, 'rotation': 1}",1,1,1,0,0
baseline,teacher,S5,0,128,"{'none': 123, 'rotation': 5}",5,5,4,0,0
baseline,teacher,S5,1,128,{'none': 128},0,0,0,0,0
baseline,teacher,S5,2,128,{'none': 128},0,0,0,0,0
baseline,teacher,S5,3,128,"{'none': 127, 'translation': 1}",1,1,1,0,0
