model,source,seconds,trial,strict,body_stable,alive
static,0,2.0,0,False,True,True
static,0,2.0,1,False,True,True
static,0,2.0,2,False,True,True
static,0,2.0,3,False,True,True
static,0,2.0,4,False,True,True
static,0,2.0,5,False,True,True
static,0,2.0,6,False,True,True
static,0,2.0,7,False,True,True
static,0,2.0,8,False,True,True
static,0,2.0,9,False,True,True
static,0,2.0,10,False,True,True
static,0,2.0,11,False,True,True
static,0,2.0,12,False,True,True
static,0,2.0,13,False,True,True
static,0,2.0,14,False,True,True
static,0,2.0,15,False,True,True
static,0,2.0,16,False,True,True
static,0,2.0,17,False,True,True
static,0,2.0,18,False,True,True
static,0,2.0,19,False,True,True
static,0,2.0,20,False,True,True
static,0,2.0,21,False,True,True
static,0,2.0,22,False,True,True
static,0,2.0,23,False,True,True
static,0,2.0,24,False,True,True
static,0,2.0,25,False,True,True
static,0,2.0,26,False,True,True
static,0,2.0,27,False,True,True
static,0,2.0,28,False,True,True
static,0,2.0,29,False,True,True
static,0,2.0,30,False,True,True
static,0,2.0,31,False,True,True
static,1,2.0,0,False,True,True
static,1,2.0,1,False,True,True
static,1,2.0,2,False,True,True
static,1,2.0,3,False,True,True
static,1,2.0,4,False,True,True
static,1,2.0,5,False,True,True
static,1,2.0,6,False,True,True
static,1,2.0,7,False,True,True
static,1,2.0,8,False,True,True
static,1,2.0,9,False,True,True
static,1,2.0,10,False,True,True
static,1,2.0,11,False,True,True
static,1,2.0,12,False,True,True
static,1,2.0,13,False,True,True
static,1,2.0,14,False,True,True
static,1,2.0,15,False,True,True
static,1,2.0,16,False,True,True
static,1,2.0,17,False,True,True
static,1,2.0,18,False,True,True
static,1,2.0,19,False,True,True
static,1,2.0,20,False,True,True
static,1,2.0,21,False,True,True
static,1,2.0,22,False,True,True
static,1,2.0,23,False,True,True
static,1,2.0,24,False,True,True
static,1,2.0,25,False,True,True
static,1,2.0,26,False,True,True
static,1,2.0,27,False,True,True
static,1,2.0,28,False,True,True
static,1,2.0,29,False,True,True
static,1,2.0,30,False,True,True
static,1,2.0,31,False,True,True
static,2,2.0,0,False,True,True
static,2,2.0,1,False,True,True
static,2,2.0,2,False,True,True
static,2,2.0,3,False,True,True
static,2,2.0,4,False,True,True
static,2,2.0,5,False,True,True
static,2,2.0,6,False,True,True
static,2,2.0,7,False,True,True
static,2,2.0,8,False,True,True
static,2,2.0,9,False,True,True
static,2,2.0,10,False,True,True
static,2,2.0,11,False,True,True
static,2,2.0,12,False,True,True
static,2,2.0,13,False,True,True
static,2,2.0,14,False,True,True
static,2,2.0,15,False,True,True
static,2,2.0,16,False,True,True
static,2,2.0,17,False,True,True
static,2,2.0,18,False,True,True
static,2,2.0,19,False,True,True
static,2,2.0,20,False,True,True
static,2,2.0,21,False,True,True
static,2,2.0,22,False,True,True
static,2,2.0,23,False,True,True
static,2,2.0,24,False,True,True
static,2,2.0,25,False,True,True
static,2,2.0,26,False,True,True
static,2,2.0,27,False,True,True
static,2,2.0,28,False,True,True
static,2,2.0,29,False,True,True
static,2,2.0,30,False,True,True
static,2,2.0,31,False,True,True
static,3,2.0,0,False,True,True
static,3,2.0,1,False,True,True
static,3,2.0,2,False,True,True
static,3,2.0,3,False,True,True
static,3,2.0,4,False,True,True
static,3,2.0,5,False,True,True
static,3,2.0,6,False,True,True
static,3,2.0,7,False,True,True
static,3,2.0,8,False,True,True
static,3,2.0,9,False,True,True
static,3,2.0,10,False,True,True
static,3,2.0,11,False,True,True
static,3,2.0,12,False,True,True
static,3,2.0,13,False,True,True
static,3,2.0,14,False,True,True
static,3,2.0,15,False,True,True
static,3,2.0,16,False,True,True
static,3,2.0,17,False,True,True
static,3,2.0,18,False,True,True
static,3,2.0,19,False,True,True
static,3,2.0,20,False,True,True
static,3,2.0,21,False,True,True
static,3,2.0,22,False,True,True
static,3,2.0,23,False,True,True
static,3,2.0,24,False,True,True
static,3,2.0,25,False,True,True
static,3,2.0,26,False,True,True
static,3,2.0,27,False,True,True
static,3,2.0,28,False,True,True
static,3,2.0,29,False,True,True
static,3,2.0,30,False,True,True
static,3,2.0,31,False,True,True
historical,0,2.0,0,True,True,True
historical,0,2.0,1,True,True,True
historical,0,2.0,2,True,True,True
historical,0,2.0,3,True,True,True
historical,0,2.0,4,True,True,True
historical,0,2.0,5,True,True,True
historical,0,2.0,6,True,True,True
historical,0,2.0,7,True,True,True
historical,0,2.0,8,True,True,True
historical,0,2.0,9,True,True,True
historical,0,2.0,10,True,True,True
historical,0,2.0,11,True,True,True
historical,0,2.0,12,True,True,True
historical,0,2.0,13,True,True,True
historical,0,2.0,14,True,True,True
historical,0,2.0,15,True,True,True
historical,0,2.0,16,True,True,True
historical,0,2.0,17,True,True,True
historical,0,2.0,18,True,True,True
historical,0,2.0,19,True,True,True
historical,0,2.0,20,True,True,True
historical,0,2.0,21,True,True,True
historical,0,2.0,22,True,True,True
historical,0,2.0,23,True,True,True
historical,0,2.0,24,True,True,True
historical,0,2.0,25,True,True,True
historical,0,2.0,26,True,True,True
historical,0,2.0,27,True,True,True
historical,0,2.0,28,True,True,True
historical,0,2.0,29,True,True,True
historical,0,2.0,30,True,True,True
historical,0,2.0,31,True,True,True
historical,1,2.0,0,True,True,True
historical,1,2.0,1,True,True,True
historical,1,2.0,2,True,True,True
historical,1,2.0,3,True,True,True
historical,1,2.0,4,True,True,True
historical,1,2.0,5,True,True,True
historical,1,2.0,6,True,True,True
historical,1,2.0,7,True,True,True
historical,1,2.0,8,True,True,True
historical,1,2.0,9,True,True,True
historical,1,2.0,10,True,True,True
historical,1,2.0,11,True,True,True
historical,1,2.0,12,True,True,True
historical,1,2.0,13,True,True,True
historical,1,2.0,14,True,True,True
historical,1,2.0,15,True,True,True
historical,1,2.0,16,True,True,True
historical,1,2.0,17,True,True,True
historical,1,2.0,18,True,True,True
historical,1,2.0,19,True,True,True
historical,1,2.0,20,True,True,True
historical,1,2.0,21,True,True,True
historical,1,2.0,22,True,True,True
historical,1,2.0,23,True,True,True
historical,1,2.0,24,True,True,True
historical,1,2.0,25,True,True,True
historical,1,2.0,26,True,True,True
historical,1,2.0,27,True,True,True
historical,1,2.0,28,True,True,True
historical,1,2.0,29,True,True,True
historical,1,2.0,30,True,True,True
historical,1,2.0,31,True,True,True
historical,2,2.0,0,True,True,True
historical,2,2.0,1,True,True,True
historical,2,2.0,2,True,True,True
historical,2,2.0,3,True,True,True
historical,2,2.0,4,True,True,True
historical,2,2.0,5,True,True,True
historical,2,2.0,6,True,True,True
historical,2,2.0,7,True,True,True
historical,2,2.0,8,True,True,True
historical,2,2.0,9,True,True,True
historical,2,2.0,10,True,True,True
historical,2,2.0,11,True,True,True
historical,2,2.0,12,True,True,True
historical,2,2.0,13,True,True,True
historical,2,2.0,14,True,True,True
historical,2,2.0,15,True,True,True
historical,2,2.0,16,True,True,True
historical,2,2.0,17,True,True,True
historical,2,2.0,18,True,True,True
historical,2,2.0,19,True,True,True
historical,2,2.0,20,True,True,True
historical,2,2.0,21,True,True,True
historical,2,2.0,22,True,True,True
historical,2,2.0,23,True,True,True
historical,2,2.0,24,True,True,True
historical,2,2.0,25,True,True,True
historical,2,2.0,26,True,True,True
historical,2,2.0,27,True,True,True
historical,2,2.0,28,True,True,True
historical,2,2.0,29,True,True,True
historical,2,2.0,30,True,True,True
historical,2,2.0,31,True,True,True
historical,3,2.0,0,False,True,True
historical,3,2.0,1,False,True,True
historical,3,2.0,2,False,True,True
historical,3,2.0,3,False,True,True
historical,3,2.0,4,False,True,True
historical,3,2.0,5,False,True,True
historical,3,2.0,6,False,True,True
historical,3,2.0,7,False,True,True
historical,3,2.0,8,False,True,True
historical,3,2.0,9,False,True,True
historical,3,2.0,10,False,True,True
historical,3,2.0,11,False,True,True
historical,3,2.0,12,False,True,True
historical,3,2.0,13,False,True,True
historical,3,2.0,14,False,True,True
historical,3,2.0,15,False,True,True
historical,3,2.0,16,False,True,True
historical,3,2.0,17,False,True,True
historical,3,2.0,18,False,True,True
historical,3,2.0,19,False,True,True
historical,3,2.0,20,False,True,True
historical,3,2.0,21,False,True,True
historical,3,2.0,22,False,True,True
historical,3,2.0,23,False,True,True
historical,3,2.0,24,False,True,True
historical,3,2.0,25,False,True,True
historical,3,2.0,26,False,True,True
historical,3,2.0,27,False,True,True
historical,3,2.0,28,False,True,True
historical,3,2.0,29,False,True,True
historical,3,2.0,30,False,True,True
historical,3,2.0,31,False,True,True
source3,0,2.0,0,False,False,False
source3,0,2.0,1,False,False,False
source3,0,2.0,2,False,False,False
source3,0,2.0,3,False,False,False
source3,0,2.0,4,False,False,False
source3,0,2.0,5,False,False,False
source3,0,2.0,6,False,False,False
source3,0,2.0,7,False,False,False
source3,0,2.0,8,False,False,False
source3,0,2.0,9,False,False,False
source3,0,2.0,10,False,False,False
source3,0,2.0,11,False,False,False
source3,0,2.0,12,False,False,False
source3,0,2.0,13,False,False,False
source3,0,2.0,14,False,False,False
source3,0,2.0,15,False,False,False
source3,0,2.0,16,False,False,False
source3,0,2.0,17,False,False,False
source3,0,2.0,18,False,False,False
source3,0,2.0,19,False,False,False
source3,0,2.0,20,False,False,False
source3,0,2.0,21,False,False,False
source3,0,2.0,22,False,False,False
source3,0,2.0,23,False,False,False
source3,0,2.0,24,False,False,False
source3,0,2.0,25,False,False,False
source3,0,2.0,26,False,False,False
source3,0,2.0,27,False,False,False
source3,0,2.0,28,False,False,True
source3,0,2.0,29,False,False,False
source3,0,2.0,30,False,False,False
source3,0,2.0,31,False,False,False
source3,1,2.0,0,False,False,False
source3,1,2.0,1,False,False,False
source3,1,2.0,2,False,False,False
source3,1,2.0,3,False,False,False
source3,1,2.0,4,False,False,False
source3,1,2.0,5,False,False,False
source3,1,2.0,6,False,False,False
source3,1,2.0,7,False,False,False
source3,1,2.0,8,False,False,False
source3,1,2.0,9,False,False,False
source3,1,2.0,10,False,False,False
source3,1,2.0,11,False,False,False
source3,1,2.0,12,False,False,False
source3,1,2.0,13,False,False,False
source3,1,2.0,14,False,False,False
source3,1,2.0,15,False,False,False
source3,1,2.0,16,False,False,False
source3,1,2.0,17,False,False,False
source3,1,2.0,18,False,False,False
source3,1,2.0,19,False,False,False
source3,1,2.0,20,False,False,False
source3,1,2.0,21,False,False,False
source3,1,2.0,22,False,False,False
source3,1,2.0,23,False,False,False
source3,1,2.0,24,False,False,False
source3,1,2.0,25,False,False,False
source3,1,2.0,26,False,False,False
source3,1,2.0,27,False,False,False
source3,1,2.0,28,False,False,False
source3,1,2.0,29,False,False,False
source3,1,2.0,30,False,False,False
source3,1,2.0,31,False,False,False
source3,2,2.0,0,False,False,False
source3,2,2.0,1,False,False,False
source3,2,2.0,2,False,False,False
source3,2,2.0,3,False,False,False
source3,2,2.0,4,False,False,False
source3,2,2.0,5,False,False,False
source3,2,2.0,6,False,False,False
source3,2,2.0,7,False,False,False
source3,2,2.0,8,False,False,False
source3,2,2.0,9,False,False,False
source3,2,2.0,10,False,False,False
source3,2,2.0,11,False,False,False
source3,2,2.0,12,False,False,False
source3,2,2.0,13,False,False,False
source3,2,2.0,14,False,False,False
source3,2,2.0,15,False,False,False
source3,2,2.0,16,False,False,False
source3,2,2.0,17,False,False,True
source3,2,2.0,18,False,False,False
source3,2,2.0,19,False,False,False
source3,2,2.0,20,False,False,False
source3,2,2.0,21,False,False,False
source3,2,2.0,22,False,False,False
source3,2,2.0,23,False,False,False
source3,2,2.0,24,False,False,False
source3,2,2.0,25,False,False,False
source3,2,2.0,26,False,False,False
source3,2,2.0,27,False,False,False
source3,2,2.0,28,False,False,False
source3,2,2.0,29,False,False,False
source3,2,2.0,30,False,False,False
source3,2,2.0,31,False,False,False
source3,3,2.0,0,False,True,True
source3,3,2.0,1,True,True,True
source3,3,2.0,2,True,True,True
source3,3,2.0,3,True,True,True
source3,3,2.0,4,True,True,True
source3,3,2.0,5,True,True,True
source3,3,2.0,6,False,True,True
source3,3,2.0,7,True,True,True
source3,3,2.0,8,True,True,True
source3,3,2.0,9,True,True,True
source3,3,2.0,10,True,True,True
source3,3,2.0,11,True,True,True
source3,3,2.0,12,True,True,True
source3,3,2.0,13,True,True,True
source3,3,2.0,14,True,True,True
source3,3,2.0,15,True,True,True
source3,3,2.0,16,True,True,True
source3,3,2.0,17,True,True,True
source3,3,2.0,18,True,True,True
source3,3,2.0,19,False,True,True
source3,3,2.0,20,False,True,True
source3,3,2.0,21,True,True,True
source3,3,2.0,22,False,False,False
source3,3,2.0,23,True,True,True
source3,3,2.0,24,True,True,True
source3,3,2.0,25,True,True,True
source3,3,2.0,26,True,True,True
source3,3,2.0,27,False,True,True
source3,3,2.0,28,True,True,True
source3,3,2.0,29,False,True,True
source3,3,2.0,30,True,True,True
source3,3,2.0,31,False,True,True
static,0,5.0,0,False,True,True
static,0,5.0,1,False,True,True
static,0,5.0,2,False,True,True
static,0,5.0,3,False,True,True
static,0,5.0,4,False,True,True
static,0,5.0,5,False,True,True
static,0,5.0,6,False,True,True
static,0,5.0,7,False,True,True
static,0,5.0,8,False,True,True
static,0,5.0,9,False,True,True
static,0,5.0,10,False,True,True
static,0,5.0,11,False,True,True
static,0,5.0,12,False,True,True
static,0,5.0,13,False,True,True
static,0,5.0,14,False,True,True
static,0,5.0,15,False,True,True
static,0,5.0,16,False,True,True
static,0,5.0,17,False,True,True
static,0,5.0,18,False,True,True
static,0,5.0,19,False,True,True
static,0,5.0,20,False,True,True
static,0,5.0,21,False,True,True
static,0,5.0,22,False,True,True
static,0,5.0,23,False,True,True
static,0,5.0,24,False,True,True
static,0,5.0,25,False,True,True
static,0,5.0,26,False,True,True
static,0,5.0,27,False,True,True
static,0,5.0,28,False,True,True
static,0,5.0,29,False,True,True
static,0,5.0,30,False,True,True
static,0,5.0,31,False,True,True
static,1,5.0,0,False,True,True
static,1,5.0,1,False,True,True
static,1,5.0,2,False,True,True
static,1,5.0,3,False,True,True
static,1,5.0,4,False,True,True
static,1,5.0,5,False,True,True
static,1,5.0,6,False,True,True
static,1,5.0,7,False,True,True
static,1,5.0,8,False,True,True
static,1,5.0,9,False,True,True
static,1,5.0,10,False,True,True
static,1,5.0,11,False,True,True
static,1,5.0,12,False,True,True
static,1,5.0,13,False,True,True
static,1,5.0,14,False,True,True
static,1,5.0,15,False,True,True
static,1,5.0,16,False,True,True
static,1,5.0,17,False,True,True
static,1,5.0,18,False,True,True
static,1,5.0,19,False,True,True
static,1,5.0,20,False,True,True
static,1,5.0,21,False,True,True
static,1,5.0,22,False,True,True
static,1,5.0,23,False,True,True
static,1,5.0,24,False,True,True
static,1,5.0,25,False,True,True
static,1,5.0,26,False,True,True
static,1,5.0,27,False,True,True
static,1,5.0,28,False,True,True
static,1,5.0,29,False,True,True
static,1,5.0,30,False,True,True
static,1,5.0,31,False,True,True
static,2,5.0,0,False,True,True
static,2,5.0,1,False,True,True
static,2,5.0,2,False,True,True
static,2,5.0,3,False,True,True
static,2,5.0,4,False,True,True
static,2,5.0,5,False,True,True
static,2,5.0,6,False,True,True
static,2,5.0,7,False,True,True
static,2,5.0,8,False,True,True
static,2,5.0,9,False,True,True
static,2,5.0,10,False,True,True
static,2,5.0,11,False,True,True
static,2,5.0,12,False,True,True
static,2,5.0,13,False,True,True
static,2,5.0,14,False,True,True
static,2,5.0,15,False,True,True
static,2,5.0,16,False,True,True
static,2,5.0,17,False,True,True
static,2,5.0,18,False,True,True
static,2,5.0,19,False,True,True
static,2,5.0,20,False,True,True
static,2,5.0,21,False,True,True
static,2,5.0,22,False,True,True
static,2,5.0,23,False,True,True
static,2,5.0,24,False,True,True
static,2,5.0,25,False,True,True
static,2,5.0,26,False,True,True
static,2,5.0,27,False,True,True
static,2,5.0,28,False,True,True
static,2,5.0,29,False,True,True
static,2,5.0,30,False,True,True
static,2,5.0,31,False,True,True
static,3,5.0,0,False,True,True
static,3,5.0,1,False,True,True
static,3,5.0,2,False,True,True
static,3,5.0,3,False,True,True
static,3,5.0,4,False,True,True
static,3,5.0,5,False,True,True
static,3,5.0,6,False,True,True
static,3,5.0,7,False,True,True
static,3,5.0,8,False,True,True
static,3,5.0,9,False,True,True
static,3,5.0,10,False,True,True
static,3,5.0,11,False,True,True
static,3,5.0,12,False,True,True
static,3,5.0,13,False,True,True
static,3,5.0,14,False,True,True
static,3,5.0,15,False,True,True
static,3,5.0,16,False,True,True
static,3,5.0,17,False,True,True
static,3,5.0,18,False,True,True
static,3,5.0,19,False,True,True
static,3,5.0,20,False,True,True
static,3,5.0,21,False,True,True
static,3,5.0,22,False,True,True
static,3,5.0,23,False,True,True
static,3,5.0,24,False,True,True
static,3,5.0,25,False,True,True
static,3,5.0,26,False,True,True
static,3,5.0,27,False,True,True
static,3,5.0,28,False,True,True
static,3,5.0,29,False,True,True
static,3,5.0,30,False,True,True
static,3,5.0,31,False,True,True
historical,0,5.0,0,True,True,True
historical,0,5.0,1,True,True,True
historical,0,5.0,2,True,True,True
historical,0,5.0,3,True,True,True
historical,0,5.0,4,True,True,True
historical,0,5.0,5,True,True,True
historical,0,5.0,6,True,True,True
historical,0,5.0,7,True,True,True
historical,0,5.0,8,True,True,True
historical,0,5.0,9,True,True,True
historical,0,5.0,10,True,True,True
historical,0,5.0,11,True,True,True
historical,0,5.0,12,True,True,True
historical,0,5.0,13,True,True,True
historical,0,5.0,14,True,True,True
historical,0,5.0,15,True,True,True
historical,0,5.0,16,True,True,True
historical,0,5.0,17,True,True,True
historical,0,5.0,18,True,True,True
historical,0,5.0,19,True,True,True
historical,0,5.0,20,True,True,True
historical,0,5.0,21,True,True,True
historical,0,5.0,22,True,True,True
historical,0,5.0,23,True,True,True
historical,0,5.0,24,True,True,True
historical,0,5.0,25,True,True,True
historical,0,5.0,26,True,True,True
historical,0,5.0,27,True,True,True
historical,0,5.0,28,True,True,True
historical,0,5.0,29,True,True,True
historical,0,5.0,30,True,True,True
historical,0,5.0,31,True,True,True
historical,1,5.0,0,True,True,True
historical,1,5.0,1,True,True,True
historical,1,5.0,2,True,True,True
historical,1,5.0,3,True,True,True
historical,1,5.0,4,True,True,True
historical,1,5.0,5,True,True,True
historical,1,5.0,6,True,True,True
historical,1,5.0,7,True,True,True
historical,1,5.0,8,True,True,True
historical,1,5.0,9,True,True,True
historical,1,5.0,10,True,True,True
historical,1,5.0,11,True,True,True
historical,1,5.0,12,True,True,True
historical,1,5.0,13,True,True,True
historical,1,5.0,14,True,True,True
historical,1,5.0,15,True,True,True
historical,1,5.0,16,True,True,True
historical,1,5.0,17,True,True,True
historical,1,5.0,18,True,True,True
historical,1,5.0,19,True,True,True
historical,1,5.0,20,True,True,True
historical,1,5.0,21,True,True,True
historical,1,5.0,22,True,True,True
historical,1,5.0,23,True,True,True
historical,1,5.0,24,True,True,True
historical,1,5.0,25,True,True,True
historical,1,5.0,26,True,True,True
historical,1,5.0,27,True,True,True
historical,1,5.0,28,True,True,True
historical,1,5.0,29,True,True,True
historical,1,5.0,30,True,True,True
historical,1,5.0,31,True,True,True
historical,2,5.0,0,True,True,True
historical,2,5.0,1,True,True,True
historical,2,5.0,2,True,True,True
historical,2,5.0,3,True,True,True
historical,2,5.0,4,True,True,True
historical,2,5.0,5,True,True,True
historical,2,5.0,6,True,True,True
historical,2,5.0,7,True,True,True
historical,2,5.0,8,True,True,True
historical,2,5.0,9,True,True,True
historical,2,5.0,10,True,True,True
historical,2,5.0,11,True,True,True
historical,2,5.0,12,True,True,True
historical,2,5.0,13,True,True,True
historical,2,5.0,14,True,True,True
historical,2,5.0,15,True,True,True
historical,2,5.0,16,True,True,True
historical,2,5.0,17,True,True,True
historical,2,5.0,18,True,True,True
historical,2,5.0,19,True,True,True
historical,2,5.0,20,True,True,True
historical,2,5.0,21,True,True,True
historical,2,5.0,22,True,True,True
historical,2,5.0,23,True,True,True
historical,2,5.0,24,True,True,True
historical,2,5.0,25,True,True,True
historical,2,5.0,26,True,True,True
historical,2,5.0,27,True,True,True
historical,2,5.0,28,True,True,True
historical,2,5.0,29,True,True,True
historical,2,5.0,30,True,True,True
historical,2,5.0,31,True,True,True
historical,3,5.0,0,False,True,True
historical,3,5.0,1,False,True,True
historical,3,5.0,2,False,True,True
historical,3,5.0,3,False,True,True
historical,3,5.0,4,False,True,True
historical,3,5.0,5,False,True,True
historical,3,5.0,6,False,True,True
historical,3,5.0,7,False,True,True
historical,3,5.0,8,False,True,True
historical,3,5.0,9,False,True,True
historical,3,5.0,10,False,True,True
historical,3,5.0,11,False,True,True
historical,3,5.0,12,False,True,True
historical,3,5.0,13,False,True,True
historical,3,5.0,14,False,True,True
historical,3,5.0,15,False,True,True
historical,3,5.0,16,False,True,True
historical,3,5.0,17,False,True,True
historical,3,5.0,18,False,True,True
historical,3,5.0,19,False,True,True
historical,3,5.0,20,False,True,True
historical,3,5.0,21,False,True,True
historical,3,5.0,22,False,True,True
historical,3,5.0,23,False,True,True
historical,3,5.0,24,False,True,True
historical,3,5.0,25,False,True,True
historical,3,5.0,26,False,True,True
historical,3,5.0,27,False,True,True
historical,3,5.0,28,False,True,True
historical,3,5.0,29,False,True,True
historical,3,5.0,30,False,True,True
historical,3,5.0,31,False,True,True
source3,0,5.0,0,False,False,False
source3,0,5.0,1,False,False,False
source3,0,5.0,2,False,False,False
source3,0,5.0,3,False,False,False
source3,0,5.0,4,False,False,False
source3,0,5.0,5,False,False,False
source3,0,5.0,6,False,False,False
source3,0,5.0,7,False,False,False
source3,0,5.0,8,False,False,False
source3,0,5.0,9,False,False,False
source3,0,5.0,10,False,False,False
source3,0,5.0,11,False,False,False
source3,0,5.0,12,False,False,False
source3,0,5.0,13,False,False,False
source3,0,5.0,14,False,False,False
source3,0,5.0,15,False,False,False
source3,0,5.0,16,False,False,False
source3,0,5.0,17,False,False,False
source3,0,5.0,18,False,False,False
source3,0,5.0,19,False,False,False
source3,0,5.0,20,False,False,False
source3,0,5.0,21,False,False,False
source3,0,5.0,22,False,False,False
source3,0,5.0,23,False,False,False
source3,0,5.0,24,False,False,False
source3,0,5.0,25,False,False,False
source3,0,5.0,26,False,False,False
source3,0,5.0,27,False,False,False
source3,0,5.0,28,False,False,True
source3,0,5.0,29,False,False,False
source3,0,5.0,30,False,False,False
source3,0,5.0,31,False,False,False
source3,1,5.0,0,False,False,False
source3,1,5.0,1,False,False,False
source3,1,5.0,2,False,False,False
source3,1,5.0,3,False,False,False
source3,1,5.0,4,False,False,False
source3,1,5.0,5,False,False,False
source3,1,5.0,6,False,False,False
source3,1,5.0,7,False,False,False
source3,1,5.0,8,False,False,False
source3,1,5.0,9,False,False,False
source3,1,5.0,10,False,False,False
source3,1,5.0,11,False,False,False
source3,1,5.0,12,False,False,False
source3,1,5.0,13,False,False,False
source3,1,5.0,14,False,False,False
source3,1,5.0,15,False,False,False
source3,1,5.0,16,False,False,False
source3,1,5.0,17,False,False,False
source3,1,5.0,18,False,False,False
source3,1,5.0,19,False,False,False
source3,1,5.0,20,False,False,False
source3,1,5.0,21,False,False,False
source3,1,5.0,22,False,False,False
source3,1,5.0,23,False,False,False
source3,1,5.0,24,False,False,False
source3,1,5.0,25,False,False,False
source3,1,5.0,26,False,False,False
source3,1,5.0,27,False,False,False
source3,1,5.0,28,False,False,False
source3,1,5.0,29,False,False,False
source3,1,5.0,30,False,False,False
source3,1,5.0,31,False,False,False
source3,2,5.0,0,False,False,False
source3,2,5.0,1,False,False,False
source3,2,5.0,2,False,False,False
source3,2,5.0,3,False,False,False
source3,2,5.0,4,False,False,False
source3,2,5.0,5,False,False,False
source3,2,5.0,6,False,False,False
source3,2,5.0,7,False,False,False
source3,2,5.0,8,False,False,False
source3,2,5.0,9,False,False,False
source3,2,5.0,10,False,False,False
source3,2,5.0,11,False,False,False
source3,2,5.0,12,False,False,False
source3,2,5.0,13,False,False,False
source3,2,5.0,14,False,False,False
source3,2,5.0,15,False,False,False
source3,2,5.0,16,False,False,False
source3,2,5.0,17,False,False,True
source3,2,5.0,18,False,False,False
source3,2,5.0,19,False,False,False
source3,2,5.0,20,False,False,False
source3,2,5.0,21,False,False,False
source3,2,5.0,22,False,False,False
source3,2,5.0,23,False,False,False
source3,2,5.0,24,False,False,False
source3,2,5.0,25,False,False,False
source3,2,5.0,26,False,False,False
source3,2,5.0,27,False,False,False
source3,2,5.0,28,False,False,False
source3,2,5.0,29,False,False,False
source3,2,5.0,30,False,False,False
source3,2,5.0,31,False,False,False
source3,3,5.0,0,True,True,True
source3,3,5.0,1,True,True,True
source3,3,5.0,2,True,True,True
source3,3,5.0,3,True,True,True
source3,3,5.0,4,True,True,True
source3,3,5.0,5,True,True,True
source3,3,5.0,6,True,True,True
source3,3,5.0,7,True,True,True
source3,3,5.0,8,True,True,True
source3,3,5.0,9,True,True,True
source3,3,5.0,10,True,True,True
source3,3,5.0,11,True,True,True
source3,3,5.0,12,True,True,True
source3,3,5.0,13,True,True,True
source3,3,5.0,14,True,True,True
source3,3,5.0,15,True,True,True
source3,3,5.0,16,True,True,True
source3,3,5.0,17,True,True,True
source3,3,5.0,18,True,True,True
source3,3,5.0,19,True,True,True
source3,3,5.0,20,True,True,True
source3,3,5.0,21,True,True,True
source3,3,5.0,22,True,True,True
source3,3,5.0,23,True,True,True
source3,3,5.0,24,True,True,True
source3,3,5.0,25,True,True,True
source3,3,5.0,26,True,True,True
source3,3,5.0,27,False,True,True
source3,3,5.0,28,True,True,True
source3,3,5.0,29,True,True,True
source3,3,5.0,30,True,True,True
source3,3,5.0,31,True,True,True
