candidate_row,source,static_alive,timed2_first_cycle,timed2_strict,timed2_alive,timed5_first_cycle,timed5_strict,timed5_alive,arrival_cycles,arrival_three_cycles,arrival_alive
0,original_train,True,True,True,True,True,True,True,20,True,True
1,original_train,True,True,True,True,True,True,True,16,True,True
2,original_train,True,True,True,True,True,True,True,12,True,False
3,additional_train,True,False,False,True,False,False,True,0,False,True
4,additional_train,True,True,False,True,True,False,True,3,True,True
5,additional_train,True,False,False,False,False,False,True,2,False,True
6,additional_train,True,True,False,True,True,False,True,12,True,True
7,additional_train,True,False,False,True,False,False,True,0,False,True
8,additional_train,True,True,False,True,True,False,True,16,True,True
9,additional_train,True,False,False,False,False,False,False,0,False,False
10,additional_train,True,False,False,True,False,False,True,0,False,True
11,additional_train,True,False,False,True,False,False,True,0,False,True
12,additional_train,True,False,False,True,False,False,True,0,False,True
13,additional_train,True,False,False,True,False,False,True,0,False,True
14,additional_train,True,True,False,True,True,False,True,15,True,True
15,additional_train,True,False,False,False,False,False,False,1,False,False
16,historical_diagnostic,True,False,False,False,False,False,False,0,False,False
17,historical_diagnostic,True,False,False,True,False,False,True,1,False,True
20,historical_diagnostic,True,False,False,False,False,False,False,0,False,False
21,historical_diagnostic,True,False,False,True,False,False,True,0,False,True
22,historical_diagnostic,True,False,False,True,False,False,True,0,False,True
23,historical_diagnostic,True,False,False,False,False,False,False,0,False,False
