joint_name,model_from_device_sign,device_zero_rad,known_model_reference_rad,measured_device_reference_rad,zero_verified
hand_r_index_joint1,1,0,,,false
hand_r_index_joint2,1,0,,,false
hand_r_index_joint3,1,0,,,false
hand_r_index_joint4,1,0,,,false
hand_r_middle_joint1,1,0,,,false
hand_r_middle_joint2,1,0,,,false
hand_r_middle_joint3,1,0,,,false
hand_r_middle_joint4,1,0,,,false
hand_r_pinky_joint1,1,0,,,false
hand_r_pinky_joint2,1,0,,,false
hand_r_pinky_joint3,1,0,,,false
hand_r_pinky_joint4,1,0,,,false
hand_r_ring_joint1,1,0,,,false
hand_r_ring_joint2,1,0,,,false
hand_r_ring_joint3,1,0,,,false
hand_r_ring_joint4,1,0,,,false
hand_r_thumb_joint1,1,0,,,false
hand_r_thumb_joint2,1,0,,,false
hand_r_thumb_joint3,1,0,,,false
hand_r_thumb_joint4,1,0,,,false
