model,protocol,cohort,source_id,trial_count,successes,success_rate,alive_full,static_alive_count,success_on_static_alive,static_stable_count,success_on_static_stable,mean_cycles,max_drift_mm,max_rotation_deg
A,fixed2,new_unseen_amended_physical,new_1,32,0,0.0,31,3,0,3,0,0.0,42.50851646065712,139.0263285554535
A,fixed2,new_unseen_amended_physical,new_16,32,0,0.0,1,9,0,0,0,0.0,35.80646589398384,172.16866037078145
A,fixed2,new_unseen_amended_physical,new_29,32,0,0.0,31,30,0,27,0,0.0,13.12167663127184,90.7422050106376
A,fixed2,original_train,old_candidate_0,32,0,0.0,32,31,0,31,0,3.03125,10.872662998735905,19.512093392562445
A,fixed2,original_train,old_candidate_1,32,0,0.0,32,32,0,32,0,0.0,4.709303379058838,14.35565744658695
A,fixed2,additional_train,old_candidate_10,32,0,0.0,32,32,0,32,0,0.0,12.684228830039501,29.704663455114705
A,fixed2,additional_train,old_candidate_11,32,0,0.0,31,32,0,32,0,0.03125,16.740236431360245,94.61891110051012
A,fixed2,additional_train,old_candidate_12,32,0,0.0,0,32,0,32,0,0.0,52.102237939834595,133.2511304046409
A,fixed2,additional_train,old_candidate_13,32,0,0.0,11,32,0,32,0,0.0,21.078258752822876,91.55150046501407
A,fixed2,additional_train,old_candidate_14,32,0,0.0,32,32,0,32,0,0.03125,10.552488267421722,32.51560048727677
A,fixed2,additional_train,old_candidate_15,32,0,0.0,31,32,0,30,0,0.0,32.72971138358116,107.84759416423414
A,fixed2,historical_diagnostic,old_candidate_16,32,0,0.0,32,32,0,32,0,0.0,17.12678000330925,63.98775980523987
A,fixed2,historical_diagnostic,old_candidate_17,32,0,0.0,32,32,0,32,0,0.0,9.077342227101326,21.03938687022712
A,fixed2,original_train,old_candidate_2,32,26,0.8125,32,32,26,31,26,4.53125,4.12911269813776,9.97956890573812
A,fixed2,historical_diagnostic,old_candidate_20,32,0,0.0,3,32,0,31,0,0.0,28.838302940130234,139.04535746248115
A,fixed2,historical_diagnostic,old_candidate_21,32,0,0.0,1,8,0,6,0,0.0,53.13634127378464,102.04153721875144
A,fixed2,historical_diagnostic,old_candidate_22,32,0,0.0,25,19,0,14,0,0.0,37.24383935332298,115.42071667064751
A,fixed2,historical_diagnostic,old_candidate_23,32,0,0.0,9,12,0,12,0,0.0,38.52127492427826,142.49558654057805
A,fixed2,additional_train,old_candidate_3,32,0,0.0,0,32,0,32,0,0.0,51.323749125003815,101.06745662045924
A,fixed2,additional_train,old_candidate_4,32,0,0.0,29,32,0,32,0,0.0,42.781900614500046,105.49491501405574
A,fixed2,additional_train,old_candidate_5,32,0,0.0,31,32,0,32,0,0.0,45.42629048228264,96.50792285888221
A,fixed2,additional_train,old_candidate_6,32,0,0.0,30,31,0,30,0,0.0,33.32823887467384,141.35438487367398
A,fixed2,additional_train,old_candidate_7,32,0,0.0,32,32,0,25,0,0.0,17.53351464867592,50.774243176567865
A,fixed2,additional_train,old_candidate_8,32,0,0.0,31,32,0,32,0,0.0,37.71480545401573,97.74000702288247
A,fixed2,additional_train,old_candidate_9,32,0,0.0,5,32,0,32,0,0.0,48.788152635097504,126.18442544404896
A,fixed5,new_unseen_amended_physical,new_1,32,0,0.0,31,3,0,3,0,0.0,42.50851646065712,139.0263285554535
A,fixed5,new_unseen_amended_physical,new_16,32,0,0.0,1,9,0,0,0,0.0,35.80646589398384,172.16866037078145
A,fixed5,new_unseen_amended_physical,new_29,32,0,0.0,32,30,0,27,0,0.0,10.396264493465424,53.34210060635834
A,fixed5,original_train,old_candidate_0,32,0,0.0,32,31,0,31,0,0.0,3.473106073215604,8.201012405302542
A,fixed5,original_train,old_candidate_1,32,0,0.0,32,32,0,32,0,0.0,4.645691253244877,14.535375091575618
A,fixed5,additional_train,old_candidate_10,32,0,0.0,32,32,0,32,0,0.0,12.684228830039501,29.429533190062834
A,fixed5,additional_train,old_candidate_11,32,0,0.0,30,32,0,32,0,0.0,44.29163411259651,137.51269033348694
A,fixed5,additional_train,old_candidate_12,32,0,0.0,0,32,0,32,0,0.0,49.78235438466072,145.38386863490135
A,fixed5,additional_train,old_candidate_13,32,0,0.0,14,32,0,32,0,0.0,22.326773032546043,90.35047317116987
A,fixed5,additional_train,old_candidate_14,32,0,0.0,32,32,0,32,0,0.0,10.376308113336563,32.886732476207754
A,fixed5,additional_train,old_candidate_15,32,0,0.0,2,32,0,30,0,0.0625,42.54879429936409,151.4691846947892
A,fixed5,historical_diagnostic,old_candidate_16,32,0,0.0,32,32,0,32,0,0.0,15.992272645235062,49.31725454357742
A,fixed5,historical_diagnostic,old_candidate_17,32,0,0.0,32,32,0,32,0,0.15625,9.077342227101326,21.7811232159757
A,fixed5,original_train,old_candidate_2,32,0,0.0,32,32,0,31,0,0.0,4.137526731938124,9.155068596495555
A,fixed5,historical_diagnostic,old_candidate_20,32,0,0.0,3,32,0,31,0,0.0,28.838302940130234,139.04535746248115
A,fixed5,historical_diagnostic,old_candidate_21,32,0,0.0,2,8,0,6,0,0.0,53.13634127378464,99.11481481977931
A,fixed5,historical_diagnostic,old_candidate_22,32,0,0.0,16,19,0,14,0,0.0,43.39653626084328,108.88665035210066
A,fixed5,historical_diagnostic,old_candidate_23,32,0,0.0,6,12,0,12,0,0.0,40.124643594026566,142.48818261551776
A,fixed5,additional_train,old_candidate_3,32,0,0.0,0,32,0,32,0,0.0,42.52443090081215,106.22906472718373
A,fixed5,additional_train,old_candidate_4,32,0,0.0,30,32,0,32,0,0.0,40.55831953883171,144.31316818061015
A,fixed5,additional_train,old_candidate_5,32,0,0.0,32,32,0,32,0,0.0,13.247259892523289,29.63664160117055
A,fixed5,additional_train,old_candidate_6,32,0,0.0,31,31,0,30,0,0.0,31.400933861732483,141.35438487367398
A,fixed5,additional_train,old_candidate_7,32,0,0.0,32,32,0,25,0,0.03125,17.31804944574833,53.46670374738689
A,fixed5,additional_train,old_candidate_8,32,0,0.0,32,32,0,32,0,0.0,12.299098074436188,32.47503940889065
A,fixed5,additional_train,old_candidate_9,32,0,0.0,5,32,0,32,0,0.0,49.73236471414566,129.36263540826093
A,arrival,new_unseen_amended_physical,new_1,32,0,0.0,31,3,0,3,0,0.125,42.50851646065712,139.0263285554535
A,arrival,new_unseen_amended_physical,new_16,32,0,0.0,1,9,0,0,0,0.0,35.80646589398384,172.16866037078145
A,arrival,new_unseen_amended_physical,new_29,32,0,0.0,32,30,0,27,0,0.0,11.170611716806889,53.00855856352453
A,arrival,original_train,old_candidate_0,32,30,0.9375,32,31,29,31,29,10.6875,5.188396200537682,7.694220052850412
A,arrival,original_train,old_candidate_1,32,0,0.0,32,32,0,32,0,1.0,3.7410573568195105,10.966760905915805
A,arrival,additional_train,old_candidate_10,32,4,0.125,32,32,4,32,4,1.4375,12.684228830039501,28.94892692911489
A,arrival,additional_train,old_candidate_11,32,7,0.21875,32,32,7,32,7,1.9375,14.681038446724415,29.552271689447966
A,arrival,additional_train,old_candidate_12,32,0,0.0,32,32,0,32,0,0.0,12.961013242602348,52.01693803944374
A,arrival,additional_train,old_candidate_13,32,0,0.0,9,32,0,32,0,0.03125,20.98388597369194,90.2436626729292
A,arrival,additional_train,old_candidate_14,32,24,0.75,32,32,24,32,24,3.1875,10.98431646823883,24.13698523430733
A,arrival,additional_train,old_candidate_15,32,29,0.90625,30,32,29,30,28,3.21875,38.23556751012802,116.59701184950711
A,arrival,historical_diagnostic,old_candidate_16,32,0,0.0,32,32,0,32,0,0.09375,18.921419978141785,55.297768180840585
A,arrival,historical_diagnostic,old_candidate_17,32,32,1.0,32,32,32,32,32,7.75,7.373088505119085,18.96739434399039
A,arrival,original_train,old_candidate_2,32,32,1.0,32,32,32,31,31,17.5625,4.02776338160038,7.506480350681564
A,arrival,historical_diagnostic,old_candidate_20,32,0,0.0,3,32,0,31,0,0.0,28.838302940130234,139.04535746248115
A,arrival,historical_diagnostic,old_candidate_21,32,0,0.0,2,8,0,6,0,0.0,53.13634127378464,102.79287851802034
A,arrival,historical_diagnostic,old_candidate_22,32,1,0.03125,30,19,1,14,1,0.25,30.337529256939888,99.15114459597461
A,arrival,historical_diagnostic,old_candidate_23,32,0,0.0,25,12,0,12,0,0.0,37.25337237119675,136.96710848296468
A,arrival,additional_train,old_candidate_3,32,0,0.0,1,32,0,32,0,0.0,34.108780324459076,101.06745662045924
A,arrival,additional_train,old_candidate_4,32,1,0.03125,31,32,1,32,1,0.9375,19.154638051986694,96.20850102604719
A,arrival,additional_train,old_candidate_5,32,18,0.5625,32,32,18,32,18,3.0,13.247259892523289,30.07134899089601
A,arrival,additional_train,old_candidate_6,32,0,0.0,31,31,0,30,0,0.0,31.400933861732483,141.35438487367398
A,arrival,additional_train,old_candidate_7,32,28,0.875,32,32,28,25,23,4.28125,17.31804944574833,30.45025715019705
A,arrival,additional_train,old_candidate_8,32,6,0.1875,32,32,6,32,6,1.96875,13.80049530416727,36.77678817081306
A,arrival,additional_train,old_candidate_9,32,0,0.0,32,32,0,32,0,0.0,11.219089850783348,28.886707320870656
B,fixed2,new_unseen_amended_physical,new_1,32,0,0.0,0,3,0,3,0,0.0,46.24740034341812,149.58134772895434
B,fixed2,new_unseen_amended_physical,new_16,32,0,0.0,1,9,0,0,0,0.0,36.93202883005142,143.44805642033634
B,fixed2,new_unseen_amended_physical,new_29,32,0,0.0,0,30,0,27,0,0.0,48.40463027358055,158.07758396207328
B,fixed2,original_train,old_candidate_0,32,0,0.0,32,31,0,31,0,0.0,6.212378386408091,7.192754394177245
B,fixed2,original_train,old_candidate_1,32,0,0.0,32,32,0,32,0,0.0,6.555658765137196,10.612583154052086
B,fixed2,additional_train,old_candidate_10,32,0,0.0,32,32,0,32,0,0.0,4.407185595482588,15.362669801962365
B,fixed2,additional_train,old_candidate_11,32,0,0.0,31,32,0,32,0,0.0,41.959505528211594,124.48863973729652
B,fixed2,additional_train,old_candidate_12,32,0,0.0,32,32,0,32,0,0.0,2.091820817440748,4.420919768126677
B,fixed2,additional_train,old_candidate_13,32,0,0.0,32,32,0,32,0,0.0,3.9922166615724564,11.592639314094399
B,fixed2,additional_train,old_candidate_14,32,0,0.0,32,32,0,32,0,0.0,6.107369437813759,18.178437485414925
B,fixed2,additional_train,old_candidate_15,32,0,0.0,32,32,0,30,0,0.0,8.35090596228838,25.0658363199157
B,fixed2,historical_diagnostic,old_candidate_16,32,0,0.0,31,32,0,32,0,0.0,29.273012652993202,104.5238943405117
B,fixed2,historical_diagnostic,old_candidate_17,32,0,0.0,31,32,0,32,0,0.0,36.99817880988121,115.37421674277806
B,fixed2,original_train,old_candidate_2,32,0,0.0,32,32,0,31,0,0.0,2.280149841681123,7.941892957438829
B,fixed2,historical_diagnostic,old_candidate_20,32,0,0.0,2,32,0,31,0,0.0,50.40393769741058,133.14781696325528
B,fixed2,historical_diagnostic,old_candidate_21,32,0,0.0,32,8,0,6,0,0.0,14.840549789369106,33.017230070490015
B,fixed2,historical_diagnostic,old_candidate_22,32,0,0.0,26,19,0,14,0,0.0,64.12475556135178,176.7399420577309
B,fixed2,historical_diagnostic,old_candidate_23,32,0,0.0,32,12,0,12,0,0.0,6.931240204721689,12.730909122297241
B,fixed2,additional_train,old_candidate_3,32,0,0.0,32,32,0,32,0,0.0,5.403973627835512,7.795304291245661
B,fixed2,additional_train,old_candidate_4,32,0,0.0,32,32,0,32,0,0.0,2.313592005521059,3.995412643213223
B,fixed2,additional_train,old_candidate_5,32,0,0.0,32,32,0,32,0,0.0,3.7660240195691586,8.199929820319094
B,fixed2,additional_train,old_candidate_6,32,0,0.0,32,31,0,30,0,0.0,3.8956652861088514,9.146446336442061
B,fixed2,additional_train,old_candidate_7,32,0,0.0,32,32,0,25,0,0.0,4.113556817173958,7.237951463462513
B,fixed2,additional_train,old_candidate_8,32,0,0.0,32,32,0,32,0,0.0,5.441644228994846,13.236209078415724
B,fixed2,additional_train,old_candidate_9,32,0,0.0,32,32,0,32,0,0.0,3.8549157325178385,4.903598137714077
B,fixed5,new_unseen_amended_physical,new_1,32,0,0.0,0,3,0,3,0,0.0,46.24740034341812,149.58134772895434
B,fixed5,new_unseen_amended_physical,new_16,32,0,0.0,1,9,0,0,0,0.0,36.93202883005142,143.44805642033634
B,fixed5,new_unseen_amended_physical,new_29,32,0,0.0,0,30,0,27,0,0.0,48.40463027358055,158.07758396207328
B,fixed5,original_train,old_candidate_0,32,0,0.0,32,31,0,31,0,0.0,4.608443472534418,7.192754394177245
B,fixed5,original_train,old_candidate_1,32,0,0.0,32,32,0,32,0,0.0,3.8525729905813932,10.42594994252878
B,fixed5,additional_train,old_candidate_10,32,0,0.0,32,32,0,32,0,0.0,5.164195317775011,15.306097052614442
B,fixed5,additional_train,old_candidate_11,32,0,0.0,32,32,0,32,0,0.0,5.209360737353563,12.41751186864673
B,fixed5,additional_train,old_candidate_12,32,0,0.0,32,32,0,32,0,0.0,2.1235402673482895,5.084213952578602
B,fixed5,additional_train,old_candidate_13,32,0,0.0,32,32,0,32,0,0.0,3.9922166615724564,11.592639314094399
B,fixed5,additional_train,old_candidate_14,32,0,0.0,32,32,0,32,0,0.0,4.763575736433268,18.922873463432953
B,fixed5,additional_train,old_candidate_15,32,0,0.0,32,32,0,30,0,0.0,8.35090596228838,25.0658363199157
B,fixed5,historical_diagnostic,old_candidate_16,32,0,0.0,31,32,0,32,0,0.0,29.897768050432205,115.32826323004223
B,fixed5,historical_diagnostic,old_candidate_17,32,0,0.0,29,32,0,32,0,0.0,52.20712348818779,101.87016777247581
B,fixed5,original_train,old_candidate_2,32,0,0.0,32,32,0,31,0,0.0,2.37438571639359,7.941892957438829
B,fixed5,historical_diagnostic,old_candidate_20,32,0,0.0,2,32,0,31,0,0.0,50.40393769741058,133.14781696325528
B,fixed5,historical_diagnostic,old_candidate_21,32,0,0.0,32,8,0,6,0,0.0,15.439067967236042,33.017230070490015
B,fixed5,historical_diagnostic,old_candidate_22,32,0,0.0,26,19,0,14,0,0.0,64.12475556135178,107.13788286795645
B,fixed5,historical_diagnostic,old_candidate_23,32,0,0.0,32,12,0,12,0,0.0,6.931240204721689,11.16233654260995
B,fixed5,additional_train,old_candidate_3,32,0,0.0,31,32,0,32,0,0.0,57.24506080150604,120.06080568329567
B,fixed5,additional_train,old_candidate_4,32,0,0.0,32,32,0,32,0,0.0,2.2369541693478823,3.995412643213223
B,fixed5,additional_train,old_candidate_5,32,0,0.0,32,32,0,32,0,0.0,3.594958921894431,8.199929820319094
B,fixed5,additional_train,old_candidate_6,32,0,0.0,32,31,0,30,0,0.0,3.8459193892776966,9.146446336442061
B,fixed5,additional_train,old_candidate_7,32,0,0.0,32,32,0,25,0,0.0,4.02446324005723,7.237951463462513
B,fixed5,additional_train,old_candidate_8,32,0,0.0,32,32,0,32,0,0.0,4.774728789925575,13.071431618462812
B,fixed5,additional_train,old_candidate_9,32,0,0.0,32,32,0,32,0,0.0,3.8549157325178385,4.493515287493804
B,arrival,new_unseen_amended_physical,new_1,32,0,0.0,0,3,0,3,0,0.0,46.24740034341812,149.58134772895434
B,arrival,new_unseen_amended_physical,new_16,32,0,0.0,1,9,0,0,0,0.0,36.93202883005142,143.44805642033634
B,arrival,new_unseen_amended_physical,new_29,32,0,0.0,0,30,0,27,0,0.0,51.65807902812958,144.73836111682178
B,arrival,original_train,old_candidate_0,32,0,0.0,31,31,0,31,0,0.4375,22.593041881918907,106.28570065578147
B,arrival,original_train,old_candidate_1,32,0,0.0,32,32,0,32,0,0.21875,3.3963248133659363,10.131159831724675
B,arrival,additional_train,old_candidate_10,32,1,0.03125,32,32,1,32,1,1.125,5.40924584493041,13.198602056845633
B,arrival,additional_train,old_candidate_11,32,0,0.0,31,32,0,32,0,0.0625,28.636306524276733,98.23155524688077
B,arrival,additional_train,old_candidate_12,32,0,0.0,32,32,0,32,0,0.0,1.9855555146932602,3.4563826516522793
B,arrival,additional_train,old_candidate_13,32,0,0.0,29,32,0,32,0,0.0,40.19510746002197,159.31776873042918
B,arrival,additional_train,old_candidate_14,32,0,0.0,32,32,0,32,0,0.96875,3.4320822451263666,12.44955911623243
B,arrival,additional_train,old_candidate_15,32,0,0.0,32,32,0,30,0,0.0,8.35090596228838,25.0658363199157
B,arrival,historical_diagnostic,old_candidate_16,32,0,0.0,31,32,0,32,0,0.0,29.897768050432205,115.32826323004223
B,arrival,historical_diagnostic,old_candidate_17,32,1,0.03125,32,32,1,32,1,0.28125,10.144581086933613,28.622160433937722
B,arrival,original_train,old_candidate_2,32,0,0.0,32,32,0,31,0,0.0,2.280149841681123,7.941892957438829
B,arrival,historical_diagnostic,old_candidate_20,32,0,0.0,2,32,0,31,0,0.0,50.40393769741058,133.14781696325528
B,arrival,historical_diagnostic,old_candidate_21,32,0,0.0,32,8,0,6,0,0.8125,14.814239926636219,32.652364780122525
B,arrival,historical_diagnostic,old_candidate_22,32,0,0.0,31,19,0,14,0,0.96875,19.714539870619774,103.63772510702674
B,arrival,historical_diagnostic,old_candidate_23,32,0,0.0,32,12,0,12,0,0.0,6.931240204721689,11.716164992781373
B,arrival,additional_train,old_candidate_3,32,0,0.0,31,32,0,32,0,0.0,57.24506080150604,120.06080568329567
B,arrival,additional_train,old_candidate_4,32,0,0.0,32,32,0,32,0,0.0,1.9562002271413803,3.995412643213223
B,arrival,additional_train,old_candidate_5,32,0,0.0,32,32,0,32,0,0.0,3.6876527592539787,8.199929820319094
B,arrival,additional_train,old_candidate_6,32,0,0.0,32,31,0,30,0,0.0,3.7731442134827375,9.146446336442061
B,arrival,additional_train,old_candidate_7,32,0,0.0,32,32,0,25,0,0.0,3.624017583206296,7.237951463462513
B,arrival,additional_train,old_candidate_8,32,1,0.03125,32,32,1,32,1,0.09375,4.748188890516758,13.859819863789875
B,arrival,additional_train,old_candidate_9,32,0,0.0,32,32,0,32,0,0.0,3.8549157325178385,3.6081998276550915
C,fixed2,new_unseen_amended_physical,new_1,32,0,0.0,1,3,0,3,0,0.0,41.20313376188278,142.6454545513465
C,fixed2,new_unseen_amended_physical,new_16,32,0,0.0,6,9,0,0,0,0.0,48.11137914657593,122.90223267991269
C,fixed2,new_unseen_amended_physical,new_29,32,0,0.0,16,30,0,27,0,0.0,39.42262753844261,100.46441921863881
C,fixed2,original_train,old_candidate_0,32,9,0.28125,32,31,9,31,9,4.21875,4.892287310212851,11.872649749308241
C,fixed2,original_train,old_candidate_1,32,0,0.0,32,32,0,32,0,0.0,5.589510314166546,11.34050288088338
C,fixed2,additional_train,old_candidate_10,32,0,0.0,12,32,0,32,0,0.0,45.75367271900177,115.54607796267393
C,fixed2,additional_train,old_candidate_11,32,0,0.0,32,32,0,32,0,0.0,15.681207180023193,22.27867688380174
C,fixed2,additional_train,old_candidate_12,32,0,0.0,2,32,0,32,0,0.0,56.224580854177475,129.0401002152746
C,fixed2,additional_train,old_candidate_13,32,0,0.0,9,32,0,32,0,0.0,48.26356843113899,132.01202480617386
C,fixed2,additional_train,old_candidate_14,32,0,0.0,31,32,0,32,0,0.0,47.687847167253494,128.9309264715811
C,fixed2,additional_train,old_candidate_15,32,0,0.0,19,32,0,30,0,0.0,49.041055142879486,135.71658280820537
C,fixed2,historical_diagnostic,old_candidate_16,32,0,0.0,32,32,0,32,0,0.0,16.37803763151169,49.180285345056575
C,fixed2,historical_diagnostic,old_candidate_17,32,0,0.0,32,32,0,32,0,0.0,6.5845223143696785,15.158498372197759
C,fixed2,original_train,old_candidate_2,32,15,0.46875,32,32,15,31,15,3.8125,7.508387323468924,12.969328828107585
C,fixed2,historical_diagnostic,old_candidate_20,32,0,0.0,2,32,0,31,0,0.0,38.61286863684654,117.30825310815888
C,fixed2,historical_diagnostic,old_candidate_21,32,0,0.0,1,8,0,6,0,0.0,52.73625999689102,116.73663457652052
C,fixed2,historical_diagnostic,old_candidate_22,32,0,0.0,10,19,0,14,0,0.0,54.63182553648949,138.3671333382772
C,fixed2,historical_diagnostic,old_candidate_23,32,0,0.0,32,12,0,12,0,1.0,7.696785498410463,16.061164220075597
C,fixed2,additional_train,old_candidate_3,32,0,0.0,14,32,0,32,0,0.0,57.98649415373802,114.91097965288947
C,fixed2,additional_train,old_candidate_4,32,0,0.0,32,32,0,32,0,0.03125,16.25271514058113,33.67290432514915
C,fixed2,additional_train,old_candidate_5,32,0,0.0,9,32,0,32,0,0.03125,42.23333299160004,135.0956503107595
C,fixed2,additional_train,old_candidate_6,32,0,0.0,3,31,0,30,0,0.0,35.19225865602493,144.97640686977508
C,fixed2,additional_train,old_candidate_7,32,0,0.0,1,32,0,25,0,0.0,44.4764643907547,139.55818172574402
C,fixed2,additional_train,old_candidate_8,32,0,0.0,32,32,0,32,0,0.0,18.55580322444439,18.719683873361536
C,fixed2,additional_train,old_candidate_9,32,0,0.0,9,32,0,32,0,0.0,34.566059708595276,134.78180311839745
C,fixed5,new_unseen_amended_physical,new_1,32,0,0.0,1,3,0,3,0,0.0,41.54575616121292,150.1667495823378
C,fixed5,new_unseen_amended_physical,new_16,32,0,0.0,6,9,0,0,0,0.0,48.11137914657593,122.90223267991269
C,fixed5,new_unseen_amended_physical,new_29,32,0,0.0,22,30,0,27,0,0.0,42.36423596739769,152.86767958772765
C,fixed5,original_train,old_candidate_0,32,0,0.0,32,31,0,31,0,0.125,5.232721567153931,12.305624832305458
C,fixed5,original_train,old_candidate_1,32,0,0.0,32,32,0,32,0,0.0,5.370443686842918,9.779319712104394
C,fixed5,additional_train,old_candidate_10,32,0,0.0,19,32,0,32,0,0.0,42.47978329658508,106.02746486364163
C,fixed5,additional_train,old_candidate_11,32,0,0.0,32,32,0,32,0,0.0,15.681207180023193,22.27867688380174
C,fixed5,additional_train,old_candidate_12,32,0,0.0,7,32,0,32,0,0.0,53.14550921320915,169.08060890361364
C,fixed5,additional_train,old_candidate_13,32,0,0.0,9,32,0,32,0,0.0,51.405053585767746,171.34122393396942
C,fixed5,additional_train,old_candidate_14,32,0,0.0,32,32,0,32,0,0.0,21.20777778327465,51.91469693775782
C,fixed5,additional_train,old_candidate_15,32,0,0.0,16,32,0,30,0,0.0,44.10858824849129,114.48114901823139
C,fixed5,historical_diagnostic,old_candidate_16,32,0,0.0,31,32,0,32,0,0.0,51.95168033242226,42.25107209245698
C,fixed5,historical_diagnostic,old_candidate_17,32,0,0.0,32,32,0,32,0,0.03125,7.436324842274189,14.816780592927437
C,fixed5,original_train,old_candidate_2,32,0,0.0,32,32,0,31,0,0.03125,7.317786104977131,10.514565670594171
C,fixed5,historical_diagnostic,old_candidate_20,32,0,0.0,2,32,0,31,0,0.0,38.61286863684654,117.30825310815888
C,fixed5,historical_diagnostic,old_candidate_21,32,0,0.0,0,8,0,6,0,0.0,53.618576377630234,137.59769886789692
C,fixed5,historical_diagnostic,old_candidate_22,32,0,0.0,11,19,0,14,0,0.0,56.69555440545082,152.62318613619786
C,fixed5,historical_diagnostic,old_candidate_23,32,0,0.0,32,12,0,12,0,0.0,7.696785498410463,12.6891459306172
C,fixed5,additional_train,old_candidate_3,32,0,0.0,18,32,0,32,0,0.0,59.05313044786453,145.87157146239693
C,fixed5,additional_train,old_candidate_4,32,0,0.0,31,32,0,32,0,0.0,52.65874043107033,97.57856867166005
C,fixed5,additional_train,old_candidate_5,32,0,0.0,8,32,0,32,0,0.0,39.961572736501694,135.0956503107595
C,fixed5,additional_train,old_candidate_6,32,0,0.0,2,31,0,30,0,0.0,35.19225865602493,144.97640686977508
C,fixed5,additional_train,old_candidate_7,32,0,0.0,1,32,0,25,0,0.0,44.4764643907547,139.55818172574402
C,fixed5,additional_train,old_candidate_8,32,0,0.0,32,32,0,32,0,0.0,18.622681498527527,26.911978395962205
C,fixed5,additional_train,old_candidate_9,32,0,0.0,10,32,0,32,0,0.0,37.88314014673233,131.83129800073533
C,arrival,new_unseen_amended_physical,new_1,32,0,0.0,1,3,0,3,0,0.0,41.54575616121292,150.1667495823378
C,arrival,new_unseen_amended_physical,new_16,32,0,0.0,6,9,0,0,0,0.0,48.11137914657593,122.90223267991269
C,arrival,new_unseen_amended_physical,new_29,32,0,0.0,23,30,0,27,0,0.03125,37.15253993868828,152.86767958772765
C,arrival,original_train,old_candidate_0,32,32,1.0,32,31,31,31,31,18.3125,5.548814311623573,11.823441651432885
C,arrival,original_train,old_candidate_1,32,0,0.0,32,32,0,32,0,1.0,5.314987618476152,9.779319712104394
C,arrival,additional_train,old_candidate_10,32,25,0.78125,32,32,25,32,25,3.71875,20.08289285004139,77.95771646939619
C,arrival,additional_train,old_candidate_11,32,0,0.0,32,32,0,32,0,0.0,15.681207180023193,22.27867688380174
C,arrival,additional_train,old_candidate_12,32,0,0.0,31,32,0,32,0,0.0625,44.99565809965134,155.2060221708382
C,arrival,additional_train,old_candidate_13,32,0,0.0,11,32,0,32,0,0.03125,53.292445838451385,164.51727755685806
C,arrival,additional_train,old_candidate_14,32,2,0.0625,32,32,2,32,2,1.59375,13.633456081151962,27.15978619678673
C,arrival,additional_train,old_candidate_15,32,0,0.0,22,32,0,30,0,0.3125,45.1476015150547,149.32670461631793
C,arrival,historical_diagnostic,old_candidate_16,32,0,0.0,32,32,0,32,0,0.03125,14.077568426728249,27.98047952934066
C,arrival,historical_diagnostic,old_candidate_17,32,32,1.0,32,32,32,32,32,17.78125,6.482778117060661,15.464789667790518
C,arrival,original_train,old_candidate_2,32,31,0.96875,32,32,31,31,30,15.0625,9.285279549658298,18.0433073153281
C,arrival,historical_diagnostic,old_candidate_20,32,0,0.0,2,32,0,31,0,0.0,38.61286863684654,117.30825310815888
C,arrival,historical_diagnostic,old_candidate_21,32,0,0.0,1,8,0,6,0,0.0,53.618576377630234,137.59769886789692
C,arrival,historical_diagnostic,old_candidate_22,32,0,0.0,14,19,0,14,0,0.40625,55.57098612189293,146.73889620396184
C,arrival,historical_diagnostic,old_candidate_23,32,32,1.0,32,12,12,12,12,16.21875,7.790542207658291,15.019087381048628
C,arrival,additional_train,old_candidate_3,32,0,0.0,18,32,0,32,0,0.0,55.52631616592407,118.63889690188242
C,arrival,additional_train,old_candidate_4,32,23,0.71875,32,32,23,32,23,6.59375,15.030760318040848,26.212380902298015
C,arrival,additional_train,old_candidate_5,32,7,0.21875,12,32,7,32,7,2.5,42.08973050117493,135.0956503107595
C,arrival,additional_train,old_candidate_6,32,4,0.125,6,31,4,30,4,0.6875,35.19225865602493,144.97640686977508
C,arrival,additional_train,old_candidate_7,32,0,0.0,1,32,0,25,0,0.0,44.4764643907547,139.55818172574402
C,arrival,additional_train,old_candidate_8,32,0,0.0,32,32,0,32,0,0.28125,18.54524202644825,26.911978395962205
C,arrival,additional_train,old_candidate_9,32,0,0.0,13,32,0,32,0,0.09375,62.993183732032776,115.51743214929489
D,fixed2,new_unseen_amended_physical,new_1,32,0,0.0,0,3,0,3,0,0.0,48.694003373384476,148.01625086178095
D,fixed2,new_unseen_amended_physical,new_16,32,0,0.0,0,9,0,0,0,0.0,29.148267582058907,172.30956717335883
D,fixed2,new_unseen_amended_physical,new_29,32,0,0.0,0,30,0,27,0,0.0,46.133123338222504,163.70643847972917
D,fixed2,original_train,old_candidate_0,32,0,0.0,0,31,0,31,0,0.0,41.687916964292526,157.54308067838477
D,fixed2,original_train,old_candidate_1,32,0,0.0,0,32,0,32,0,0.0,27.81854197382927,141.07661474050792
D,fixed2,additional_train,old_candidate_10,32,0,0.0,0,32,0,32,0,0.0,46.524737030267715,173.77473837297492
D,fixed2,additional_train,old_candidate_11,32,0,0.0,0,32,0,32,0,0.0,36.64814308285713,165.57834744441956
D,fixed2,additional_train,old_candidate_12,32,0,0.0,0,32,0,32,0,0.0,39.34099152684212,141.12748598944617
D,fixed2,additional_train,old_candidate_13,32,0,0.0,0,32,0,32,0,0.0,37.255752831697464,168.51543807055177
D,fixed2,additional_train,old_candidate_14,32,0,0.0,0,32,0,32,0,0.0,28.927402570843697,162.1709709731753
D,fixed2,additional_train,old_candidate_15,32,0,0.0,0,32,0,30,0,0.0,55.35579472780228,179.67134996647366
D,fixed2,historical_diagnostic,old_candidate_16,32,0,0.0,0,32,0,32,0,0.0,44.180069118738174,140.81373441973247
D,fixed2,historical_diagnostic,old_candidate_17,32,0,0.0,0,32,0,32,0,0.0,33.56293588876724,134.07979627550353
D,fixed2,original_train,old_candidate_2,32,0,0.0,0,32,0,31,0,0.0,24.132341146469116,146.96411486165385
D,fixed2,historical_diagnostic,old_candidate_20,32,0,0.0,1,32,0,31,0,0.0,31.84610605239868,176.3799501073362
D,fixed2,historical_diagnostic,old_candidate_21,32,0,0.0,0,8,0,6,0,0.0,76.8824815750122,176.78491202322627
D,fixed2,historical_diagnostic,old_candidate_22,32,0,0.0,0,19,0,14,0,0.0,53.9984330534935,175.5757226533239
D,fixed2,historical_diagnostic,old_candidate_23,32,0,0.0,0,12,0,12,0,0.0,35.64557060599327,179.22570744388702
D,fixed2,additional_train,old_candidate_3,32,0,0.0,0,32,0,32,0,0.0,70.76561450958252,95.03047780932758
D,fixed2,additional_train,old_candidate_4,32,0,0.0,0,32,0,32,0,0.0,28.544127941131592,176.10534918194503
D,fixed2,additional_train,old_candidate_5,32,0,0.0,0,32,0,32,0,0.0,27.025962248444557,153.12057417193654
D,fixed2,additional_train,old_candidate_6,32,0,0.0,0,31,0,30,0,0.0,21.860260516405106,172.82594313499013
D,fixed2,additional_train,old_candidate_7,32,0,0.0,0,32,0,25,0,0.0,31.39359876513481,147.99421667151847
D,fixed2,additional_train,old_candidate_8,32,0,0.0,0,32,0,32,0,0.0,41.31734371185303,158.1704881951638
D,fixed2,additional_train,old_candidate_9,32,0,0.0,0,32,0,32,0,0.0,10.441266931593418,116.91764824990419
D,fixed5,new_unseen_amended_physical,new_1,32,0,0.0,0,3,0,3,0,0.0,48.694003373384476,148.01625086178095
D,fixed5,new_unseen_amended_physical,new_16,32,0,0.0,0,9,0,0,0,0.0,29.148267582058907,172.30956717335883
D,fixed5,new_unseen_amended_physical,new_29,32,0,0.0,0,30,0,27,0,0.0,46.133123338222504,163.70643847972917
D,fixed5,original_train,old_candidate_0,32,0,0.0,0,31,0,31,0,0.0,41.687916964292526,157.54308067838477
D,fixed5,original_train,old_candidate_1,32,0,0.0,0,32,0,32,0,0.0,27.81854197382927,141.07661474050792
D,fixed5,additional_train,old_candidate_10,32,0,0.0,0,32,0,32,0,0.0,46.524737030267715,173.77473837297492
D,fixed5,additional_train,old_candidate_11,32,0,0.0,0,32,0,32,0,0.0,36.64814308285713,165.57834744441956
D,fixed5,additional_train,old_candidate_12,32,0,0.0,0,32,0,32,0,0.0,39.34099152684212,141.12748598944617
D,fixed5,additional_train,old_candidate_13,32,0,0.0,0,32,0,32,0,0.0,37.255752831697464,168.51543807055177
D,fixed5,additional_train,old_candidate_14,32,0,0.0,0,32,0,32,0,0.0,28.927402570843697,162.1709709731753
D,fixed5,additional_train,old_candidate_15,32,0,0.0,0,32,0,30,0,0.0,55.35579472780228,179.67134996647366
D,fixed5,historical_diagnostic,old_candidate_16,32,0,0.0,0,32,0,32,0,0.0,44.180069118738174,140.81373441973247
D,fixed5,historical_diagnostic,old_candidate_17,32,0,0.0,0,32,0,32,0,0.0,33.56293588876724,134.07979627550353
D,fixed5,original_train,old_candidate_2,32,0,0.0,0,32,0,31,0,0.0,24.132341146469116,146.96411486165385
D,fixed5,historical_diagnostic,old_candidate_20,32,0,0.0,1,32,0,31,0,0.0,31.84610605239868,176.3799501073362
D,fixed5,historical_diagnostic,old_candidate_21,32,0,0.0,0,8,0,6,0,0.0,76.8824815750122,176.78491202322627
D,fixed5,historical_diagnostic,old_candidate_22,32,0,0.0,0,19,0,14,0,0.0,53.9984330534935,175.5757226533239
D,fixed5,historical_diagnostic,old_candidate_23,32,0,0.0,0,12,0,12,0,0.0,35.64557060599327,179.22570744388702
D,fixed5,additional_train,old_candidate_3,32,0,0.0,0,32,0,32,0,0.0,70.76561450958252,95.03047780932758
D,fixed5,additional_train,old_candidate_4,32,0,0.0,0,32,0,32,0,0.0,28.544127941131592,176.10534918194503
D,fixed5,additional_train,old_candidate_5,32,0,0.0,0,32,0,32,0,0.0,27.025962248444557,153.12057417193654
D,fixed5,additional_train,old_candidate_6,32,0,0.0,0,31,0,30,0,0.0,21.860260516405106,172.82594313499013
D,fixed5,additional_train,old_candidate_7,32,0,0.0,0,32,0,25,0,0.0,31.39359876513481,147.99421667151847
D,fixed5,additional_train,old_candidate_8,32,0,0.0,0,32,0,32,0,0.0,41.31734371185303,158.1704881951638
D,fixed5,additional_train,old_candidate_9,32,0,0.0,0,32,0,32,0,0.0,10.441266931593418,116.91764824990419
D,arrival,new_unseen_amended_physical,new_1,32,0,0.0,0,3,0,3,0,0.0,50.23214966058731,139.88517020206922
D,arrival,new_unseen_amended_physical,new_16,32,0,0.0,0,9,0,0,0,0.0,29.148267582058907,172.30956717335883
D,arrival,new_unseen_amended_physical,new_29,32,0,0.0,0,30,0,27,0,0.0,46.133123338222504,156.21889824361605
D,arrival,original_train,old_candidate_0,32,0,0.0,0,31,0,31,0,0.0,32.93406963348389,162.64587402616627
D,arrival,original_train,old_candidate_1,32,0,0.0,0,32,0,32,0,0.0,39.04864564538002,160.01855979965083
D,arrival,additional_train,old_candidate_10,32,0,0.0,0,32,0,32,0,0.0,23.1975968927145,168.51769203297786
D,arrival,additional_train,old_candidate_11,32,0,0.0,0,32,0,32,0,0.0,46.3390089571476,160.6371700327789
D,arrival,additional_train,old_candidate_12,32,0,0.0,0,32,0,32,0,0.0,39.34099152684212,141.12748598944617
D,arrival,additional_train,old_candidate_13,32,0,0.0,0,32,0,32,0,0.0,53.08083817362785,165.5806833691157
D,arrival,additional_train,old_candidate_14,32,0,0.0,0,32,0,32,0,0.0,28.96420657634735,139.57988806692634
D,arrival,additional_train,old_candidate_15,32,0,0.0,0,32,0,30,0,0.0,32.53205865621567,134.16231862105562
D,arrival,historical_diagnostic,old_candidate_16,32,0,0.0,0,32,0,32,0,0.0,44.180069118738174,140.81373441973247
D,arrival,historical_diagnostic,old_candidate_17,32,0,0.0,0,32,0,32,0,0.0,33.56293588876724,134.07979627550353
D,arrival,original_train,old_candidate_2,32,0,0.0,0,32,0,31,0,0.0,24.132341146469116,146.96411486165385
D,arrival,historical_diagnostic,old_candidate_20,32,0,0.0,1,32,0,31,0,0.0,31.84610605239868,176.3799501073362
D,arrival,historical_diagnostic,old_candidate_21,32,0,0.0,0,8,0,6,0,0.0,76.8824815750122,176.78491202322627
D,arrival,historical_diagnostic,old_candidate_22,32,0,0.0,0,19,0,14,0,0.0,53.9984330534935,175.5757226533239
D,arrival,historical_diagnostic,old_candidate_23,32,0,0.0,0,12,0,12,0,0.0,35.65721586346626,179.22570744388702
D,arrival,additional_train,old_candidate_3,32,0,0.0,0,32,0,32,0,0.0,66.41620397567749,89.2058290889241
D,arrival,additional_train,old_candidate_4,32,0,0.0,0,32,0,32,0,0.0,28.726793825626373,154.7198902868517
D,arrival,additional_train,old_candidate_5,32,0,0.0,0,32,0,32,0,0.0,27.468040585517883,157.30649658591386
D,arrival,additional_train,old_candidate_6,32,0,0.0,0,31,0,30,0,0.0,20.923348143696785,147.44817036813265
D,arrival,additional_train,old_candidate_7,32,0,0.0,0,32,0,25,0,0.0,31.39359876513481,147.99421667151847
D,arrival,additional_train,old_candidate_8,32,0,0.0,0,32,0,32,0,0.0,34.57677736878395,156.9225853130458
D,arrival,additional_train,old_candidate_9,32,0,0.0,0,32,0,32,0,0.96875,8.525346405804157,110.10316168479329
reference,fixed2,new_unseen_amended_physical,new_1,32,0,0.0,0,3,0,3,0,0.0,44.55554112792015,151.53422175606605
reference,fixed2,new_unseen_amended_physical,new_16,32,0,0.0,1,9,0,0,0,0.0,37.971656769514084,151.83690841932435
reference,fixed2,new_unseen_amended_physical,new_29,32,0,0.0,0,30,0,27,0,0.0,51.120825111866,153.4982699726599
reference,fixed2,original_train,old_candidate_0,32,31,0.96875,31,31,31,31,31,4.84375,45.870255678892136,131.99714865416158
reference,fixed2,original_train,old_candidate_1,32,31,0.96875,32,32,31,32,31,5.0,6.133895833045244,15.271502144468327
reference,fixed2,additional_train,old_candidate_10,32,0,0.0,32,32,0,32,0,0.0,7.360994350165129,14.896816749621646
reference,fixed2,additional_train,old_candidate_11,32,0,0.0,32,32,0,32,0,0.0,6.322413217276335,13.549281044307014
reference,fixed2,additional_train,old_candidate_12,32,0,0.0,32,32,0,32,0,0.0,6.844166200608015,14.377068382087648
reference,fixed2,additional_train,old_candidate_13,32,0,0.0,32,32,0,32,0,0.0,6.602817680686712,13.633426413560631
reference,fixed2,additional_train,old_candidate_14,32,0,0.0,32,32,0,32,0,5.0,7.225841283798218,20.025616042667973
reference,fixed2,additional_train,old_candidate_15,32,0,0.0,1,32,0,30,0,0.0,64.43563103675842,121.59796707676372
reference,fixed2,historical_diagnostic,old_candidate_16,32,0,0.0,1,32,0,32,0,0.0,58.904342353343964,135.58608521392313
reference,fixed2,historical_diagnostic,old_candidate_17,32,0,0.0,32,32,0,32,0,0.0,3.3040300477296114,10.571269047309972
reference,fixed2,original_train,old_candidate_2,32,32,1.0,32,32,32,31,31,5.0,4.906743764877319,10.75059481019501
reference,fixed2,historical_diagnostic,old_candidate_20,32,0,0.0,1,32,0,31,0,0.0,39.3146388232708,172.6914976913676
reference,fixed2,historical_diagnostic,old_candidate_21,32,0,0.0,32,8,0,6,0,0.0,5.67924277856946,9.901502404845813
reference,fixed2,historical_diagnostic,old_candidate_22,32,0,0.0,32,19,0,14,0,0.0,6.20376318693161,13.915533716849668
reference,fixed2,historical_diagnostic,old_candidate_23,32,0,0.0,0,12,0,12,0,0.0,38.28271105885506,148.14441253136707
reference,fixed2,additional_train,old_candidate_3,32,0,0.0,31,32,0,32,0,0.0,55.267661809921265,126.66333098789356
reference,fixed2,additional_train,old_candidate_4,32,0,0.0,30,32,0,32,0,2.5625,53.647395223379135,105.99741886148274
reference,fixed2,additional_train,old_candidate_5,32,0,0.0,5,32,0,32,0,0.0,51.07946693897247,142.46838872730308
reference,fixed2,additional_train,old_candidate_6,32,0,0.0,32,31,0,30,0,1.25,7.367776241153479,29.58688025797242
reference,fixed2,additional_train,old_candidate_7,32,0,0.0,29,32,0,25,0,0.0,31.934913247823715,115.13080246113715
reference,fixed2,additional_train,old_candidate_8,32,0,0.0,32,32,0,32,0,3.4375,8.606727235019207,30.230837323110393
reference,fixed2,additional_train,old_candidate_9,32,0,0.0,3,32,0,32,0,0.0,47.50905930995941,134.41582792228982
reference,fixed5,new_unseen_amended_physical,new_1,32,0,0.0,0,3,0,3,0,0.0,44.55554112792015,151.53422175606605
reference,fixed5,new_unseen_amended_physical,new_16,32,0,0.0,1,9,0,0,0,0.0,37.971656769514084,151.83690841932435
reference,fixed5,new_unseen_amended_physical,new_29,32,0,0.0,0,30,0,27,0,0.0,51.120825111866,153.4982699726599
reference,fixed5,original_train,old_candidate_0,32,30,0.9375,30,31,30,31,30,1.875,36.56666353344917,132.95094359061883
reference,fixed5,original_train,old_candidate_1,32,31,0.96875,32,32,31,32,31,2.0,5.916736088693142,15.073728894408731
reference,fixed5,additional_train,old_candidate_10,32,0,0.0,32,32,0,32,0,0.0,7.360994350165129,14.896816749621646
reference,fixed5,additional_train,old_candidate_11,32,0,0.0,32,32,0,32,0,0.0,6.395191419869661,13.549281044307014
reference,fixed5,additional_train,old_candidate_12,32,0,0.0,32,32,0,32,0,0.0,6.041553802788258,14.927924846196468
reference,fixed5,additional_train,old_candidate_13,32,0,0.0,32,32,0,32,0,0.0,6.721082143485546,12.937827995655486
reference,fixed5,additional_train,old_candidate_14,32,0,0.0,32,32,0,32,0,2.0,6.475567352026701,19.643012751025957
reference,fixed5,additional_train,old_candidate_15,32,0,0.0,0,32,0,30,0,0.0,54.69931289553642,132.8285056195572
reference,fixed5,historical_diagnostic,old_candidate_16,32,0,0.0,1,32,0,32,0,0.0,58.904342353343964,151.2747155487406
reference,fixed5,historical_diagnostic,old_candidate_17,32,0,0.0,32,32,0,32,0,0.0,3.3040300477296114,10.571269047309972
reference,fixed5,original_train,old_candidate_2,32,32,1.0,32,32,32,31,31,2.0,5.177650135010481,10.903025849449477
reference,fixed5,historical_diagnostic,old_candidate_20,32,0,0.0,1,32,0,31,0,0.0,39.3146388232708,172.6914976913676
reference,fixed5,historical_diagnostic,old_candidate_21,32,0,0.0,32,8,0,6,0,0.0,5.840585567057133,10.976906298154212
reference,fixed5,historical_diagnostic,old_candidate_22,32,0,0.0,32,19,0,14,0,0.0,6.643066182732582,14.496318362354193
reference,fixed5,historical_diagnostic,old_candidate_23,32,0,0.0,0,12,0,12,0,0.0,38.28271105885506,148.14441253136707
reference,fixed5,additional_train,old_candidate_3,32,0,0.0,31,32,0,32,0,0.0,55.1038421690464,159.52587093406112
reference,fixed5,additional_train,old_candidate_4,32,0,0.0,29,32,0,32,0,1.5625,48.094816505908966,114.63771744457559
reference,fixed5,additional_train,old_candidate_5,32,0,0.0,8,32,0,32,0,0.0,50.00591650605202,132.88545573685676
reference,fixed5,additional_train,old_candidate_6,32,0,0.0,32,31,0,30,0,0.8125,7.367776241153479,29.58688025797242
reference,fixed5,additional_train,old_candidate_7,32,0,0.0,29,32,0,25,0,0.0,51.61644518375397,115.546200906079
reference,fixed5,additional_train,old_candidate_8,32,0,0.0,32,32,0,32,0,1.375,7.79795041307807,25.291082298364383
reference,fixed5,additional_train,old_candidate_9,32,0,0.0,1,32,0,32,0,0.0,47.219179570674896,133.38785713144622
reference,arrival,new_unseen_amended_physical,new_1,32,0,0.0,0,3,0,3,0,0.0,44.55554112792015,151.53422175606605
reference,arrival,new_unseen_amended_physical,new_16,32,0,0.0,1,9,0,0,0,0.0,37.971656769514084,151.83690841932435
reference,arrival,new_unseen_amended_physical,new_29,32,0,0.0,0,30,0,27,0,0.0,51.120825111866,153.4982699726599
reference,arrival,original_train,old_candidate_0,32,31,0.96875,28,31,31,31,31,18.6875,35.236526280641556,137.01784312811952
reference,arrival,original_train,old_candidate_1,32,32,1.0,32,32,32,32,32,15.5,6.0177152045071125,16.71841795598029
reference,arrival,additional_train,old_candidate_10,32,0,0.0,32,32,0,32,0,0.0,7.360994350165129,15.80892874912161
reference,arrival,additional_train,old_candidate_11,32,0,0.0,32,32,0,32,0,0.0,5.929517559707165,13.549281044307014
reference,arrival,additional_train,old_candidate_12,32,0,0.0,32,32,0,32,0,0.0,5.273621529340744,13.579681362529094
reference,arrival,additional_train,old_candidate_13,32,0,0.0,32,32,0,32,0,0.0,7.703115232288837,10.465363549134338
reference,arrival,additional_train,old_candidate_14,32,32,1.0,32,32,32,32,32,14.5,6.4141396433115005,20.415819627308927
reference,arrival,additional_train,old_candidate_15,32,0,0.0,0,32,0,30,0,0.40625,54.702211171388626,132.8285056195572
reference,arrival,historical_diagnostic,old_candidate_16,32,0,0.0,1,32,0,32,0,0.09375,58.904342353343964,151.2747155487406
reference,arrival,historical_diagnostic,old_candidate_17,32,5,0.15625,32,32,5,32,5,2.34375,3.1442814506590366,9.992787883103034
reference,arrival,original_train,old_candidate_2,32,32,1.0,10,32,32,31,31,13.375,44.33809220790863,139.8841046925587
reference,arrival,historical_diagnostic,old_candidate_20,32,0,0.0,1,32,0,31,0,0.0,39.3146276473999,148.82749975026005
reference,arrival,historical_diagnostic,old_candidate_21,32,0,0.0,32,8,0,6,0,0.0,5.472806748002768,11.247012105297891
reference,arrival,historical_diagnostic,old_candidate_22,32,0,0.0,32,19,0,14,0,0.0,6.643066182732582,14.496318362354193
reference,arrival,historical_diagnostic,old_candidate_23,32,0,0.0,0,12,0,12,0,0.0,38.28271105885506,148.14441253136707
reference,arrival,additional_train,old_candidate_3,32,0,0.0,32,32,0,32,0,0.0,12.67070509493351,15.828273552398379
reference,arrival,additional_train,old_candidate_4,32,31,0.96875,27,32,31,32,31,6.9375,48.459313809871674,114.73776605553793
reference,arrival,additional_train,old_candidate_5,32,0,0.0,2,32,0,32,0,0.78125,52.14771255850792,131.9349392912011
reference,arrival,additional_train,old_candidate_6,32,32,1.0,32,31,31,30,30,12.4375,7.367776241153479,29.381230092252505
reference,arrival,additional_train,old_candidate_7,32,0,0.0,32,32,0,25,0,0.0625,7.246667053550482,25.18671700784659
reference,arrival,additional_train,old_candidate_8,32,32,1.0,32,32,32,32,32,16.71875,7.706194184720516,29.01008444294318
reference,arrival,additional_train,old_candidate_9,32,0,0.0,1,32,0,32,0,0.28125,50.0836968421936,131.84605120934256
