group,name,max_error_mm,table_mm,min_pad_cos,min_separation_mm,precheck
fresh-five-pad-search,fresh-five-pad-00,2.683364976667332,0.129036807377636,0.39404347226590397,-0.47004841737191205,False
fresh-five-pad-search,fresh-five-pad-01,2.6395289518447957,0.15117115009088966,0.4104580957613118,-0.40239563500571107,False
fresh-five-pad-search,fresh-five-pad-02,2.6359705416101136,0.21192581476170425,0.4090228365187356,-0.40188917916162553,False
fresh-five-pad-search,fresh-five-pad-03,2.6323976322132507,0.18318786970772383,0.4083036236184384,-0.40143618951266924,False
fresh-five-pad-search,fresh-five-pad-04,2.6336662364846957,0.21698201555597763,0.4055269714587121,-0.4011388655070607,False
fresh-five-pad-search,fresh-five-pad-05,2.7478704305110355,0.2708887867588494,0.29391174161539446,-0.5519354211151011,False
fresh-five-pad-search,fresh-five-pad-06,2.6860602297329974,0.3448123189062624,0.4263311409702901,-0.4162572305423471,False
fresh-five-pad-search,fresh-five-pad-07,2.952098509069624,-0.6819340057595547,0.4526141866417482,-0.40096820399503075,False
fresh-five-pad-search,fresh-five-pad-08,2.9678325942161923,-0.7952761847626055,0.49615208762285123,-0.22419872654091433,False
fresh-five-pad-search,fresh-five-pad-09,1.073484309567725,0.011190723824938686,0.3685026178125959,-0.011770742556637195,False
fresh-five-pad-search,fresh-five-pad-10,1.104141019114636,-0.007687655904420332,0.38204699099011297,-0.014722752172791065,False
fresh-five-pad-search,fresh-five-pad-11,1.0276041411676138,0.020644247493373236,0.3616181250184846,-0.015106842490163544,False
side-face-refinement,side-face-refine-00,0.23101965167171318,0.6638850851038436,0.5864636161953962,0.009802255610138685,True
side-face-refinement,side-face-refine-01,0.2325050086069448,0.6616853955027091,0.5875104950731512,0.009995174130564624,True
thumb-palm-clearance,side-face-refine-00,0.24195157855856267,0.6153287373362737,0.5735116900900941,0.010000000013188695,True
