model,protocol,source,trial,success,body_stable,alive,first_body_breach_sec
seed2Eagg6100,S2,0,0,True,True,True,20.0
seed2Eagg6100,S2,0,1,True,True,True,20.0
seed2Eagg6100,S2,0,2,True,True,True,20.0
seed2Eagg6100,S2,0,3,True,True,True,20.0
seed2Eagg6100,S2,0,4,True,True,True,20.0
seed2Eagg6100,S2,0,5,True,True,True,20.0
seed2Eagg6100,S2,0,6,True,True,True,20.0
seed2Eagg6100,S2,0,7,True,True,True,20.0
seed2Eagg6100,S2,0,8,True,True,True,20.0
seed2Eagg6100,S2,0,9,True,True,True,20.0
seed2Eagg6100,S2,0,10,True,True,True,20.0
seed2Eagg6100,S2,0,11,True,True,True,20.0
seed2Eagg6100,S2,0,12,True,True,True,20.0
seed2Eagg6100,S2,0,13,True,True,True,20.0
seed2Eagg6100,S2,0,14,True,True,True,20.0
seed2Eagg6100,S2,0,15,True,True,True,20.0
seed2Eagg6100,S2,0,16,True,True,True,20.0
seed2Eagg6100,S2,0,17,True,True,True,20.0
seed2Eagg6100,S2,0,18,True,True,True,20.0
seed2Eagg6100,S2,0,19,True,True,True,20.0
seed2Eagg6100,S2,0,20,True,True,True,20.0
seed2Eagg6100,S2,0,21,True,True,True,20.0
seed2Eagg6100,S2,0,22,True,True,True,20.0
seed2Eagg6100,S2,0,23,True,True,True,20.0
seed2Eagg6100,S2,0,24,True,True,True,20.0
seed2Eagg6100,S2,0,25,True,True,True,20.0
seed2Eagg6100,S2,0,26,True,True,True,20.0
seed2Eagg6100,S2,0,27,True,True,True,20.0
seed2Eagg6100,S2,0,28,True,True,True,20.0
seed2Eagg6100,S2,0,29,True,True,True,20.0
seed2Eagg6100,S2,0,30,True,True,True,20.0
seed2Eagg6100,S2,0,31,True,True,True,20.0
seed2Eagg6100,S2,0,32,True,True,True,20.0
seed2Eagg6100,S2,0,33,True,True,True,20.0
seed2Eagg6100,S2,0,34,True,True,True,20.0
seed2Eagg6100,S2,0,35,True,True,True,20.0
seed2Eagg6100,S2,0,36,True,True,True,20.0
seed2Eagg6100,S2,0,37,True,True,True,20.0
seed2Eagg6100,S2,0,38,True,True,True,20.0
seed2Eagg6100,S2,0,39,True,True,True,20.0
seed2Eagg6100,S2,0,40,True,True,True,20.0
seed2Eagg6100,S2,0,41,True,True,True,20.0
seed2Eagg6100,S2,0,42,True,True,True,20.0
seed2Eagg6100,S2,0,43,True,True,True,20.0
seed2Eagg6100,S2,0,44,True,True,True,20.0
seed2Eagg6100,S2,0,45,True,True,True,20.0
seed2Eagg6100,S2,0,46,True,True,True,20.0
seed2Eagg6100,S2,0,47,True,True,True,20.0
seed2Eagg6100,S2,0,48,True,True,True,20.0
seed2Eagg6100,S2,0,49,True,True,True,20.0
seed2Eagg6100,S2,0,50,True,True,True,20.0
seed2Eagg6100,S2,0,51,True,True,True,20.0
seed2Eagg6100,S2,0,52,True,True,True,20.0
seed2Eagg6100,S2,0,53,True,True,True,20.0
seed2Eagg6100,S2,0,54,True,True,True,20.0
seed2Eagg6100,S2,0,55,True,True,True,20.0
seed2Eagg6100,S2,0,56,True,True,True,20.0
seed2Eagg6100,S2,0,57,True,True,True,20.0
seed2Eagg6100,S2,0,58,True,True,True,20.0
seed2Eagg6100,S2,0,59,True,True,True,20.0
seed2Eagg6100,S2,0,60,True,True,True,20.0
seed2Eagg6100,S2,0,61,True,True,True,20.0
seed2Eagg6100,S2,0,62,True,True,True,20.0
seed2Eagg6100,S2,0,63,True,True,True,20.0
seed2Eagg6100,S2,1,0,True,True,True,20.0
seed2Eagg6100,S2,1,1,True,True,True,20.0
seed2Eagg6100,S2,1,2,True,True,True,20.0
seed2Eagg6100,S2,1,3,True,True,True,20.0
seed2Eagg6100,S2,1,4,True,True,True,20.0
seed2Eagg6100,S2,1,5,True,True,True,20.0
seed2Eagg6100,S2,1,6,True,True,True,20.0
seed2Eagg6100,S2,1,7,True,True,True,20.0
seed2Eagg6100,S2,1,8,True,True,True,20.0
seed2Eagg6100,S2,1,9,True,True,True,20.0
seed2Eagg6100,S2,1,10,True,True,True,20.0
seed2Eagg6100,S2,1,11,True,True,True,20.0
seed2Eagg6100,S2,1,12,True,True,True,20.0
seed2Eagg6100,S2,1,13,True,True,True,20.0
seed2Eagg6100,S2,1,14,True,True,True,20.0
seed2Eagg6100,S2,1,15,True,True,True,20.0
seed2Eagg6100,S2,1,16,True,True,True,20.0
seed2Eagg6100,S2,1,17,True,True,True,20.0
seed2Eagg6100,S2,1,18,True,True,True,20.0
seed2Eagg6100,S2,1,19,True,True,True,20.0
seed2Eagg6100,S2,1,20,True,True,True,20.0
seed2Eagg6100,S2,1,21,True,True,True,20.0
seed2Eagg6100,S2,1,22,True,True,True,20.0
seed2Eagg6100,S2,1,23,True,True,True,20.0
seed2Eagg6100,S2,1,24,True,True,True,20.0
seed2Eagg6100,S2,1,25,True,True,True,20.0
seed2Eagg6100,S2,1,26,True,True,True,20.0
seed2Eagg6100,S2,1,27,True,True,True,20.0
seed2Eagg6100,S2,1,28,True,True,True,20.0
seed2Eagg6100,S2,1,29,False,False,True,18.5
seed2Eagg6100,S2,1,30,True,True,True,20.0
seed2Eagg6100,S2,1,31,True,True,True,20.0
seed2Eagg6100,S2,1,32,True,True,True,20.0
seed2Eagg6100,S2,1,33,True,True,True,20.0
seed2Eagg6100,S2,1,34,True,True,True,20.0
seed2Eagg6100,S2,1,35,True,True,True,20.0
seed2Eagg6100,S2,1,36,True,True,True,20.0
seed2Eagg6100,S2,1,37,True,True,True,20.0
seed2Eagg6100,S2,1,38,True,True,True,20.0
seed2Eagg6100,S2,1,39,True,True,True,20.0
seed2Eagg6100,S2,1,40,True,True,True,20.0
seed2Eagg6100,S2,1,41,True,True,True,20.0
seed2Eagg6100,S2,1,42,True,True,True,20.0
seed2Eagg6100,S2,1,43,True,True,True,20.0
seed2Eagg6100,S2,1,44,True,True,True,20.0
seed2Eagg6100,S2,1,45,True,True,True,20.0
seed2Eagg6100,S2,1,46,True,True,True,20.0
seed2Eagg6100,S2,1,47,True,True,True,20.0
seed2Eagg6100,S2,1,48,True,True,True,20.0
seed2Eagg6100,S2,1,49,True,True,True,20.0
seed2Eagg6100,S2,1,50,True,True,True,20.0
seed2Eagg6100,S2,1,51,True,True,True,20.0
seed2Eagg6100,S2,1,52,True,True,True,20.0
seed2Eagg6100,S2,1,53,True,True,True,20.0
seed2Eagg6100,S2,1,54,True,True,True,20.0
seed2Eagg6100,S2,1,55,True,True,True,20.0
seed2Eagg6100,S2,1,56,False,False,True,14.466666666666667
seed2Eagg6100,S2,1,57,True,True,True,20.0
seed2Eagg6100,S2,1,58,True,True,True,20.0
seed2Eagg6100,S2,1,59,True,True,True,20.0
seed2Eagg6100,S2,1,60,True,True,True,20.0
seed2Eagg6100,S2,1,61,True,True,True,20.0
seed2Eagg6100,S2,1,62,True,True,True,20.0
seed2Eagg6100,S2,1,63,True,True,True,20.0
seed2Eagg6100,S2,2,0,True,True,True,20.0
seed2Eagg6100,S2,2,1,True,True,True,20.0
seed2Eagg6100,S2,2,2,True,True,True,20.0
seed2Eagg6100,S2,2,3,True,True,True,20.0
seed2Eagg6100,S2,2,4,True,True,True,20.0
seed2Eagg6100,S2,2,5,True,True,True,20.0
seed2Eagg6100,S2,2,6,True,True,True,20.0
seed2Eagg6100,S2,2,7,True,True,True,20.0
seed2Eagg6100,S2,2,8,True,True,True,20.0
seed2Eagg6100,S2,2,9,True,True,True,20.0
seed2Eagg6100,S2,2,10,True,True,True,20.0
seed2Eagg6100,S2,2,11,True,True,True,20.0
seed2Eagg6100,S2,2,12,True,True,True,20.0
seed2Eagg6100,S2,2,13,True,True,True,20.0
seed2Eagg6100,S2,2,14,True,True,True,20.0
seed2Eagg6100,S2,2,15,True,True,True,20.0
seed2Eagg6100,S2,2,16,True,True,True,20.0
seed2Eagg6100,S2,2,17,True,True,True,20.0
seed2Eagg6100,S2,2,18,True,True,True,20.0
seed2Eagg6100,S2,2,19,True,True,True,20.0
seed2Eagg6100,S2,2,20,True,True,True,20.0
seed2Eagg6100,S2,2,21,True,True,True,20.0
seed2Eagg6100,S2,2,22,True,True,True,20.0
seed2Eagg6100,S2,2,23,True,True,True,20.0
seed2Eagg6100,S2,2,24,True,True,True,20.0
seed2Eagg6100,S2,2,25,True,True,True,20.0
seed2Eagg6100,S2,2,26,True,True,True,20.0
seed2Eagg6100,S2,2,27,True,True,True,20.0
seed2Eagg6100,S2,2,28,True,True,True,20.0
seed2Eagg6100,S2,2,29,True,True,True,20.0
seed2Eagg6100,S2,2,30,True,True,True,20.0
seed2Eagg6100,S2,2,31,True,True,True,20.0
seed2Eagg6100,S2,2,32,True,True,True,20.0
seed2Eagg6100,S2,2,33,False,False,False,0.03333333333333333
seed2Eagg6100,S2,2,34,True,True,True,20.0
seed2Eagg6100,S2,2,35,True,True,True,20.0
seed2Eagg6100,S2,2,36,True,True,True,20.0
seed2Eagg6100,S2,2,37,True,True,True,20.0
seed2Eagg6100,S2,2,38,True,True,True,20.0
seed2Eagg6100,S2,2,39,True,True,True,20.0
seed2Eagg6100,S2,2,40,True,True,True,20.0
seed2Eagg6100,S2,2,41,True,True,True,20.0
seed2Eagg6100,S2,2,42,True,True,True,20.0
seed2Eagg6100,S2,2,43,True,True,True,20.0
seed2Eagg6100,S2,2,44,True,True,True,20.0
seed2Eagg6100,S2,2,45,True,True,True,20.0
seed2Eagg6100,S2,2,46,True,True,True,20.0
seed2Eagg6100,S2,2,47,True,True,True,20.0
seed2Eagg6100,S2,2,48,True,True,True,20.0
seed2Eagg6100,S2,2,49,True,True,True,20.0
seed2Eagg6100,S2,2,50,True,True,True,20.0
seed2Eagg6100,S2,2,51,True,True,True,20.0
seed2Eagg6100,S2,2,52,True,True,True,20.0
seed2Eagg6100,S2,2,53,True,True,True,20.0
seed2Eagg6100,S2,2,54,True,True,True,20.0
seed2Eagg6100,S2,2,55,True,True,True,20.0
seed2Eagg6100,S2,2,56,True,True,True,20.0
seed2Eagg6100,S2,2,57,True,True,True,20.0
seed2Eagg6100,S2,2,58,True,True,True,20.0
seed2Eagg6100,S2,2,59,True,True,True,20.0
seed2Eagg6100,S2,2,60,True,True,True,20.0
seed2Eagg6100,S2,2,61,True,True,True,20.0
seed2Eagg6100,S2,2,62,True,True,True,20.0
seed2Eagg6100,S2,2,63,True,True,True,20.0
seed2Eagg6100,S2,3,0,True,True,True,20.0
seed2Eagg6100,S2,3,1,True,True,True,20.0
seed2Eagg6100,S2,3,2,True,True,True,20.0
seed2Eagg6100,S2,3,3,True,True,True,20.0
seed2Eagg6100,S2,3,4,False,True,True,20.0
seed2Eagg6100,S2,3,5,True,True,True,20.0
seed2Eagg6100,S2,3,6,True,True,True,20.0
seed2Eagg6100,S2,3,7,True,True,True,20.0
seed2Eagg6100,S2,3,8,True,True,True,20.0
seed2Eagg6100,S2,3,9,True,True,True,20.0
seed2Eagg6100,S2,3,10,True,True,True,20.0
seed2Eagg6100,S2,3,11,True,True,True,20.0
seed2Eagg6100,S2,3,12,True,True,True,20.0
seed2Eagg6100,S2,3,13,True,True,True,20.0
seed2Eagg6100,S2,3,14,True,True,True,20.0
seed2Eagg6100,S2,3,15,True,True,True,20.0
seed2Eagg6100,S2,3,16,True,True,True,20.0
seed2Eagg6100,S2,3,17,False,True,True,20.0
seed2Eagg6100,S2,3,18,True,True,True,20.0
seed2Eagg6100,S2,3,19,True,True,True,20.0
seed2Eagg6100,S2,3,20,True,True,True,20.0
seed2Eagg6100,S2,3,21,False,True,True,20.0
seed2Eagg6100,S2,3,22,True,True,True,20.0
seed2Eagg6100,S2,3,23,True,True,True,20.0
seed2Eagg6100,S2,3,24,False,True,True,20.0
seed2Eagg6100,S2,3,25,True,True,True,20.0
seed2Eagg6100,S2,3,26,True,True,True,20.0
seed2Eagg6100,S2,3,27,True,True,True,20.0
seed2Eagg6100,S2,3,28,True,True,True,20.0
seed2Eagg6100,S2,3,29,True,True,True,20.0
seed2Eagg6100,S2,3,30,True,True,True,20.0
seed2Eagg6100,S2,3,31,True,True,True,20.0
seed2Eagg6100,S2,3,32,True,True,True,20.0
seed2Eagg6100,S2,3,33,True,True,True,20.0
seed2Eagg6100,S2,3,34,True,True,True,20.0
seed2Eagg6100,S2,3,35,True,True,True,20.0
seed2Eagg6100,S2,3,36,True,True,True,20.0
seed2Eagg6100,S2,3,37,True,True,True,20.0
seed2Eagg6100,S2,3,38,True,True,True,20.0
seed2Eagg6100,S2,3,39,True,True,True,20.0
seed2Eagg6100,S2,3,40,True,True,True,20.0
seed2Eagg6100,S2,3,41,True,True,True,20.0
seed2Eagg6100,S2,3,42,True,True,True,20.0
seed2Eagg6100,S2,3,43,True,True,True,20.0
seed2Eagg6100,S2,3,44,True,True,True,20.0
seed2Eagg6100,S2,3,45,True,True,True,20.0
seed2Eagg6100,S2,3,46,True,True,True,20.0
seed2Eagg6100,S2,3,47,True,True,True,20.0
seed2Eagg6100,S2,3,48,False,True,True,20.0
seed2Eagg6100,S2,3,49,True,True,True,20.0
seed2Eagg6100,S2,3,50,True,True,True,20.0
seed2Eagg6100,S2,3,51,True,True,True,20.0
seed2Eagg6100,S2,3,52,True,True,True,20.0
seed2Eagg6100,S2,3,53,True,True,True,20.0
seed2Eagg6100,S2,3,54,False,True,True,20.0
seed2Eagg6100,S2,3,55,True,True,True,20.0
seed2Eagg6100,S2,3,56,True,True,True,20.0
seed2Eagg6100,S2,3,57,True,True,True,20.0
seed2Eagg6100,S2,3,58,True,True,True,20.0
seed2Eagg6100,S2,3,59,True,True,True,20.0
seed2Eagg6100,S2,3,60,True,True,True,20.0
seed2Eagg6100,S2,3,61,True,True,True,20.0
seed2Eagg6100,S2,3,62,True,True,True,20.0
seed2Eagg6100,S2,3,63,True,True,True,20.0
seed2Eagg6100,S5,0,0,True,True,True,20.0
seed2Eagg6100,S5,0,1,True,True,True,20.0
seed2Eagg6100,S5,0,2,True,True,True,20.0
seed2Eagg6100,S5,0,3,True,True,True,20.0
seed2Eagg6100,S5,0,4,True,True,True,20.0
seed2Eagg6100,S5,0,5,True,True,True,20.0
seed2Eagg6100,S5,0,6,True,True,True,20.0
seed2Eagg6100,S5,0,7,True,True,True,20.0
seed2Eagg6100,S5,0,8,True,True,True,20.0
seed2Eagg6100,S5,0,9,True,True,True,20.0
seed2Eagg6100,S5,0,10,True,True,True,20.0
seed2Eagg6100,S5,0,11,True,True,True,20.0
seed2Eagg6100,S5,0,12,True,True,True,20.0
seed2Eagg6100,S5,0,13,True,True,True,20.0
seed2Eagg6100,S5,0,14,True,True,True,20.0
seed2Eagg6100,S5,0,15,True,True,True,20.0
seed2Eagg6100,S5,0,16,True,True,True,20.0
seed2Eagg6100,S5,0,17,True,True,True,20.0
seed2Eagg6100,S5,0,18,True,True,True,20.0
seed2Eagg6100,S5,0,19,True,True,True,20.0
seed2Eagg6100,S5,0,20,True,True,True,20.0
seed2Eagg6100,S5,0,21,True,True,True,20.0
seed2Eagg6100,S5,0,22,True,True,True,20.0
seed2Eagg6100,S5,0,23,True,True,True,20.0
seed2Eagg6100,S5,0,24,True,True,True,20.0
seed2Eagg6100,S5,0,25,True,True,True,20.0
seed2Eagg6100,S5,0,26,True,True,True,20.0
seed2Eagg6100,S5,0,27,True,True,True,20.0
seed2Eagg6100,S5,0,28,True,True,True,20.0
seed2Eagg6100,S5,0,29,True,True,True,20.0
seed2Eagg6100,S5,0,30,True,True,True,20.0
seed2Eagg6100,S5,0,31,True,True,True,20.0
seed2Eagg6100,S5,0,32,True,True,True,20.0
seed2Eagg6100,S5,0,33,True,True,True,20.0
seed2Eagg6100,S5,0,34,True,True,True,20.0
seed2Eagg6100,S5,0,35,True,True,True,20.0
seed2Eagg6100,S5,0,36,True,True,True,20.0
seed2Eagg6100,S5,0,37,True,True,True,20.0
seed2Eagg6100,S5,0,38,True,True,True,20.0
seed2Eagg6100,S5,0,39,True,True,True,20.0
seed2Eagg6100,S5,0,40,True,True,True,20.0
seed2Eagg6100,S5,0,41,True,True,True,20.0
seed2Eagg6100,S5,0,42,True,True,True,20.0
seed2Eagg6100,S5,0,43,True,True,True,20.0
seed2Eagg6100,S5,0,44,True,True,True,20.0
seed2Eagg6100,S5,0,45,True,True,True,20.0
seed2Eagg6100,S5,0,46,True,True,True,20.0
seed2Eagg6100,S5,0,47,True,True,True,20.0
seed2Eagg6100,S5,0,48,True,True,True,20.0
seed2Eagg6100,S5,0,49,True,True,True,20.0
seed2Eagg6100,S5,0,50,True,True,True,20.0
seed2Eagg6100,S5,0,51,True,True,True,20.0
seed2Eagg6100,S5,0,52,True,True,True,20.0
seed2Eagg6100,S5,0,53,True,True,True,20.0
seed2Eagg6100,S5,0,54,True,True,True,20.0
seed2Eagg6100,S5,0,55,True,True,True,20.0
seed2Eagg6100,S5,0,56,True,True,True,20.0
seed2Eagg6100,S5,0,57,True,True,True,20.0
seed2Eagg6100,S5,0,58,True,True,True,20.0
seed2Eagg6100,S5,0,59,True,True,True,20.0
seed2Eagg6100,S5,0,60,False,False,False,8.1
seed2Eagg6100,S5,0,61,True,True,True,20.0
seed2Eagg6100,S5,0,62,True,True,True,20.0
seed2Eagg6100,S5,0,63,True,True,True,20.0
seed2Eagg6100,S5,1,0,True,True,True,20.0
seed2Eagg6100,S5,1,1,True,True,True,20.0
seed2Eagg6100,S5,1,2,True,True,True,20.0
seed2Eagg6100,S5,1,3,True,True,True,20.0
seed2Eagg6100,S5,1,4,True,True,True,20.0
seed2Eagg6100,S5,1,5,True,True,True,20.0
seed2Eagg6100,S5,1,6,True,True,True,20.0
seed2Eagg6100,S5,1,7,True,True,True,20.0
seed2Eagg6100,S5,1,8,True,True,True,20.0
seed2Eagg6100,S5,1,9,True,True,True,20.0
seed2Eagg6100,S5,1,10,True,True,True,20.0
seed2Eagg6100,S5,1,11,True,True,True,20.0
seed2Eagg6100,S5,1,12,True,True,True,20.0
seed2Eagg6100,S5,1,13,True,True,True,20.0
seed2Eagg6100,S5,1,14,True,True,True,20.0
seed2Eagg6100,S5,1,15,True,True,True,20.0
seed2Eagg6100,S5,1,16,True,True,True,20.0
seed2Eagg6100,S5,1,17,True,True,True,20.0
seed2Eagg6100,S5,1,18,True,True,True,20.0
seed2Eagg6100,S5,1,19,True,True,True,20.0
seed2Eagg6100,S5,1,20,True,True,True,20.0
seed2Eagg6100,S5,1,21,True,True,True,20.0
seed2Eagg6100,S5,1,22,True,True,True,20.0
seed2Eagg6100,S5,1,23,True,True,True,20.0
seed2Eagg6100,S5,1,24,True,True,True,20.0
seed2Eagg6100,S5,1,25,True,True,True,20.0
seed2Eagg6100,S5,1,26,True,True,True,20.0
seed2Eagg6100,S5,1,27,True,True,True,20.0
seed2Eagg6100,S5,1,28,True,True,True,20.0
seed2Eagg6100,S5,1,29,True,True,True,20.0
seed2Eagg6100,S5,1,30,True,True,True,20.0
seed2Eagg6100,S5,1,31,True,True,True,20.0
seed2Eagg6100,S5,1,32,True,True,True,20.0
seed2Eagg6100,S5,1,33,True,True,True,20.0
seed2Eagg6100,S5,1,34,True,True,True,20.0
seed2Eagg6100,S5,1,35,True,True,True,20.0
seed2Eagg6100,S5,1,36,True,True,True,20.0
seed2Eagg6100,S5,1,37,True,True,True,20.0
seed2Eagg6100,S5,1,38,True,True,True,20.0
seed2Eagg6100,S5,1,39,True,True,True,20.0
seed2Eagg6100,S5,1,40,True,True,True,20.0
seed2Eagg6100,S5,1,41,True,True,True,20.0
seed2Eagg6100,S5,1,42,True,True,True,20.0
seed2Eagg6100,S5,1,43,True,True,True,20.0
seed2Eagg6100,S5,1,44,True,True,True,20.0
seed2Eagg6100,S5,1,45,True,True,True,20.0
seed2Eagg6100,S5,1,46,True,True,True,20.0
seed2Eagg6100,S5,1,47,True,True,True,20.0
seed2Eagg6100,S5,1,48,True,True,True,20.0
seed2Eagg6100,S5,1,49,True,True,True,20.0
seed2Eagg6100,S5,1,50,True,True,True,20.0
seed2Eagg6100,S5,1,51,True,True,True,20.0
seed2Eagg6100,S5,1,52,True,True,True,20.0
seed2Eagg6100,S5,1,53,True,True,True,20.0
seed2Eagg6100,S5,1,54,True,True,True,20.0
seed2Eagg6100,S5,1,55,True,True,True,20.0
seed2Eagg6100,S5,1,56,True,True,True,20.0
seed2Eagg6100,S5,1,57,True,True,True,20.0
seed2Eagg6100,S5,1,58,True,True,True,20.0
seed2Eagg6100,S5,1,59,True,True,True,20.0
seed2Eagg6100,S5,1,60,True,True,True,20.0
seed2Eagg6100,S5,1,61,True,True,True,20.0
seed2Eagg6100,S5,1,62,True,True,True,20.0
seed2Eagg6100,S5,1,63,True,True,True,20.0
seed2Eagg6100,S5,2,0,True,True,True,20.0
seed2Eagg6100,S5,2,1,True,True,True,20.0
seed2Eagg6100,S5,2,2,True,True,True,20.0
seed2Eagg6100,S5,2,3,True,True,True,20.0
seed2Eagg6100,S5,2,4,True,True,True,20.0
seed2Eagg6100,S5,2,5,True,True,True,20.0
seed2Eagg6100,S5,2,6,True,True,True,20.0
seed2Eagg6100,S5,2,7,True,True,True,20.0
seed2Eagg6100,S5,2,8,True,True,True,20.0
seed2Eagg6100,S5,2,9,True,True,True,20.0
seed2Eagg6100,S5,2,10,True,True,True,20.0
seed2Eagg6100,S5,2,11,True,True,True,20.0
seed2Eagg6100,S5,2,12,True,True,True,20.0
seed2Eagg6100,S5,2,13,True,True,True,20.0
seed2Eagg6100,S5,2,14,True,True,True,20.0
seed2Eagg6100,S5,2,15,True,True,True,20.0
seed2Eagg6100,S5,2,16,True,True,True,20.0
seed2Eagg6100,S5,2,17,True,True,True,20.0
seed2Eagg6100,S5,2,18,True,True,True,20.0
seed2Eagg6100,S5,2,19,True,True,True,20.0
seed2Eagg6100,S5,2,20,True,True,True,20.0
seed2Eagg6100,S5,2,21,True,True,True,20.0
seed2Eagg6100,S5,2,22,True,True,True,20.0
seed2Eagg6100,S5,2,23,True,True,True,20.0
seed2Eagg6100,S5,2,24,True,True,True,20.0
seed2Eagg6100,S5,2,25,True,True,True,20.0
seed2Eagg6100,S5,2,26,True,True,True,20.0
seed2Eagg6100,S5,2,27,True,True,True,20.0
seed2Eagg6100,S5,2,28,True,True,True,20.0
seed2Eagg6100,S5,2,29,True,True,True,20.0
seed2Eagg6100,S5,2,30,True,True,True,20.0
seed2Eagg6100,S5,2,31,True,True,True,20.0
seed2Eagg6100,S5,2,32,True,True,True,20.0
seed2Eagg6100,S5,2,33,False,False,False,0.03333333333333333
seed2Eagg6100,S5,2,34,True,True,True,20.0
seed2Eagg6100,S5,2,35,True,True,True,20.0
seed2Eagg6100,S5,2,36,True,True,True,20.0
seed2Eagg6100,S5,2,37,True,True,True,20.0
seed2Eagg6100,S5,2,38,True,True,True,20.0
seed2Eagg6100,S5,2,39,True,True,True,20.0
seed2Eagg6100,S5,2,40,True,True,True,20.0
seed2Eagg6100,S5,2,41,True,True,True,20.0
seed2Eagg6100,S5,2,42,True,True,True,20.0
seed2Eagg6100,S5,2,43,True,True,True,20.0
seed2Eagg6100,S5,2,44,True,True,True,20.0
seed2Eagg6100,S5,2,45,True,True,True,20.0
seed2Eagg6100,S5,2,46,True,True,True,20.0
seed2Eagg6100,S5,2,47,True,True,True,20.0
seed2Eagg6100,S5,2,48,True,True,True,20.0
seed2Eagg6100,S5,2,49,True,True,True,20.0
seed2Eagg6100,S5,2,50,True,True,True,20.0
seed2Eagg6100,S5,2,51,True,True,True,20.0
seed2Eagg6100,S5,2,52,True,True,True,20.0
seed2Eagg6100,S5,2,53,True,True,True,20.0
seed2Eagg6100,S5,2,54,True,True,True,20.0
seed2Eagg6100,S5,2,55,True,True,True,20.0
seed2Eagg6100,S5,2,56,True,True,True,20.0
seed2Eagg6100,S5,2,57,True,True,True,20.0
seed2Eagg6100,S5,2,58,True,True,True,20.0
seed2Eagg6100,S5,2,59,True,True,True,20.0
seed2Eagg6100,S5,2,60,True,True,True,20.0
seed2Eagg6100,S5,2,61,True,True,True,20.0
seed2Eagg6100,S5,2,62,True,True,True,20.0
seed2Eagg6100,S5,2,63,True,True,True,20.0
seed2Eagg6100,S5,3,0,True,True,True,20.0
seed2Eagg6100,S5,3,1,True,True,True,20.0
seed2Eagg6100,S5,3,2,True,True,True,20.0
seed2Eagg6100,S5,3,3,True,True,True,20.0
seed2Eagg6100,S5,3,4,True,True,True,20.0
seed2Eagg6100,S5,3,5,True,True,True,20.0
seed2Eagg6100,S5,3,6,True,True,True,20.0
seed2Eagg6100,S5,3,7,False,True,True,20.0
seed2Eagg6100,S5,3,8,True,True,True,20.0
seed2Eagg6100,S5,3,9,True,True,True,20.0
seed2Eagg6100,S5,3,10,True,True,True,20.0
seed2Eagg6100,S5,3,11,True,True,True,20.0
seed2Eagg6100,S5,3,12,True,True,True,20.0
seed2Eagg6100,S5,3,13,True,True,True,20.0
seed2Eagg6100,S5,3,14,True,True,True,20.0
seed2Eagg6100,S5,3,15,True,True,True,20.0
seed2Eagg6100,S5,3,16,True,True,True,20.0
seed2Eagg6100,S5,3,17,True,True,True,20.0
seed2Eagg6100,S5,3,18,True,True,True,20.0
seed2Eagg6100,S5,3,19,True,True,True,20.0
seed2Eagg6100,S5,3,20,True,True,True,20.0
seed2Eagg6100,S5,3,21,True,True,True,20.0
seed2Eagg6100,S5,3,22,True,True,True,20.0
seed2Eagg6100,S5,3,23,True,True,True,20.0
seed2Eagg6100,S5,3,24,False,True,True,20.0
seed2Eagg6100,S5,3,25,True,True,True,20.0
seed2Eagg6100,S5,3,26,True,True,True,20.0
seed2Eagg6100,S5,3,27,True,True,True,20.0
seed2Eagg6100,S5,3,28,True,True,True,20.0
seed2Eagg6100,S5,3,29,True,True,True,20.0
seed2Eagg6100,S5,3,30,True,True,True,20.0
seed2Eagg6100,S5,3,31,True,True,True,20.0
seed2Eagg6100,S5,3,32,True,True,True,20.0
seed2Eagg6100,S5,3,33,True,True,True,20.0
seed2Eagg6100,S5,3,34,False,True,True,20.0
seed2Eagg6100,S5,3,35,True,True,True,20.0
seed2Eagg6100,S5,3,36,True,True,True,20.0
seed2Eagg6100,S5,3,37,True,True,True,20.0
seed2Eagg6100,S5,3,38,True,True,True,20.0
seed2Eagg6100,S5,3,39,True,True,True,20.0
seed2Eagg6100,S5,3,40,True,True,True,20.0
seed2Eagg6100,S5,3,41,True,True,True,20.0
seed2Eagg6100,S5,3,42,True,True,True,20.0
seed2Eagg6100,S5,3,43,True,True,True,20.0
seed2Eagg6100,S5,3,44,True,True,True,20.0
seed2Eagg6100,S5,3,45,True,True,True,20.0
seed2Eagg6100,S5,3,46,True,True,True,20.0
seed2Eagg6100,S5,3,47,True,True,True,20.0
seed2Eagg6100,S5,3,48,True,True,True,20.0
seed2Eagg6100,S5,3,49,True,True,True,20.0
seed2Eagg6100,S5,3,50,True,True,True,20.0
seed2Eagg6100,S5,3,51,True,True,True,20.0
seed2Eagg6100,S5,3,52,True,True,True,20.0
seed2Eagg6100,S5,3,53,True,True,True,20.0
seed2Eagg6100,S5,3,54,False,True,True,20.0
seed2Eagg6100,S5,3,55,True,True,True,20.0
seed2Eagg6100,S5,3,56,True,True,True,20.0
seed2Eagg6100,S5,3,57,True,True,True,20.0
seed2Eagg6100,S5,3,58,True,True,True,20.0
seed2Eagg6100,S5,3,59,True,True,True,20.0
seed2Eagg6100,S5,3,60,True,True,True,20.0
seed2Eagg6100,S5,3,61,True,True,True,20.0
seed2Eagg6100,S5,3,62,True,True,True,20.0
seed2Eagg6100,S5,3,63,True,True,True,20.0
seed2Eagg6100,F,0,0,True,True,True,40.0
seed2Eagg6100,F,0,1,True,True,True,40.0
seed2Eagg6100,F,0,2,True,True,True,40.0
seed2Eagg6100,F,0,3,True,True,True,40.0
seed2Eagg6100,F,0,4,True,True,True,40.0
seed2Eagg6100,F,0,5,True,True,True,40.0
seed2Eagg6100,F,0,6,True,True,True,40.0
seed2Eagg6100,F,0,7,True,True,True,40.0
seed2Eagg6100,F,0,8,True,True,True,40.0
seed2Eagg6100,F,0,9,True,True,True,40.0
seed2Eagg6100,F,0,10,True,True,True,40.0
seed2Eagg6100,F,0,11,True,True,True,40.0
seed2Eagg6100,F,0,12,True,True,True,40.0
seed2Eagg6100,F,0,13,True,True,True,40.0
seed2Eagg6100,F,0,14,True,False,False,19.333333333333332
seed2Eagg6100,F,0,15,True,True,True,40.0
seed2Eagg6100,F,0,16,True,True,True,40.0
seed2Eagg6100,F,0,17,True,True,True,40.0
seed2Eagg6100,F,0,18,True,True,True,40.0
seed2Eagg6100,F,0,19,True,True,True,40.0
seed2Eagg6100,F,0,20,True,True,True,40.0
seed2Eagg6100,F,0,21,True,True,True,40.0
seed2Eagg6100,F,0,22,True,True,True,40.0
seed2Eagg6100,F,0,23,True,True,True,40.0
seed2Eagg6100,F,0,24,True,True,True,40.0
seed2Eagg6100,F,0,25,True,True,True,40.0
seed2Eagg6100,F,0,26,True,True,True,40.0
seed2Eagg6100,F,0,27,True,True,True,40.0
seed2Eagg6100,F,0,28,True,True,True,40.0
seed2Eagg6100,F,0,29,True,True,True,40.0
seed2Eagg6100,F,0,30,True,True,True,40.0
seed2Eagg6100,F,0,31,True,True,True,40.0
seed2Eagg6100,F,0,32,True,True,True,40.0
seed2Eagg6100,F,0,33,True,True,True,40.0
seed2Eagg6100,F,0,34,True,True,True,40.0
seed2Eagg6100,F,0,35,True,True,True,40.0
seed2Eagg6100,F,0,36,True,True,True,40.0
seed2Eagg6100,F,0,37,True,True,True,40.0
seed2Eagg6100,F,0,38,True,True,True,40.0
seed2Eagg6100,F,0,39,True,True,True,40.0
seed2Eagg6100,F,0,40,True,True,True,40.0
seed2Eagg6100,F,0,41,True,True,True,40.0
seed2Eagg6100,F,0,42,True,True,True,40.0
seed2Eagg6100,F,0,43,True,True,True,40.0
seed2Eagg6100,F,0,44,True,True,True,40.0
seed2Eagg6100,F,0,45,True,True,True,40.0
seed2Eagg6100,F,0,46,True,True,True,40.0
seed2Eagg6100,F,0,47,True,True,True,40.0
seed2Eagg6100,F,0,48,True,True,True,40.0
seed2Eagg6100,F,0,49,True,True,True,40.0
seed2Eagg6100,F,0,50,True,True,True,40.0
seed2Eagg6100,F,0,51,True,True,True,40.0
seed2Eagg6100,F,0,52,True,True,True,40.0
seed2Eagg6100,F,0,53,True,True,True,40.0
seed2Eagg6100,F,0,54,True,True,True,40.0
seed2Eagg6100,F,0,55,True,True,True,40.0
seed2Eagg6100,F,0,56,True,True,True,40.0
seed2Eagg6100,F,0,57,True,True,True,40.0
seed2Eagg6100,F,0,58,True,True,True,40.0
seed2Eagg6100,F,0,59,True,True,True,40.0
seed2Eagg6100,F,0,60,True,True,True,40.0
seed2Eagg6100,F,0,61,True,True,True,40.0
seed2Eagg6100,F,0,62,True,True,True,40.0
seed2Eagg6100,F,0,63,True,True,True,40.0
seed2Eagg6100,F,1,0,True,True,True,40.0
seed2Eagg6100,F,1,1,True,True,True,40.0
seed2Eagg6100,F,1,2,True,True,True,40.0
seed2Eagg6100,F,1,3,True,True,True,40.0
seed2Eagg6100,F,1,4,True,True,True,40.0
seed2Eagg6100,F,1,5,True,True,True,40.0
seed2Eagg6100,F,1,6,True,False,True,39.13333333333333
seed2Eagg6100,F,1,7,True,False,True,22.8
seed2Eagg6100,F,1,8,True,True,True,40.0
seed2Eagg6100,F,1,9,True,True,True,40.0
seed2Eagg6100,F,1,10,True,True,True,40.0
seed2Eagg6100,F,1,11,True,False,True,38.86666666666667
seed2Eagg6100,F,1,12,True,True,True,40.0
seed2Eagg6100,F,1,13,True,True,True,40.0
seed2Eagg6100,F,1,14,True,True,True,40.0
seed2Eagg6100,F,1,15,True,True,True,40.0
seed2Eagg6100,F,1,16,True,False,True,26.933333333333334
seed2Eagg6100,F,1,17,True,True,True,40.0
seed2Eagg6100,F,1,18,True,False,True,14.633333333333333
seed2Eagg6100,F,1,19,True,True,True,40.0
seed2Eagg6100,F,1,20,True,True,True,40.0
seed2Eagg6100,F,1,21,True,True,True,40.0
seed2Eagg6100,F,1,22,True,True,True,40.0
seed2Eagg6100,F,1,23,True,True,True,40.0
seed2Eagg6100,F,1,24,True,True,True,40.0
seed2Eagg6100,F,1,25,True,True,True,40.0
seed2Eagg6100,F,1,26,True,False,True,22.9
seed2Eagg6100,F,1,27,True,True,True,40.0
seed2Eagg6100,F,1,28,True,True,True,40.0
seed2Eagg6100,F,1,29,True,False,True,22.666666666666668
seed2Eagg6100,F,1,30,True,True,True,40.0
seed2Eagg6100,F,1,31,True,True,True,40.0
seed2Eagg6100,F,1,32,True,True,True,40.0
seed2Eagg6100,F,1,33,True,True,True,40.0
seed2Eagg6100,F,1,34,True,True,True,40.0
seed2Eagg6100,F,1,35,True,True,True,40.0
seed2Eagg6100,F,1,36,True,True,True,40.0
seed2Eagg6100,F,1,37,True,True,True,40.0
seed2Eagg6100,F,1,38,True,True,True,40.0
seed2Eagg6100,F,1,39,True,True,True,40.0
seed2Eagg6100,F,1,40,True,True,True,40.0
seed2Eagg6100,F,1,41,True,False,True,34.8
seed2Eagg6100,F,1,42,True,True,True,40.0
seed2Eagg6100,F,1,43,True,True,True,40.0
seed2Eagg6100,F,1,44,True,True,True,40.0
seed2Eagg6100,F,1,45,True,True,True,40.0
seed2Eagg6100,F,1,46,True,False,True,38.5
seed2Eagg6100,F,1,47,True,True,True,40.0
seed2Eagg6100,F,1,48,True,True,True,40.0
seed2Eagg6100,F,1,49,True,True,True,40.0
seed2Eagg6100,F,1,50,True,True,True,40.0
seed2Eagg6100,F,1,51,True,True,True,40.0
seed2Eagg6100,F,1,52,True,True,True,40.0
seed2Eagg6100,F,1,53,True,True,True,40.0
seed2Eagg6100,F,1,54,True,True,True,40.0
seed2Eagg6100,F,1,55,True,True,True,40.0
seed2Eagg6100,F,1,56,True,False,True,14.2
seed2Eagg6100,F,1,57,True,True,True,40.0
seed2Eagg6100,F,1,58,True,False,True,38.96666666666667
seed2Eagg6100,F,1,59,True,True,True,40.0
seed2Eagg6100,F,1,60,True,True,True,40.0
seed2Eagg6100,F,1,61,True,True,True,40.0
seed2Eagg6100,F,1,62,True,True,True,40.0
seed2Eagg6100,F,1,63,True,True,True,40.0
seed2Eagg6100,F,2,0,True,True,True,40.0
seed2Eagg6100,F,2,1,True,True,True,40.0
seed2Eagg6100,F,2,2,True,False,False,32.86666666666667
seed2Eagg6100,F,2,3,True,False,False,28.533333333333335
seed2Eagg6100,F,2,4,True,True,True,40.0
seed2Eagg6100,F,2,5,True,False,False,32.7
seed2Eagg6100,F,2,6,True,True,True,40.0
seed2Eagg6100,F,2,7,True,True,True,40.0
seed2Eagg6100,F,2,8,True,False,False,31.266666666666666
seed2Eagg6100,F,2,9,True,True,True,40.0
seed2Eagg6100,F,2,10,True,False,False,38.63333333333333
seed2Eagg6100,F,2,11,True,True,True,40.0
seed2Eagg6100,F,2,12,True,True,True,40.0
seed2Eagg6100,F,2,13,True,False,False,35.63333333333333
seed2Eagg6100,F,2,14,True,True,True,40.0
seed2Eagg6100,F,2,15,True,True,True,40.0
seed2Eagg6100,F,2,16,True,True,True,40.0
seed2Eagg6100,F,2,17,True,True,True,40.0
seed2Eagg6100,F,2,18,True,True,True,40.0
seed2Eagg6100,F,2,19,True,True,True,40.0
seed2Eagg6100,F,2,20,True,True,True,40.0
seed2Eagg6100,F,2,21,True,True,True,40.0
seed2Eagg6100,F,2,22,True,True,True,40.0
seed2Eagg6100,F,2,23,True,True,True,40.0
seed2Eagg6100,F,2,24,True,False,False,32.56666666666667
seed2Eagg6100,F,2,25,True,False,False,38.93333333333333
seed2Eagg6100,F,2,26,True,True,True,40.0
seed2Eagg6100,F,2,27,True,True,True,40.0
seed2Eagg6100,F,2,28,True,False,False,30.666666666666668
seed2Eagg6100,F,2,29,True,False,False,34.7
seed2Eagg6100,F,2,30,True,True,True,40.0
seed2Eagg6100,F,2,31,True,True,True,40.0
seed2Eagg6100,F,2,32,True,True,True,40.0
seed2Eagg6100,F,2,33,True,False,False,0.03333333333333333
seed2Eagg6100,F,2,34,True,True,True,40.0
seed2Eagg6100,F,2,35,True,True,True,40.0
seed2Eagg6100,F,2,36,True,True,True,40.0
seed2Eagg6100,F,2,37,True,True,True,40.0
seed2Eagg6100,F,2,38,True,True,True,40.0
seed2Eagg6100,F,2,39,True,True,True,40.0
seed2Eagg6100,F,2,40,True,True,True,40.0
seed2Eagg6100,F,2,41,True,True,True,40.0
seed2Eagg6100,F,2,42,True,True,True,40.0
seed2Eagg6100,F,2,43,True,True,True,40.0
seed2Eagg6100,F,2,44,True,True,True,40.0
seed2Eagg6100,F,2,45,True,True,True,40.0
seed2Eagg6100,F,2,46,True,True,True,40.0
seed2Eagg6100,F,2,47,True,True,True,40.0
seed2Eagg6100,F,2,48,True,True,True,40.0
seed2Eagg6100,F,2,49,True,True,True,40.0
seed2Eagg6100,F,2,50,True,True,True,40.0
seed2Eagg6100,F,2,51,True,True,True,40.0
seed2Eagg6100,F,2,52,True,True,True,40.0
seed2Eagg6100,F,2,53,True,True,True,40.0
seed2Eagg6100,F,2,54,True,True,True,40.0
seed2Eagg6100,F,2,55,True,True,True,40.0
seed2Eagg6100,F,2,56,True,True,True,40.0
seed2Eagg6100,F,2,57,True,True,True,40.0
seed2Eagg6100,F,2,58,True,False,False,35.8
seed2Eagg6100,F,2,59,True,True,True,40.0
seed2Eagg6100,F,2,60,True,True,True,40.0
seed2Eagg6100,F,2,61,True,True,True,40.0
seed2Eagg6100,F,2,62,True,True,True,40.0
seed2Eagg6100,F,2,63,True,False,False,31.8
seed2Eagg6100,F,3,0,True,True,True,40.0
seed2Eagg6100,F,3,1,True,True,True,40.0
seed2Eagg6100,F,3,2,True,True,True,40.0
seed2Eagg6100,F,3,3,True,True,True,40.0
seed2Eagg6100,F,3,4,True,True,True,40.0
seed2Eagg6100,F,3,5,True,True,True,40.0
seed2Eagg6100,F,3,6,True,True,True,40.0
seed2Eagg6100,F,3,7,True,True,True,40.0
seed2Eagg6100,F,3,8,True,True,True,40.0
seed2Eagg6100,F,3,9,True,True,True,40.0
seed2Eagg6100,F,3,10,True,True,True,40.0
seed2Eagg6100,F,3,11,True,True,True,40.0
seed2Eagg6100,F,3,12,True,True,True,40.0
seed2Eagg6100,F,3,13,True,True,True,40.0
seed2Eagg6100,F,3,14,True,True,True,40.0
seed2Eagg6100,F,3,15,True,True,True,40.0
seed2Eagg6100,F,3,16,True,True,True,40.0
seed2Eagg6100,F,3,17,True,True,True,40.0
seed2Eagg6100,F,3,18,True,True,True,40.0
seed2Eagg6100,F,3,19,True,True,True,40.0
seed2Eagg6100,F,3,20,True,True,True,40.0
seed2Eagg6100,F,3,21,True,True,True,40.0
seed2Eagg6100,F,3,22,True,True,True,40.0
seed2Eagg6100,F,3,23,True,True,True,40.0
seed2Eagg6100,F,3,24,True,True,True,40.0
seed2Eagg6100,F,3,25,True,True,True,40.0
seed2Eagg6100,F,3,26,True,True,True,40.0
seed2Eagg6100,F,3,27,True,True,True,40.0
seed2Eagg6100,F,3,28,True,True,True,40.0
seed2Eagg6100,F,3,29,True,True,True,40.0
seed2Eagg6100,F,3,30,True,True,True,40.0
seed2Eagg6100,F,3,31,True,True,True,40.0
seed2Eagg6100,F,3,32,True,True,True,40.0
seed2Eagg6100,F,3,33,True,True,True,40.0
seed2Eagg6100,F,3,34,True,True,True,40.0
seed2Eagg6100,F,3,35,True,True,True,40.0
seed2Eagg6100,F,3,36,True,True,True,40.0
seed2Eagg6100,F,3,37,True,True,True,40.0
seed2Eagg6100,F,3,38,True,True,True,40.0
seed2Eagg6100,F,3,39,True,True,True,40.0
seed2Eagg6100,F,3,40,True,True,True,40.0
seed2Eagg6100,F,3,41,True,True,True,40.0
seed2Eagg6100,F,3,42,True,True,True,40.0
seed2Eagg6100,F,3,43,True,True,True,40.0
seed2Eagg6100,F,3,44,True,True,True,40.0
seed2Eagg6100,F,3,45,True,True,True,40.0
seed2Eagg6100,F,3,46,True,True,True,40.0
seed2Eagg6100,F,3,47,True,True,True,40.0
seed2Eagg6100,F,3,48,True,True,True,40.0
seed2Eagg6100,F,3,49,True,True,True,40.0
seed2Eagg6100,F,3,50,True,True,True,40.0
seed2Eagg6100,F,3,51,True,True,True,40.0
seed2Eagg6100,F,3,52,True,True,True,40.0
seed2Eagg6100,F,3,53,True,True,True,40.0
seed2Eagg6100,F,3,54,True,True,True,40.0
seed2Eagg6100,F,3,55,True,True,True,40.0
seed2Eagg6100,F,3,56,True,True,True,40.0
seed2Eagg6100,F,3,57,True,True,True,40.0
seed2Eagg6100,F,3,58,True,True,True,40.0
seed2Eagg6100,F,3,59,True,True,True,40.0
seed2Eagg6100,F,3,60,True,True,True,40.0
seed2Eagg6100,F,3,61,True,True,True,40.0
seed2Eagg6100,F,3,62,True,True,True,40.0
seed2Eagg6100,F,3,63,True,True,True,40.0
