source_row,protocol,trial,success,alive_full,static_alive,static_stable,cycles,max_drift_mm,max_rotation_deg
3,fixed2,0,False,True,True,True,0,3.3445751760154963,8.92956392463206
3,fixed2,1,False,True,True,True,1,5.4235379211604595,11.370298727363913
3,fixed2,2,False,True,True,True,4,3.927293699234724,8.694629322845717
3,fixed2,3,False,True,True,True,2,4.783638287335634,9.039687064620177
3,fixed2,4,False,True,True,True,3,4.80945548042655,8.53225865080159
3,fixed2,5,True,True,True,True,5,3.946739248931408,8.56216207276155
3,fixed2,6,False,True,True,True,0,7.349750027060509,10.79323311986246
3,fixed2,7,False,True,True,True,4,3.8612664211541414,7.977043672228653
3,fixed2,8,False,True,True,True,0,3.9205551147460938,9.241135810226886
3,fixed2,9,True,True,True,True,5,5.29156718403101,8.663752598929028
3,fixed2,10,False,True,True,True,2,5.107315257191658,10.298277485241963
3,fixed2,11,False,True,True,True,0,5.248061381280422,9.33417408577986
3,fixed2,12,False,True,True,True,0,3.8512370083481073,9.312357607797194
3,fixed2,13,False,True,True,True,0,4.466556012630463,8.076790047320227
3,fixed2,14,False,True,True,True,4,4.5312196016311646,10.376271415374339
3,fixed2,15,False,True,True,True,1,5.909384693950415,10.58434117560773
3,fixed2,16,True,True,True,True,5,3.2263610046356916,7.537654187827148
3,fixed2,17,False,True,True,True,4,4.569874610751867,10.89358396669558
3,fixed2,18,True,True,True,True,5,3.614997025579214,6.730568726533999
3,fixed2,19,False,True,True,True,4,5.275452043861151,7.544209461883067
3,fixed2,20,True,True,True,True,5,4.323773551732302,9.023995558775718
3,fixed2,21,False,True,True,True,4,4.923866596072912,9.080690397755054
3,fixed2,22,True,True,True,True,5,4.409138113260269,8.210415868242356
3,fixed2,23,False,True,True,True,4,3.5131569020450115,8.433011733293071
3,fixed2,24,False,True,True,True,0,4.159575793892145,6.623955876892447
3,fixed2,25,False,True,True,True,0,4.039777908474207,8.840943073924791
3,fixed2,26,True,True,True,True,5,4.182533361017704,8.631569601333574
3,fixed2,27,False,True,True,True,4,5.258047487586737,9.834311272659459
3,fixed2,28,False,True,True,True,0,3.477963851764798,5.256214764465625
3,fixed2,29,False,True,True,True,4,4.01351461187005,9.144314463647369
3,fixed2,30,False,True,True,True,4,5.074256099760532,7.52491673879872
3,fixed2,31,False,True,True,True,1,4.360277205705643,8.43736939398354
3,fixed5,0,False,True,True,True,0,3.1943165231496096,9.045313432948975
3,fixed5,1,False,True,True,True,0,3.793266136199236,7.610174575113405
3,fixed5,2,False,True,True,True,1,3.9169550873339176,8.738693434502407
3,fixed5,3,False,True,True,True,0,4.41786739975214,9.645164551521589
3,fixed5,4,False,True,True,True,0,4.712535999715328,6.061161949661736
3,fixed5,5,True,True,True,True,2,4.228550009429455,8.534502367943938
3,fixed5,6,False,True,True,True,0,7.349750027060509,10.79323311986246
3,fixed5,7,False,True,True,True,0,3.4997297916561365,6.445927849949711
3,fixed5,8,True,True,True,True,2,5.149394273757935,11.078030663910836
3,fixed5,9,True,True,True,True,2,5.303808022290468,8.896716691139822
3,fixed5,10,False,True,True,True,0,4.98990761116147,10.113976783320217
3,fixed5,11,False,True,True,True,1,4.403616301715374,7.282560282705512
3,fixed5,12,False,True,True,True,0,4.012376070022583,9.01207346357946
3,fixed5,13,False,True,True,True,0,4.099692218005657,8.273501202963887
3,fixed5,14,False,True,True,True,1,3.687954042106867,8.901730903764259
3,fixed5,15,False,True,True,True,1,6.017209030687809,10.175778042477784
3,fixed5,16,True,True,True,True,2,3.8170870393514633,9.105208215554462
3,fixed5,17,False,True,True,True,1,3.59724392183125,9.643462980644609
3,fixed5,18,False,True,True,True,0,3.4299660474061966,7.649136535460096
3,fixed5,19,False,True,True,True,1,4.270832985639572,8.068683466549068
3,fixed5,20,False,True,True,True,1,3.772241063416004,8.823161530194309
3,fixed5,21,False,True,True,True,0,4.69617173075676,9.211650737353587
3,fixed5,22,True,True,True,True,2,4.458526615053415,9.380794395733428
3,fixed5,23,False,True,True,True,0,3.878700779750943,8.719609885961392
3,fixed5,24,False,True,True,True,0,4.455579444766045,7.098183168042426
3,fixed5,25,False,True,True,True,0,3.8661714643239975,8.568179469420333
3,fixed5,26,False,True,True,True,0,5.614894442260265,10.274340233522008
3,fixed5,27,True,True,True,True,2,5.192231852561235,10.799951464684815
3,fixed5,28,False,True,True,True,0,3.128916723653674,3.930810152722304
3,fixed5,29,False,True,True,True,1,3.921808674931526,8.844675772306203
3,fixed5,30,False,True,True,True,0,3.667464479804039,6.614895204071602
3,fixed5,31,True,True,True,True,2,4.066593945026398,8.373330394099147
3,arrival,0,True,True,True,True,11,3.7664712872356176,9.402922501096977
3,arrival,1,True,True,True,True,16,4.367212764918804,10.786950199599696
3,arrival,2,True,True,True,True,13,3.3952125813812017,8.950196218567376
3,arrival,3,True,True,True,True,11,3.206726396456361,8.764903431668685
3,arrival,4,True,True,True,True,14,4.123681224882603,9.846406683905906
3,arrival,5,True,True,True,True,13,3.3909145276993513,8.83377052152263
3,arrival,6,True,False,True,True,7,33.569399267435074,95.38908323132075
3,arrival,7,True,True,True,True,14,3.2414088491350412,8.77330712566874
3,arrival,8,True,True,True,True,13,3.994950093328953,10.013200757211264
3,arrival,9,True,True,True,True,10,3.876797156408429,9.603253657000744
3,arrival,10,True,True,True,True,14,4.220657516270876,14.777612873131998
3,arrival,11,True,True,True,True,14,3.9534219540655613,8.356836341027213
3,arrival,12,True,True,True,True,12,4.143732599914074,9.110624555566282
3,arrival,13,True,True,True,True,13,3.0889289919286966,9.259835160627087
3,arrival,14,True,True,True,True,12,2.9959487728774548,8.657292093747841
3,arrival,15,True,True,True,True,13,4.920776933431625,9.849912278497415
3,arrival,16,True,True,True,True,13,3.1436695717275143,7.146727456907822
3,arrival,17,True,True,True,True,14,3.030619118362665,8.89077698788285
3,arrival,18,True,True,True,True,14,3.8082103710621595,8.192373923549768
3,arrival,19,True,True,True,True,12,3.6673422437161207,9.234220243692247
3,arrival,20,True,True,True,True,5,5.385583732277155,12.620748416268691
3,arrival,21,True,True,True,True,14,3.8212216459214687,9.490561512111057
3,arrival,22,True,True,True,True,11,3.982724156230688,8.8011836889925
3,arrival,23,True,True,True,True,14,3.7789586931467056,8.88514208181759
3,arrival,24,True,True,True,True,12,4.007920622825623,10.22646914517668
3,arrival,25,True,True,True,True,13,3.783867694437504,8.609486745973276
3,arrival,26,True,True,True,True,14,3.3208869863301516,8.441444455597098
3,arrival,27,True,True,True,True,16,3.2555698417127132,9.309674197227025
3,arrival,28,True,True,True,True,6,7.215757388621569,10.312094104159252
3,arrival,29,True,True,True,True,14,3.2457024790346622,8.334130230905151
3,arrival,30,True,True,True,True,13,3.7809982895851135,8.438119007244948
3,arrival,31,True,True,True,True,12,2.929544309154153,4.984727124675489
